"cluster_id","cluster_name","district_id","district_name","block_id","block_name","geo_cluster_id","geo_cluster_name","school_id","school_name","total_allocated","students_reviewed","gujarati_udayman","gujarati_pragatishil","gujarati_nipun","maths_udayman","maths_pragatishil","maths_nipun"
"2407120001",ADARSH PRI.SCHOOL,"2407",AHMEDABAD,"240712",AMC,"2407120001",ADARSH PRI.SCHOOL,"24070609710",VASTRAL PRI.SCHOOL,489,60,9,38,13,10,38,12
"2407120002",AMBALI PRIMARY SCHOOL,"2407",AHMEDABAD,"240712",AMC,"2407120002",AMBALI PRIMARY SCHOOL,"24070600101",AMBALI PRIMARY SCHOOL,436,60,15,19,26,11,23,26
"2407120003",AMBIKA HINDI SCHOOL NO-1,"2407",AHMEDABAD,"240712",AMC,"2407120003",AMBIKA HINDI SCHOOL NO-1,"24071203509",G.I.D.C. ODHAV HINDI SCHOOL NO - 1,671,1,0,1,0,0,0,1
"2407120004",AMRAIWADI-16,"2407",AHMEDABAD,"240712",AMC,"2407120004",AMRAIWADI-16,"24071204103",AMRAIWADI-14,337,60,9,28,23,9,25,26
"2407120005",AMRAIWADI GUJ-7,"2407",AHMEDABAD,"240712",AMC,"2407120005",AMRAIWADI GUJ-7,"24071203204",AMRAIWADI - 6,345,59,6,17,36,5,17,37
"2407120008",AMRAIWADI-H.9,"2407",AHMEDABAD,"240712",AMC,"2407120008",AMRAIWADI-H.9,"24071203610",AMRAIWADI HINDI - 1,380,0,0,0,0,0,0,0
"2407120006",AMRAIWADI HINDI-4,"2407",AHMEDABAD,"240712",AMC,"2407120006",AMRAIWADI HINDI-4,"24071203211",AMRAIWADI HINDI - 7,494,0,0,0,0,0,0,0
"2407120007",AMRAIWADI PUBLIC SCHOOL,"2407",AHMEDABAD,"240712",AMC,"2407120007",AMRAIWADI PUBLIC SCHOOL,"24074100038",ADINATHNAGAR PUBLIC SCHOOL,468,0,0,0,0,0,0,0
"2407120009",ASARWA-11,"2407",AHMEDABAD,"240712",AMC,"2407120009",ASARWA-11,"24071202013",MEGHANINAGAR - 4,371,60,16,29,15,17,25,18
"2407120010",ASARWA HINDI-1,"2407",AHMEDABAD,"240712",AMC,"2407120010",ASARWA HINDI-1,"24071201819",ASARWA HINDI 8,224,0,0,0,0,0,0,0
"2407120011",ASARWA PRI SCHOOL-3,"2407",AHMEDABAD,"240712",AMC,"2407120011",ASARWA PRI SCHOOL-3,"24071201915",ASARWA - 20,435,60,30,24,6,28,26,6
"2407120012",BADRABAD PRIMARY SCHOOL,"2407",AHMEDABAD,"240712",AMC,"2407120012",BADRABAD PRIMARY SCHOOL,"24070600503",BADRABAD (NARI) PRI SCHOOL,140,54,12,25,17,9,23,22
"2407120013",BAHERAMPURA-11,"2407",AHMEDABAD,"240712",AMC,"2407120013",BAHERAMPURA-11,"24071203902",BAHERAMPURA-2,404,60,12,40,8,11,34,15
"2407120014",BAHERAMPURA-13,"2407",AHMEDABAD,"240712",AMC,"2407120014",BAHERAMPURA-13,"24071204014",CHANDOLA GUJ SCH 2,863,60,23,30,7,19,33,8
"2407120015",BAHERAMPURA-17,"2407",AHMEDABAD,"240712",AMC,"2407120015",BAHERAMPURA-17,"24071203939",BAHERAMPURA SCHOOL NO. 23,633,60,6,28,26,4,23,33
"2407120016",BAPUNAGAR-16,"2407",AHMEDABAD,"240712",AMC,"2407120016",BAPUNAGAR-16,"24071202810",BAPUNAGAR - 13,409,59,9,21,29,12,20,27
"2407120017",BAPUNAGAR-5,"2407",AHMEDABAD,"240712",AMC,"2407120017",BAPUNAGAR-5,"24071202236",SARASPUR GUJ -26,497,60,6,18,36,5,20,35
"2407120018",BAPUNAGAR HINDI-8,"2407",AHMEDABAD,"240712",AMC,"2407120018",BAPUNAGAR HINDI-8,"24071202911",SARASPUR HINDI - 2,420,0,0,0,0,0,0,0
"2407120019",CHANDKHEDA PRI. SCHOOL,"2407",AHMEDABAD,"240712",AMC,"2407120019",CHANDKHEDA PRI. SCHOOL,"24060201701",CHANDKHEDA PAGAR KENDRA SHALA,315,60,17,18,25,19,15,26
"2407120020",CHHARODI PRI.SCHOOL,"2407",AHMEDABAD,"240712",AMC,"2407120020",CHHARODI PRI.SCHOOL,"24070603701",JAGATPUR  PRI.SCHOOL,185,57,12,24,21,10,24,23
"2407120021",DANLIMDA-1,"2407",AHMEDABAD,"240712",AMC,"2407120021",DANLIMDA-1,"24071204004",DANILIMDA-4,583,60,11,23,26,9,24,27
"2407120022",DUDHESHWAR-6,"2407",AHMEDABAD,"240712",AMC,"2407120022",DUDHESHWAR-6,"24071201701",SHAHIBAUG - 1,291,60,17,22,21,14,22,24
"2407120023",DUDHESHWAR- HINDI-1,"2407",AHMEDABAD,"240712",AMC,"2407120023",DUDHESHWAR- HINDI-1,"24071201110",NARANPURA HINDI 3,227,0,0,0,0,0,0,0
"2407120024",ELISBRIDGE SCHOOL NO-12,"2407",AHMEDABAD,"240712",AMC,"2407120024",ELISBRIDGE SCHOOL NO-12,"24071200930",ELISBRIDGE - 30,452,60,14,29,17,13,24,23
"2407120025",ELISBRIDGE SCHOOL NO-4,"2407",AHMEDABAD,"240712",AMC,"2407120025",ELISBRIDGE SCHOOL NO-4,"24071200901",ELISBRIDGE - 17,133,60,25,30,5,20,29,11
"2407120026",ELLISBRIDGE  SCHOOL NO-2,"2407",AHMEDABAD,"240712",AMC,"2407120026",ELLISBRIDGE  SCHOOL NO-2,"24071201003",ELISBRIDGE - 8,381,60,21,23,16,21,24,15
"2407120027",GHATLODIYA PRIMARY SCHOOL NO-2,"2407",AHMEDABAD,"240712",AMC,"2407120027",GHATLODIYA PRIMARY SCHOOL NO-2,"24070500117",CHANDLODIYA PRIMARY SCHOOL,731,60,13,24,23,10,25,25
"2407120028",GOTA PRI.SCHOOL,"2407",AHMEDABAD,"240712",AMC,"2407120028",GOTA PRI.SCHOOL,"24070607702",GOTA HOUSING PRI.SCHOOL,515,60,7,28,25,5,28,27
"2407120029",GYASPUR PRIMARY SCHOOL,"2407",AHMEDABAD,"240712",AMC,"2407120029",GYASPUR PRIMARY SCHOOL,"24070500901",PIPLAJ PRIMARY SCHOOL,455,60,15,25,20,10,27,23
"2407120030",HANSOL GUJ SH NO-1,"2407",AHMEDABAD,"240712",AMC,"2407120030",HANSOL GUJ SH NO-1,"24071202402",HANSOL  GUJ SH NO-2,467,60,0,19,41,0,20,40
"2407120031",ISHANPUR PUBLIC SCHOOL-1,"2407",AHMEDABAD,"240712",AMC,"2407120031",ISHANPUR PUBLIC SCHOOL-1,"24071205518",ISHANPUR PUBLIC SCHOOL NO. 2,1852,60,40,15,5,37,19,4
"2407120032",JAHANGIRPURA GUJ-1,"2407",AHMEDABAD,"240712",AMC,"2407120032",JAHANGIRPURA GUJ-1,"24071201807",JAHANGIRPURA GUJ - 1,252,60,18,28,14,15,32,13
"2407120033",JAMALPUR PRIMARY SCHOOL-4,"2407",AHMEDABAD,"240712",AMC,"2407120033",JAMALPUR PRIMARY SCHOOL-4,"24071200509",BAHERAMPURA-5,132,60,32,27,1,28,32,0
"2407120034",JAMALPUR URDU-4,"2407",AHMEDABAD,"240712",AMC,"2407120034",JAMALPUR URDU-4,"24071203921",BAHERAMPURA URDU-6,224,0,0,0,0,0,0,0
"2407120035",JASODANAGAR GUJARATI-1,"2407",AHMEDABAD,"240712",AMC,"2407120035",JASODANAGAR GUJARATI-1,"24071204202",JASODANAGAR GUJARTI-2,571,60,12,21,27,12,23,25
"2407120036",JODHPUR PRIMARY SCHOOL-2,"2407",AHMEDABAD,"240712",AMC,"2407120036",JODHPUR PRIMARY SCHOOL-2,"24070500410",JODHPUR PRIMARY SCHOOL - 1,374,60,24,30,6,27,28,5
"2407120037",KALI PRIMARY SCHOOL,"2407",AHMEDABAD,"240712",AMC,"2407120037",KALI PRIMARY SCHOOL,"24070608716",KALI PRIMARY SCHOOL,219,60,18,26,16,20,22,18
"2407120038",KANKARIYA-6,"2407",AHMEDABAD,"240712",AMC,"2407120038",KANKARIYA-6,"24071203804",KANKARIYA-6,502,60,15,33,12,14,35,11
"2407120039",KARSANNAGAR GUJ-1,"2407",AHMEDABAD,"240712",AMC,"2407120039",KARSANNAGAR GUJ-1,"24071203505",KARSANNAGAR GUJ - 2,540,60,13,24,23,15,26,19
"2407120040",KESHAVNAGAR-1,"2407",AHMEDABAD,"240712",AMC,"2407120040",KESHAVNAGAR-1,"24071201607",KESHAVNAGAR - 1,255,60,2,15,43,2,17,41
"2407120041",KHADIYA-2,"2407",AHMEDABAD,"240712",AMC,"2407120041",KHADIYA-2,"24071200213",KALUPUR-17,161,60,33,26,1,28,24,8
"2407120042",KHOKHARA GUJ-12,"2407",AHMEDABAD,"240712",AMC,"2407120042",KHOKHARA GUJ-12,"24071203799",INDRAPURI PUBLIC SCHOOL,384,60,34,23,3,30,26,4
"2407120043",KHOKHRA PUBLIC SCHOOL,"2407",AHMEDABAD,"240712",AMC,"2407120043",KHOKHRA PUBLIC SCHOOL,"24071204052",DANILIMDA PUBLIC SCHOOL,548,0,0,0,0,0,0,0
"2407120044",KUBERNAGAR GUJ-4,"2407",AHMEDABAD,"240712",AMC,"2407120044",KUBERNAGAR GUJ-4,"24071202701",CHHARA GUJ SHALA 1,303,60,31,23,6,28,26,6
"2407120045",KUMARI HINA VORA PRI. SCHOOL,"2407",AHMEDABAD,"240712",AMC,"2407120045",KUMARI HINA VORA PRI. SCHOOL,"24071204342",VATAVA GUJ SCHOOL-4,693,60,21,23,16,21,16,23
"2407120046",MANINAGAR-6,"2407",AHMEDABAD,"240712",AMC,"2407120046",MANINAGAR-6,"24071203708",MILLATNAGAR - 2,613,60,8,23,29,3,20,37
"2407120047",MILLATNAGAR URDU-1,"2407",AHMEDABAD,"240712",AMC,"2407120047",MILLATNAGAR URDU-1,"24071204016",CHANDOLA URDU SCH 2,680,0,0,0,0,0,0,0
"2407120048",NARANPURA SCHOOL NO-1,"2407",AHMEDABAD,"240712",AMC,"2407120048",NARANPURA SCHOOL NO-1,"24071201201",NARANPURA - 1,207,60,16,29,15,16,25,19
"2407120049",NARODA GUJ-1,"2407",AHMEDABAD,"240712",AMC,"2407120049",NARODA GUJ-1,"24071202705",MUTHIYA GUJ 1,393,60,15,20,25,10,21,29
"2407120050",NARODA ROAD-1,"2407",AHMEDABAD,"240712",AMC,"2407120050",NARODA ROAD-1,"24071202002",ASARWA - 9,217,60,5,26,29,5,26,29
"2407120051",NAVA VADAJ HINDI-1,"2407",AHMEDABAD,"240712",AMC,"2407120051",NAVA VADAJ HINDI-1,"24070506140",CHANKYA PRIMARY SCHOOL (HINDI MEDIUM),467,0,0,0,0,0,0,0
"2407120052",NAVA VADAJ SCHOOL NO-1,"2407",AHMEDABAD,"240712",AMC,"2407120052",NAVA VADAJ SCHOOL NO-1,"24071201307",NAVA VADAJ - 9,373,60,17,39,4,12,39,9
"2407120053",NAVA VANZAR PRI.SCHOOL,"2407",AHMEDABAD,"240712",AMC,"2407120053",NAVA VANZAR PRI.SCHOOL,"24070605602",NAVA VANZAR  PRI.SCHOOL,548,60,3,24,33,3,21,36
"2407120054",NIKOL PRI.SCHOOL,"2407",AHMEDABAD,"240712",AMC,"2407120054",NIKOL PRI.SCHOOL,"24070605805",KATHAWADA -2  PRI.SCHOOL,733,60,19,29,12,17,30,13
"2407120055",NOBAL NAGAR GUJ-3,"2407",AHMEDABAD,"240712",AMC,"2407120055",NOBAL NAGAR GUJ-3,"24071202728",NOBAL NAGAR GUJ 4,562,60,17,22,21,13,26,21
"2407120056",NOBALNAGAR HINDI SCHOOL-2,"2407",AHMEDABAD,"240712",AMC,"2407120056",NOBALNAGAR HINDI SCHOOL-2,"24071202304",KUBERNAGAR AMB  H - 2,514,0,0,0,0,0,0,0
"2407120057",ODHAV GUJ. SCHOOL-3,"2407",AHMEDABAD,"240712",AMC,"2407120057",ODHAV GUJ. SCHOOL-3,"24070605806",KATHAWADA MAIZE   PRI.SCHOOL,558,60,23,19,18,20,17,23
"2407120058",RAIKHAD-4,"2407",AHMEDABAD,"240712",AMC,"2407120058",RAIKHAD-4,"24071200506",RAIKHAD-8,106,55,25,22,8,23,22,10
"2407120059",RAJPUR-3,"2407",AHMEDABAD,"240712",AMC,"2407120059",RAJPUR-3,"24071203103",RAJPUR-11,246,60,17,32,11,10,26,24
"2407120060",RAJPUR-8,"2407",AHMEDABAD,"240712",AMC,"2407120060",RAJPUR-8,"24071203106",RAJPUR - 18,692,60,13,26,21,10,23,27
"2407120061",RAJPUR U-3,"2407",AHMEDABAD,"240712",AMC,"2407120061",RAJPUR U-3,"24071202915",BAPUNAGAR URDU - 2,1297,0,0,0,0,0,0,0
"2407120062",RAJPUR U-7,"2407",AHMEDABAD,"240712",AMC,"2407120062",RAJPUR U-7,"24071203018",GOMTIPUR U - 2,543,0,0,0,0,0,0,0
"2407120063",RAKHIYAL ENGLISH-1,"2407",AHMEDABAD,"240712",AMC,"2407120063",RAKHIYAL ENGLISH-1,"24071202656",SARDAR VALLABHBHAI PATEL ENGLISH,487,0,0,0,0,0,0,0
"2407120064",RAMOL PRIMARY SCHOOL,"2407",AHMEDABAD,"240712",AMC,"2407120064",RAMOL PRIMARY SCHOOL,"24070609304",RAMOL PRIMARY SCHOOL,467,60,16,30,14,8,35,17
"2407120065",RANIP PAGAR KENDRA SCHOOL,"2407",AHMEDABAD,"240712",AMC,"2407120065",RANIP PAGAR KENDRA SCHOOL,"24070501020",RANIP PAGAR KENDRA SCHOOL,410,60,12,36,12,12,36,12
"2407120066",RANIP PRI. SCHOOL-3,"2407",AHMEDABAD,"240712",AMC,"2407120066",RANIP PRI. SCHOOL-3,"24070501030",RANIP PRI. SCHOOL - 4,209,60,17,35,8,15,34,11
"2407120067",RANIPUR-2,"2407",AHMEDABAD,"240712",AMC,"2407120067",RANIPUR-2,"24071204302",SHAHVADI-2,463,60,26,18,16,17,31,12
"2407120068",SABARMATI PUBLIC SCHOOL ,"2407",AHMEDABAD,"240712",AMC,"2407120068",SABARMATI PUBLIC SCHOOL ,"24071201455",THALTEJ PUBLIC SCHOOL,320,0,0,0,0,0,0,0
"2407120069",SABARMATI SCHOOL NO-2 ,"2407",AHMEDABAD,"240712",AMC,"2407120069",SABARMATI SCHOOL NO-2 ,"24071201404",SABARMATI - 5,176,58,10,23,25,10,24,24
"2407120070",SABARMATI SCHOOL NO-7 ,"2407",AHMEDABAD,"240712",AMC,"2407120070",SABARMATI SCHOOL NO-7 ,"24071201407",SABARMATI - 8,329,60,8,23,29,5,35,20
"2407120071",SAIJPUR GUJ SHALA NO-5 ,"2407",AHMEDABAD,"240712",AMC,"2407120071",SAIJPUR GUJ SHALA NO-5 ,"24071202524",SAIJPUR GUJ SHALA NO 6,329,56,27,24,5,28,23,5
"2407120072",SAIJPUR PO. H.Q.GUJ SHALA-2 ,"2407",AHMEDABAD,"240712",AMC,"2407120072",SAIJPUR PO. H.Q.GUJ SHALA-2 ,"24071202602",THAKKARBAPA GUJ SHALA - 2,613,60,11,26,23,12,24,24
"2407120073",SANKLITNAGAR PRIMARY SCHOOL-2 ,"2407",AHMEDABAD,"240712",AMC,"2407120073",SANKLITNAGAR PRIMARY SCHOOL-2 ,"24070500302",GYASPUR BHATHA PRIMARY SCHOOL,719,59,18,24,17,17,28,14
"2407120074",SARASPUR-13 ,"2407",AHMEDABAD,"240712",AMC,"2407120074",SARASPUR-13 ,"24071202204",SARASPUR -11,349,60,15,41,4,15,31,14
"2407120075",SARASPUR-3 ,"2407",AHMEDABAD,"240712",AMC,"2407120075",SARASPUR-3 ,"24071202104",SARASPUR - 4,460,60,5,19,36,5,16,39
"2407120076",SARKHEJ BRANCH SCHOOL-1 ,"2407",AHMEDABAD,"240712",AMC,"2407120076",SARKHEJ BRANCH SCHOOL-1 ,"24070501203",SARKHEJ BRANCH SCHOOL - 2,369,60,28,24,8,22,29,9
"2407120078",SHAHPUR-11 ,"2407",AHMEDABAD,"240712",AMC,"2407120078",SHAHPUR-11 ,"24071200413",SHAHPUR-15,161,60,16,20,24,5,32,23
"2407120077",SHAHPUR SCHOOL NO-1 ,"2407",AHMEDABAD,"240712",AMC,"2407120077",SHAHPUR SCHOOL NO-1 ,"24071200405",SHAHPUR-6,456,60,12,27,21,9,27,24
"2407120079",SOLA PRI.SCHOOL ,"2407",AHMEDABAD,"240712",AMC,"2407120079",SOLA PRI.SCHOOL ,"24070609503",SOLA PRI.SCHOOL,534,60,10,19,31,7,21,32
"2407120080",THAKKAR HI SCHOOL-1 ,"2407",AHMEDABAD,"240712",AMC,"2407120080",THAKKAR HI SCHOOL-1 ,"24071203404",THAKKARNAGAR  HINDI  SCHOOL - 2,624,0,0,0,0,0,0,0
"2407120081",THALTEJ SCHOOL NO-1 ,"2407",AHMEDABAD,"240712",AMC,"2407120081",THALTEJ SCHOOL NO-1 ,"24070609614",THALTEJ SCHOOL NO-1,416,60,13,29,18,8,35,17
"2407120082",VASANA-1 ,"2407",AHMEDABAD,"240712",AMC,"2407120082",VASANA-1 ,"24071200833",VASANA SCHOOL NO. 8,666,60,19,37,4,17,39,4
"2407120083",VASTRAPUR PRIMARY SCHOOL ,"2407",AHMEDABAD,"240712",AMC,"2407120083",VASTRAPUR PRIMARY SCHOOL ,"24070501517",VASTRAPUR PRIMARY SCHOOL,301,60,16,30,14,6,40,14
"2407120085",VATAVA-1 ,"2407",AHMEDABAD,"240712",AMC,"2407120085",VATAVA-1 ,"24071204278",SHAHWADI HINDI SCHOOL NO 1,789,0,0,0,0,0,0,0
"2407120084",VATAVA H-1 ,"2407",AHMEDABAD,"240712",AMC,"2407120084",VATAVA H-1 ,"24071204260",RAMOL HATHIJAN HINDI PUBLIC SCHOOL,974,0,0,0,0,0,0,0
"2407120086",VEJALPUR PRIMARY SCHOOL-2 ,"2407",AHMEDABAD,"240712",AMC,"2407120086",VEJALPUR PRIMARY SCHOOL-2 ,"24070500507",MAKARBA PRIMARY SCHOOL,503,60,9,31,20,3,34,23
"2407120087",VINZOL-2 ,"2407",AHMEDABAD,"240712",AMC,"2407120087",VINZOL-2 ,"24071204204",HATHIJAN GUJARATI S.N.2,560,60,11,18,31,9,18,33
"2407100001",ADRODA,"2407",AHMEDABAD,"240710",BAVLA,"2407100001",ADRODA,"24071004001",NANODARA PRIMARY SCHOOL,309,54,7,18,29,8,23,23
"2407100002",BAGODARA,"2407",AHMEDABAD,"240710",BAVLA,"2407100002",BAGODARA,"24071000301",BAGODARA PRIMARY SCHOOL,457,60,8,29,23,3,24,33
"2407100003",BALDANA,"2407",AHMEDABAD,"240710",BAVLA,"2407100003",BALDANA,"24071000401",BALADANA PRIMARY SCHOOL,383,47,8,12,27,8,16,23
"2407100004",BHAYLA,"2407",AHMEDABAD,"240710",BAVLA,"2407100004",BHAYLA,"24071001801",JIVAN SHALA GANGAD,299,60,16,25,19,17,20,23
"2407100005",CHIYADA,"2407",AHMEDABAD,"240710",BAVLA,"2407100005",CHIYADA,"24071001001",CHIYADA PRIMARY SCHOOL,251,53,15,17,21,16,14,23
"2407100006",NAGAR,"2407",AHMEDABAD,"240710",BAVLA,"2407100006",NAGAR,"24071000605",NAGAR  PRIMARY SCHOOL,395,60,2,36,22,6,27,27
"2407100007",RAMNAGAR,"2407",AHMEDABAD,"240710",BAVLA,"2407100007",RAMNAGAR,"24071001501",DHEDHAL PRIMARY SCHOOL,338,55,7,37,11,8,40,7
"2407100008",SHIYAL 1,"2407",AHMEDABAD,"240710",BAVLA,"2407100008",SHIYAL 1,"24071001701",DURAGI PRIMARY SCHOOL,955,60,20,23,17,15,33,12
"2407060001",ANASAN,"2407",AHMEDABAD,"240706",DASCROI,"2407060001",ANASAN,"24070606401",PARDHOL  PRI.SCHOOL,404,51,16,18,17,20,16,15
"2407060003",BAKROL BUJARG,"2407",AHMEDABAD,"240706",DASCROI,"2407060003",BAKROL BUJARG,"24070600601",BAKROL BUJARG PRIMARY SCHOOL,441,60,15,17,28,10,27,23
"2407060004",BAREJA,"2407",AHMEDABAD,"240706",DASCROI,"2407060004",BAREJA,"24070600802",BAREJA KANYA PRIMARY SCHOOL,264,43,13,18,12,11,23,9
"2407060005",BIBIPURA,"2407",AHMEDABAD,"240706",DASCROI,"2407060005",BIBIPURA,"24070607206",VANCH-2  PRI.SCHOOL,335,55,9,29,17,7,31,17
"2407060007",CHAVLAJ,"2407",AHMEDABAD,"240706",DASCROI,"2407060007",CHAVLAJ,"24070606505",RANODARA  PRI.SCHOOL,138,50,6,15,29,7,15,28
"2407060009",CHUNTHAJINI MUVADI,"2407",AHMEDABAD,"240706",DASCROI,"2407060009",CHUNTHAJINI MUVADI,"24070604102",KANIYEL  PRI.SCHOOL,237,45,3,16,26,2,20,23
"2407060024",Dhamatvan,"2407",AHMEDABAD,"240706",DASCROI,"2407060024",Dhamatvan,"24070602401",DHAMATVAN  PRI.SCHOOL,474,60,14,24,22,15,20,25
"2407060011",GAMDI,"2407",AHMEDABAD,"240706",DASCROI,"2407060011",GAMDI,"24070600201",ASLALI  PRIMARY SCHOOL,421,60,8,37,15,11,40,9
"2407060012",HIRAPUR,"2407",AHMEDABAD,"240706",DASCROI,"2407060012",HIRAPUR,"24070603401",HIRAPUR  PRI.SCHOOL,386,60,19,28,13,19,29,12
"2407060013",KANBHA,"2407",AHMEDABAD,"240706",DASCROI,"2407060013",KANBHA,"24070607601",ZANU  PRI.SCHOOL,352,41,10,21,10,10,18,13
"2407060014",KHODIYAR,"2407",AHMEDABAD,"240706",DASCROI,"2407060014",KHODIYAR,"24070604801",LAPKAMAN  PRI.SCHOOL,258,56,21,30,5,26,23,7
"2407060015",KUHA,"2407",AHMEDABAD,"240706",DASCROI,"2407060015",KUHA,"24070604508",KUHA  PRI.SCHOOL,274,57,14,27,16,25,5,27
"2407060017",NANDEJ,"2407",AHMEDABAD,"240706",DASCROI,"2407060017",NANDEJ,"24070608601",NANDEJ PRI.SCH.-2,523,54,7,18,29,4,25,25
"2407060018",ODE,"2407",AHMEDABAD,"240706",DASCROI,"2407060018",ODE,"24070605301",MIROLI  PRI.SCHOOL,337,58,30,10,18,28,10,20
"2407060021",SINGRAVA,"2407",AHMEDABAD,"240706",DASCROI,"2407060021",SINGRAVA,"24070608501",SINGARAVA PRI.SCHOOL,580,60,8,23,29,8,23,29
"2407060025",VISALPUR,"2407",AHMEDABAD,"240706",DASCROI,"2407060025",VISALPUR,"24070601101",BHAT PRIMARY SCHOOL,360,59,5,23,31,4,25,30
"2407020001",BHOYANI,"2407",AHMEDABAD,"240702",DETROJ-RAMPURA,"2407020001",BHOYANI,"24070204001",KUKVAV  PRIMARY SCHOOL,191,53,1,19,33,5,15,33
"2407020002",CHHANIYAR,"2407",AHMEDABAD,"240702",DETROJ-RAMPURA,"2407020002",CHHANIYAR,"24070201101",BHANKODA  PRIMARY SCHOOL,188,50,5,24,21,6,16,28
"2407020003",DEKAWADA,"2407",AHMEDABAD,"240702",DETROJ-RAMPURA,"2407020003",DEKAWADA,"24070202003",DEKAVADA PE CENTRE PRIMARY SCH,230,51,5,21,25,6,25,20
"2407020004",DETROJ,"2407",AHMEDABAD,"240702",DETROJ-RAMPURA,"2407020004",DETROJ,"24070201902",DETROJ PRIMARY SCHOOL,403,59,7,21,31,10,19,30
"2407020005",KATOSAN ROAD,"2407",AHMEDABAD,"240702",DETROJ-RAMPURA,"2407020005",KATOSAN ROAD,"24070206301",SUVALA  PRI. SCHOOL,186,60,25,24,11,30,15,15
"2407020006",RAMPURA,"2407",AHMEDABAD,"240702",DETROJ-RAMPURA,"2407020006",RAMPURA,"24070203901",KANZ  PRI. SCHOOL,219,53,9,28,16,10,22,21
"2407020007",RUDATAL,"2407",AHMEDABAD,"240702",DETROJ-RAMPURA,"2407020007",RUDATAL,"24070202701",GUNJALA  PRIMARY SCHOOL,369,60,8,27,25,5,24,31
"2407110001",ADVAL,"2407",AHMEDABAD,"240711",DHANDHUKA,"2407110001",ADVAL,"24071100601",BAJARDA PRIMARY SCHOOL,293,50,15,16,19,14,15,21
"2407110002",FEDRA,"2407",AHMEDABAD,"240711",DHANDHUKA,"2407110002",FEDRA,"24071101901",FEDRA PRIMARY SCHOOL,183,52,9,21,22,7,15,30
"2407110003",KOTDA,"2407",AHMEDABAD,"240711",DHANDHUKA,"2407110003",KOTDA,"24071103701",KOTDA PRIMARY SCHOOL,302,60,13,25,22,8,23,29
"2407110004",PAY CENTER KUMAR SHALA - 3,"2407",AHMEDABAD,"240711",DHANDHUKA,"2407110004",PAY CENTER KUMAR SHALA - 3,"24071101608",PUNITNAGAR  PRIMARY SCHOOL,220,58,14,22,22,9,24,25
"2407110005",RANGPUR,"2407",AHMEDABAD,"240711",DHANDHUKA,"2407110005",RANGPUR,"24071102001",GALSANA PRIMARY SCHOOL,239,52,5,25,22,4,34,14
"2407110006",TAGADI,"2407",AHMEDABAD,"240711",DHANDHUKA,"2407110006",TAGADI,"24071100201",AKARU PRIMARY SCHOOL,136,53,10,25,18,9,26,18
"2407130001",BHADIYAD,"2407",AHMEDABAD,"240713",DHOLERA,"2407130001",BHADIYAD,"24071300502",BHADIYAD KUMAR PRIMARY SCHOOL,139,52,34,12,6,36,16,0
"2407130002",DHOLERA,"2407",AHMEDABAD,"240713",DHOLERA,"2407130002",DHOLERA,"24071301701",KANYA SHALA DHOLERA,210,55,14,26,15,4,32,19
"2407130003",HEBATPUR,"2407",AHMEDABAD,"240713",DHOLERA,"2407130003",HEBATPUR,"24071302801",SODHI PRIMARY SCHOOL,226,60,24,30,6,14,39,7
"2407130004",PIPLI,"2407",AHMEDABAD,"240713",DHOLERA,"2407130004",PIPLI,"24071303001",KAMATALAV PRIMARY SCHOOL,142,52,24,26,2,12,33,7
"2407130005",SANDHIDA,"2407",AHMEDABAD,"240713",DHOLERA,"2407130005",SANDHIDA,"24071304001",MINGALPUR PRIMARY SCHOOL,249,60,18,38,4,10,41,9
"2407070001",ANDHARI,"2407",AHMEDABAD,"240707",DHOLKA,"2407070001",ANDHARI,"24070706702",SEVA VISTRAN ADARSH SCHOOL SAHIJ,222,52,23,28,1,22,30,0
"2407070002",CHALODA,"2407",AHMEDABAD,"240707",DHOLKA,"2407070002",CHALODA,"24070700702",BADARKHA PRIMARY SCHOOL,368,47,7,15,25,4,20,23
"2407070003",GUNDI,"2407",AHMEDABAD,"240707",DHOLKA,"2407070003",GUNDI,"24070702501",GUNDI PRIMARY SCHOOL,149,54,15,24,15,12,32,10
"2407070004",KAUKA,"2407",AHMEDABAD,"240707",DHOLKA,"2407070004",KAUKA,"24070703401",KAUKA PRIMARY SCHOOL,271,60,3,14,43,1,9,50
"2407070005",KOTH,"2407",AHMEDABAD,"240707",DHOLKA,"2407070005",KOTH,"24070704104",KOTH KUMAR SHALA,297,54,12,29,13,10,26,18
"2407070006",KUMAR 3,"2407",AHMEDABAD,"240707",DHOLKA,"2407070006",KUMAR 3,"24070702114",KUMAR SHALA NO-3,287,60,22,28,10,16,35,9
"2407070007",KUMAR 4,"2407",AHMEDABAD,"240707",DHOLKA,"2407070007",KUMAR 4,"24070701101",BHETAWADA PRIMARY SCHOOL,247,59,13,31,15,11,29,19
"2407070008",KUMAR 5,"2407",AHMEDABAD,"240707",DHOLKA,"2407070008",KUMAR 5,"24070702109",KANYA SHALA NO-1,613,60,15,27,18,14,19,27
"2407070009",MASTARPURA,"2407",AHMEDABAD,"240707",DHOLKA,"2407070009",MASTARPURA,"24070705603",SATHAL PRIMARY SCHOOL,219,54,10,20,24,9,14,31
"2407070010",MUKHYA KUMAR,"2407",AHMEDABAD,"240707",DHOLKA,"2407070010",MUKHYA KUMAR,"24070702110",KANYA SHALA NO-2,252,60,25,28,7,38,22,0
"2407070011",NESADA,"2407",AHMEDABAD,"240707",DHOLKA,"2407070011",NESADA,"24070700201",AMBARELI PRIMARY SCHOOL,202,57,16,22,19,10,27,20
"2407070012",VALTHERA,"2407",AHMEDABAD,"240707",DHOLKA,"2407070012",VALTHERA,"24070706901",SARANDI PRIMARY SCHOOL,131,54,9,37,8,7,37,10
"2407070013",VARNA,"2407",AHMEDABAD,"240707",DHOLKA,"2407070013",VARNA,"24070707602",VATAMAN KUMAR PRIMARY SCHOOL,286,57,19,27,11,16,28,13
"2407070014",VEJALAKA,"2407",AHMEDABAD,"240707",DHOLKA,"2407070014",VEJALAKA,"24070702701",JAKHADA PRIMARY SCHOOL,135,53,4,33,16,5,26,22
"2407010001",DALOD,"2407",AHMEDABAD,"240701",MANDAL,"2407010001",DALOD,"24070100501",DALOD  PRIMARY SCHOOL,158,56,11,22,23,11,22,23
"2407010002",ENDALA,"2407",AHMEDABAD,"240701",MANDAL,"2407010002",ENDALA,"24070103101",TRENT   PRIMARY SCHOOL,155,54,4,18,32,5,12,37
"2407010003",JALISANA,"2407",AHMEDABAD,"240701",MANDAL,"2407010003",JALISANA,"24070102702",SEETAPUR PRIMARY SCHOOL,352,60,3,16,41,4,13,43
"2407010004",TALUKA SHALA,"2407",AHMEDABAD,"240701",MANDAL,"2407010004",TALUKA SHALA,"24070101803",MANDAL PRIMARY SCHOOL,360,60,12,23,25,11,19,30
"2407010005",VITHALAPUR,"2407",AHMEDABAD,"240701",MANDAL,"2407010005",VITHALAPUR,"24070103901",VITHALAPUR  PRIMARY SCHOOL,372,60,17,35,8,18,32,10
"2407040001",CHANGODAR,"2407",AHMEDABAD,"240704",SANAND,"2407040001",CHANGODAR,"24070405801",MORIYA PRIMARY SCHOOL,682,60,15,32,13,8,26,26
"2407040002",D.G.Pay Center,"2407",AHMEDABAD,"240704",SANAND,"2407040002",D.G.Pay Center,"24070407748",TALUKA SHALA-1 ENGLISH MEDIUM SCHOOL,317,0,0,0,0,0,0,0
"2407040003",KHODA,"2407",AHMEDABAD,"240704",SANAND,"2407040003",KHODA,"24070403801",KALANA PRIMARY SCHOOL,206,53,4,17,32,3,20,30
"2407040004",KHORAJ,"2407",AHMEDABAD,"240704",SANAND,"2407040004",KHORAJ,"24070409901",ZOLAPUR PRIMARY SCHOOL,516,60,17,24,19,16,21,23
"2407040005",LEKHAMBA,"2407",AHMEDABAD,"240704",SANAND,"2407040005",LEKHAMBA,"24070403701",JUVAL  PRIMARY SCHOOL,387,50,23,25,2,27,21,2
"2407040006",MODASAR,"2407",AHMEDABAD,"240704",SANAND,"2407040006",MODASAR,"24070401601",DARAN PRIMARY SCHOOL,379,60,15,19,26,10,26,24
"2407040007",NIDHARAD,"2407",AHMEDABAD,"240704",SANAND,"2407040007",NIDHARAD,"24070400501",ANDEJ PRIMARY SCHOOL,445,60,19,26,15,16,26,18
"2407040008",RETHAL,"2407",AHMEDABAD,"240704",SANAND,"2407040008",RETHAL,"24070409801",ZAMP PRIMARY SCHOOL,441,60,19,31,10,11,27,22
"2407040009",TALUKA SHALA NO - 2,"2407",AHMEDABAD,"240704",SANAND,"2407040009",TALUKA SHALA NO - 2,"24070407715",TALUKA SHALA NO - 2,291,60,13,25,22,11,29,20
"2407040010",TELAV,"2407",AHMEDABAD,"240704",SANAND,"2407040010",TELAV,"24070408601",TELAV PRIMARY SCHOOL,315,57,7,22,28,5,30,22
"2407040011",VINCHHIYA,"2407",AHMEDABAD,"240704",SANAND,"2407040011",VINCHHIYA,"24070405401",MANKOL PRIMARY SCHOOL,412,55,2,30,23,1,29,25
"2407030001",JAKHAVADA,"2407",AHMEDABAD,"240703",VIRAMGAM,"2407030001",JAKHAVADA,"24070303901",KARAKTHAL  PRIMARY SCHOOL,387,60,19,29,12,20,31,9
"2407030002",KHENGARIYA,"2407",AHMEDABAD,"240703",VIRAMGAM,"2407030002",KHENGARIYA,"24070301801",GHODA  PRIMARY SCHOOL,286,60,18,32,10,17,23,20
"2407030003",KUMARSHALA-4,"2407",AHMEDABAD,"240703",VIRAMGAM,"2407030003",KUMARSHALA-4,"24070308617",KANYA SHALA NO - 1,127,59,29,30,0,29,30,0
"2407030004",MANIPURA,"2407",AHMEDABAD,"240703",VIRAMGAM,"2407030004",MANIPURA,"24070304301",KHUDAD  PRIMARY SCHOOL,147,51,17,28,6,20,24,7
"2407030005",NILKI,"2407",AHMEDABAD,"240703",VIRAMGAM,"2407030005",NILKI,"24070300601",BHOJAWA  PRIMARY SCHOOL,269,60,14,31,15,11,26,23
"2407030006",SHAHPUR,"2407",AHMEDABAD,"240703",VIRAMGAM,"2407030006",SHAHPUR,"24070306903",SHAHPUR SCHOOL NO 2,440,60,26,20,14,11,41,8
"2407030007",TALUKASHALA,"2407",AHMEDABAD,"240703",VIRAMGAM,"2407030007",TALUKASHALA,"24070301901",HANSALPUR  PRIMARY SCHOOL,291,52,5,26,21,5,25,22
"2407030008",THORI VADGAS,"2407",AHMEDABAD,"240703",VIRAMGAM,"2407030008",THORI VADGAS,"24070307801",VADAGAS  PRIMARY SCHOOL,127,50,12,22,16,5,20,25
"2407030009",VALANA,"2407",AHMEDABAD,"240703",VIRAMGAM,"2407030009",VALANA,"24070304401",KOKTA PRIMARY SCHOOL,174,53,9,27,17,7,25,21
"2407030010",VANSAVA,"2407",AHMEDABAD,"240703",VIRAMGAM,"2407030010",VANSAVA,"24070302801",JETAPUR  PRIMARY SCHOOL,255,54,7,19,28,8,26,20
"2413010001",JALIYA PRI.SCHOOL,"2413",AMRELI,"241301",AMRELI,"2413010001",JALIYA PRI.SCHOOL,"24130102501",JALIYA PRI. SCH.,146,55,13,20,22,12,18,25
"2413010002",JASVANTGADH PRI.SCHOOL,"2413",AMRELI,"241301",AMRELI,"2413010002",JASVANTGADH PRI.SCHOOL,"24130102601",JASVANTGADH PRI.SCH.,129,60,9,19,32,11,15,34
"2413010003",KANYA SHALA-2 PRI.SCHOOL,"2413",AMRELI,"241301",AMRELI,"2413010003",KANYA SHALA-2 PRI.SCHOOL,"24130103101",KERIYANAGAS PRI. SCH.,277,60,9,9,42,7,10,43
"2413010004",MANEKPARA PRI.SCHOOL,"2413",AMRELI,"241301",AMRELI,"2413010004",MANEKPARA PRI.SCHOOL,"24130101801",FATTEPUR PRI. SCH.,298,60,18,19,23,22,17,21
"2413010005",MOTA GOKHARVALA,"2413",AMRELI,"241301",AMRELI,"2413010005",MOTA GOKHARVALA,"24130101501",DEVALIA PRI. SCH.,144,51,4,14,33,3,14,34
"2413010006",MOTA MACHIYALA PRI.SCHOOL,"2413",AMRELI,"241301",AMRELI,"2413010006",MOTA MACHIYALA PRI.SCHOOL,"24130105902",SHEDUBHAR PLOT SHALA,160,50,13,6,31,12,16,22
"2413010007",NANA BHANDARIYA PRI.SCHOOL,"2413",AMRELI,"241301",AMRELI,"2413010007",NANA BHANDARIYA PRI.SCHOOL,"24130100301",PAY CEN. SHL. MOTA AKDIA,154,60,9,26,25,6,29,25
"2413010008",PRATAPPARA PRI.SCHOOL,"2413",AMRELI,"241301",AMRELI,"2413010008",PRATAPPARA PRI.SCHOOL,"24130102401",MADAD SHREE ISHWARIYA PRI. SCH.,279,60,13,16,31,10,20,30
"2413010009",VANKIYA PRI.SCHOOL,"2413",AMRELI,"241301",AMRELI,"2413010009",VANKIYA PRI.SCHOOL,"24130106801",VANKIYA PRI. SCH.,213,54,13,16,25,8,18,28
"2413020001",BABARA TALUKA SHALA,"2413",AMRELI,"241302",BABARA,"2413020001",BABARA TALUKA SHALA,"24130200301",KANYA SHALA,273,55,5,25,25,3,26,26
"2413020002",CHAMARDI PAY CENTER,"2413",AMRELI,"241302",BABARA,"2413020002",CHAMARDI PAY CENTER,"24130200701",CHAMARDI PAY CENTER SCHOOL,303,60,15,21,24,15,29,16
"2413020003",CHARKHA PRI.SCHOOL,"2413",AMRELI,"241302",BABARA,"2413020003",CHARKHA PRI.SCHOOL,"24130204101",NILAVALA PRI. SCHOOL,294,44,10,18,16,5,23,16
"2413020004",DARED PRI.SCHOOL,"2413",AMRELI,"241302",BABARA,"2413020004",DARED PRI.SCHOOL,"24130203201",KUNDAL NANI PRI. SCHOOL,252,57,3,30,24,4,25,28
"2413020005",KHAMBHALA PAY CENTER,"2413",AMRELI,"241302",BABARA,"2413020005",KHAMBHALA PAY CENTER,"24130205001",SUKHPUR PRI. SCHOOL,324,55,6,23,26,3,20,32
"2413020006",KOTDA PITHA KANYA PAY CENTER,"2413",AMRELI,"241302",BABARA,"2413020006",KOTDA PITHA KANYA PAY CENTER,"24130202301",KALORANA PRI. SCHOOL,286,55,13,20,22,9,19,27
"2413020007",MOTA DEVALIYA KANYA PAY CENTER,"2413",AMRELI,"241302",BABARA,"2413020007",MOTA DEVALIYA KANYA PAY CENTER,"24130201003",MOTA DEVALIYA PAY CENTER SCHOOL,261,60,19,19,22,23,19,18
"2413030001",BAGASARA SHALA 1,"2413",AMRELI,"241303",BAGASARA,"2413030001",BAGASARA SHALA 1,"24130300203",NATVARNAGAR PRI. SCHOOL,207,60,16,32,12,9,34,17
"2413030002",HADALA PRI.SCHOOL,"2413",AMRELI,"241303",BAGASARA,"2413030002",HADALA PRI.SCHOOL,"24130303101",VAGHANIYA JUNA PAY CENTER SCH.,143,54,9,10,35,4,16,34
"2413030003",HAMAPUR PAY CENTER,"2413",AMRELI,"241303",BAGASARA,"2413030003",HAMAPUR PAY CENTER,"24130301101",HAMAPUR PRI. SCHOOL,144,49,22,12,15,12,17,20
"2413030004",JUNI HALIYAD PAY CENTER,"2413",AMRELI,"241303",BAGASARA,"2413030004",JUNI HALIYAD PAY CENTER,"24130300901",HALIYAD JUNI PAY CENTER SCHOOL,213,57,3,12,42,2,20,35
"2413030005",TALUKA SHALA BAGASARA,"2413",AMRELI,"241303",BAGASARA,"2413030005",TALUKA SHALA BAGASARA,"24130300207",SCHOOL NO. 4,206,45,16,15,14,15,16,14
"2413040001",BHADER KUMAR PRI.SCHOOL,"2413",AMRELI,"241304",DHARI,"2413040001",BHADER KUMAR PRI.SCHOOL,"24130405701",MALASHIKA PRI. SCHOOL,127,26,10,11,5,11,7,8
"2413040002",CHALALA KUMAR PRI.SCHOOL,"2413",AMRELI,"241304",DHARI,"2413040002",CHALALA KUMAR PRI.SCHOOL,"24130400804",DANEV SOCIETY PRI. SCHOOL,206,55,16,20,19,13,22,20
"2413040003",DALKHANIYA PRI.SCHOOL,"2413",AMRELI,"241304",DHARI,"2413040003",DALKHANIYA PRI.SCHOOL,"24130401601",DALAKHANIYA PRI. SCHOOL,218,49,9,32,8,8,25,16
"2413040004",DEVLA PRI.SCHOOL,"2413",AMRELI,"241304",DHARI,"2413040004",DEVLA PRI.SCHOOL,"24130401201",CHHATADIYA PRI. SCHOOL,126,51,16,27,8,15,24,12
"2413040005",DHARGANIYA KANYA SHALA,"2413",AMRELI,"241304",DHARI,"2413040005",DHARGANIYA KANYA SHALA,"24130402201",DITALA PRI. SCHOOL,83,55,23,17,15,16,26,13
"2413040006",JIRA PRI.SCHOOL,"2413",AMRELI,"241304",DHARI,"2413040006",JIRA PRI.SCHOOL,"24130404801",KHISARI PRI. SCHOOL,114,51,14,23,14,11,25,15
"2413040007",MITHAPUR DUNGRI,"2413",AMRELI,"241304",DHARI,"2413040007",MITHAPUR DUNGRI,"24130406001",MITHPUR DUNGARI PRI. SCHOOL,293,60,21,20,19,14,28,18
"2413040008",NAVI VASAHAT PRI.SCHOOL,"2413",AMRELI,"241304",DHARI,"2413040008",NAVI VASAHAT PRI.SCHOOL,"24130403401",HARIPARA PRI. SCHOOL,244,54,8,32,14,8,24,22
"2413040009",S.N.DAMANI PRI.SCHOOL,"2413",AMRELI,"241304",DHARI,"2413040009",S.N.DAMANI PRI.SCHOOL,"24130407101",PREMPARA  PRI. SCHOOL,344,54,13,28,13,10,29,15
"2413050001",LUNSAPUR PAY CENTER,"2413",AMRELI,"241305",JAFRABAD,"2413050001",LUNSAPUR PAY CENTER,"24130500101",BABARKOT PRI. SCHOOL,496,60,23,13,24,21,20,19
"2413050002",NAGESHREE KUMAR PAY CENTER,"2413",AMRELI,"241305",JAFRABAD,"2413050002",NAGESHREE KUMAR PAY CENTER,"24130503001",NAGESHRI KUMAR PRI. SCHOOL,202,50,18,18,14,14,25,11
"2413050003",ROHISA PAY CENTER,"2413",AMRELI,"241305",JAFRABAD,"2413050003",ROHISA PAY CENTER,"24130503301",ROHISA PAY CENTER PRI. SCHOOL,510,44,29,15,0,13,29,2
"2413050004",TALUKA PAY CENTER JAFRABAD,"2413",AMRELI,"241305",JAFRABAD,"2413050004",TALUKA PAY CENTER JAFRABAD,"24130501607",NUTAN PRI. SCHOOL,354,53,17,30,6,17,19,17
"2413050005",TIMBI KUMAR PAY CENTER,"2413",AMRELI,"241305",JAFRABAD,"2413050005",TIMBI KUMAR PAY CENTER,"24130503902",VALIBAI KANYA PRI. SCHOOL,253,55,11,17,27,9,15,31
"2413060001",DEDAN KUMAR SHALA,"2413",AMRELI,"241306",KHAMBHA,"2413060001",DEDAN KUMAR SHALA,"24130601501",DEDAN KUMAR PRI SCHOOL,283,55,26,26,3,22,21,12
"2413060002",INGORALA PRI.SCHOOL,"2413",AMRELI,"241306",KHAMBHA,"2413060002",INGORALA PRI.SCHOOL,"24130604801",SAMADHIYALA MOTA PRI. SCHOOL,147,53,11,18,24,11,16,26
"2413060003",KHADADHAR PRI.SCHOOL,"2413",AMRELI,"241306",KHAMBHA,"2413060003",KHADADHAR PRI.SCHOOL,"24130601001",BORALA PRI SCHOOL,168,47,16,30,1,24,21,2
"2413060004",KHAMBHA KUMAR SHALA,"2413",AMRELI,"241306",KHAMBHA,"2413060004",KHAMBHA KUMAR SHALA,"24130603008",NAVI VASAHAT PRI. SCHOOL,201,51,17,14,20,18,14,19
"2413060005",RABARIKA PRI SCHOOL,"2413",AMRELI,"241306",KHAMBHA,"2413060005",RABARIKA PRI SCHOOL,"24130602301",JAMKA PRI. SCHOOL,281,51,17,21,13,18,25,8
"2413060006",TANTANIYA PRI.SCHOOL,"2413",AMRELI,"241306",KHAMBHA,"2413060006",TANTANIYA PRI.SCHOOL,"24130604101",PIPALAVA PRI. SCHOOL,116,41,3,11,27,2,13,26
"2413060007",TRAKUDA PRI.SCHOOL,"2413",AMRELI,"241306",KHAMBHA,"2413060007",TRAKUDA PRI.SCHOOL,"24130600401",BARMAN MOTA PRI SCHOOL,153,52,11,34,7,13,21,18
"2413070001",KUNKAVAV 1 PAY SHALA,"2413",AMRELI,"241307",KUKAVAV,"2413070001",KUNKAVAV 1 PAY SHALA,"24130702701",NANI KUKAVAV  PRI.SCH.,176,60,15,23,22,7,24,29
"2413070002",LUNIDHAR PAY CENTER,"2413",AMRELI,"241307",KUKAVAV,"2413070002",LUNIDHAR PAY CENTER,"24130701401",DEVGAM  PRI.SCH.,149,55,12,19,24,14,25,16
"2413070003",MONGHIBA KANYASHALA,"2413",AMRELI,"241307",KUKAVAV,"2413070003",MONGHIBA KANYASHALA,"24130704507",MONGHIBAI KANYA SHALA VADIYA,167,55,11,22,22,8,19,28
"2413070004",MOTA UJADA PAY CENTER,"2413",AMRELI,"241307",KUKAVAV,"2413070004",MOTA UJADA PAY CENTER,"24130703701",SANALI PRI.SCH.,125,60,10,13,37,9,13,38
"2413070005",VADIYA-1 PAY SHALA,"2413",AMRELI,"241307",KUKAVAV,"2413070005",VADIYA-1 PAY SHALA,"24130704506",SADAGURU (MAFAT PLOT) PRI.SCH.,138,59,12,24,23,9,26,24
"2413080001",DAMNAGAR-1 PRI.SCHOOL,"2413",AMRELI,"241308",LATHI,"2413080001",DAMNAGAR-1 PRI.SCHOOL,"24130801301",DAMNAGAR PAY CEN. SCH. 1,236,54,6,24,24,3,29,22
"2413080002",DAMNAGAR 2 PRI.SCHOOL,"2413",AMRELI,"241308",LATHI,"2413080002",DAMNAGAR 2 PRI.SCHOOL,"24130801304",PM SHRI DAMNAGAR PAY CEN. SCH. 2,266,59,11,24,24,6,32,21
"2413080003",LATHI KANYA SHALA,"2413",AMRELI,"241308",LATHI,"2413080003",LATHI KANYA SHALA,"24130803001",P.M.SHRI KANYA SHALA LATHI,272,60,9,21,30,13,14,33
"2413080004",MATIRALA PRI.SCHOOL,"2413",AMRELI,"241308",LATHI,"2413080004",MATIRALA PRI.SCHOOL,"24130800201",AKALA PRI. SCH.,175,53,10,15,28,10,16,27
"2413080005",PIPALAVA PRI.SCHOOL,"2413",AMRELI,"241308",LATHI,"2413080005",PIPALAVA PRI.SCHOOL,"24130801401",DERDI JANBAI PRI. SCH.,224,53,18,23,12,10,26,17
"2413080006",TALUKA SHALA LATHI,"2413",AMRELI,"241308",LATHI,"2413080006",TALUKA SHALA LATHI,"24130803003",TALUKA PAY CENTER SHALA NO-1 LATHI,261,59,10,24,25,5,24,30
"2413090001",KRANKACH KUMAR SHALA,"2413",AMRELI,"241309",LILIYA,"2413090001",KRANKACH KUMAR SHALA,"24130900701",BHORINGDA PRI. SCH.,91,51,5,12,34,9,14,28
"2413090002",LILIYA KANYA SHALA,"2413",AMRELI,"241309",LILIYA,"2413090002",LILIYA KANYA SHALA,"24130902304",KANYA SHALA,245,53,10,20,23,9,20,24
"2413090003",LILIYA KUMAR SHALA,"2413",AMRELI,"241309",LILIYA,"2413090003",LILIYA KUMAR SHALA,"24130903201",SALDI PRI. SCH.,209,60,18,20,22,20,22,18
"2413090004",PANCHTALAVADA KUMAR SHALA,"2413",AMRELI,"241309",LILIYA,"2413090004",PANCHTALAVADA KUMAR SHALA,"24130901201",GUNDRAN PRI. SCH.,138,53,18,14,21,15,14,24
"2413100001",BHERAI PRI.SCHOOL,"2413",AMRELI,"241310",RAJULA,"2413100001",BHERAI PRI.SCHOOL,"24131005801",RAMAPARA NO. 2 PRI. SCH.,317,48,4,15,29,2,19,27
"2413100002",DANTARDI PRI.SCHOOL,"2413",AMRELI,"241310",RAJULA,"2413100002",DANTARDI PRI.SCHOOL,"24131001201",CHANCH PRI. SCH.,723,60,38,12,10,22,29,9
"2413100003",DEVKA PRI.SCHOOL,"2413",AMRELI,"241310",RAJULA,"2413100003",DEVKA PRI.SCHOOL,"24131002302",DUNGAR KANYA SCHOOL,176,52,18,17,17,15,20,17
"2413100004",KOTDI PRI.SCHOOL,"2413",AMRELI,"241310",RAJULA,"2413100004",KOTDI PRI.SCHOOL,"24131003801",KOTADI PRI. SCH.,328,58,27,21,10,17,28,13
"2413100005",MANDAL PRI.SCHOOL,"2413",AMRELI,"241310",RAJULA,"2413100005",MANDAL PRI.SCHOOL,"24131004801",MORANGI PRI. SCH.,210,58,21,27,10,23,26,9
"2413100006",RAJULA KANYA SHALA-1,"2413",AMRELI,"241310",RAJULA,"2413100006",RAJULA KANYA SHALA-1,"24131005617",SHRI SARASVATI VIDHY MANDIR,327,59,15,30,14,22,24,13
"2413100007",RAJULA KUMAR SHALA-2,"2413",AMRELI,"241310",RAJULA,"2413100007",RAJULA KUMAR SHALA-2,"24131002901",KADIYALI PRI. SCH.,176,47,5,20,22,2,18,27
"2413100008",VAVERA PRI.SCHOOL,"2413",AMRELI,"241310",RAJULA,"2413100008",VAVERA PRI.SCHOOL,"24131006801",VAVERA PRI. SCH.,208,54,30,16,8,20,28,6
"2413110001",AMBARADI PRI.SCHOOL,"2413",AMRELI,"241311",SAVARKUNDLA,"2413110001",AMBARADI PRI.SCHOOL,"24131107201",AMBARDI PRI. SCH..,252,45,12,16,17,11,19,15
"2413110002",BADHADA PRI.SCHOOL,"2413",AMRELI,"241311",SAVARKUNDLA,"2413110002",BADHADA PRI.SCHOOL,"24131107302",MITILIYA PRI. SCH.,151,51,10,31,10,8,23,20
"2413110003",BHUVA PRI.SCHOOL,"2413",AMRELI,"241311",SAVARKUNDLA,"2413110003",BHUVA PRI.SCHOOL,"24131100601",BHUVA  PRI. SCH.,130,47,4,19,24,5,22,20
"2413110004",BRANCH SHALA NO 2 SAVARKUNDLA-1,"2413",AMRELI,"241311",SAVARKUNDLA,"2413110004",BRANCH SHALA NO 2 SAVARKUNDLA-1,"24131108604",BRANCH SHALAL NO.4,488,60,12,20,28,12,21,27
"2413110005",BRANCH SHALA NO 3 SAVARKUNDLA-2,"2413",AMRELI,"241311",SAVARKUNDLA,"2413110005",BRANCH SHALA NO 3 SAVARKUNDLA-2,"24131108625",BRANCH SHALA NO.9,427,60,14,23,23,21,20,19
"2413110006",GADHAKADA PRI.SCHOOL,"2413",AMRELI,"241311",SAVARKUNDLA,"2413110006",GADHAKADA PRI.SCHOOL,"24131108301",GADHAKADA PAY CENTER,186,53,10,35,8,12,32,9
"2413110007",KHADASALI PRI.SCHOOL,"2413",AMRELI,"241311",SAVARKUNDLA,"2413110007",KHADASALI PRI.SCHOOL,"24131105801",MADHADA PRI. SCH.,141,51,13,24,14,14,24,13
"2413110008",MOTA BHAMODRA PRI.SCHOOL,"2413",AMRELI,"241311",SAVARKUNDLA,"2413110008",MOTA BHAMODRA PRI.SCHOOL,"24131101401",GHOBA  PRI. SCH.,185,52,4,29,19,9,23,20
"2413110009",PITHAVADI PRI.SCHOOL,"2413",AMRELI,"241311",SAVARKUNDLA,"2413110009",PITHAVADI PRI.SCHOOL,"24131103102",MOTAZINZUDA  PRI. SCH.,323,52,10,24,18,7,20,25
"2413110010",VANDA PRI.SCHOOL,"2413",AMRELI,"241311",SAVARKUNDLA,"2413110010",VANDA PRI.SCHOOL,"24131102001",VANDA PAY CENTRE SHALA,341,59,10,25,24,9,26,24
"2413110011",VIJAPADI PRI.SCHOOL,"2413",AMRELI,"241311",SAVARKUNDLA,"2413110011",VIJAPADI PRI.SCHOOL,"24131108201",VIJAPADI K.V.P. SCHOOL,371,58,6,33,19,7,34,17
"2415010021",ADAS KUMAR,"2415",ANAND,"241501",ANAND,"2415010021",ADAS KUMAR,"24150104101",SUNDAN PRIMARY SCHOOL,182,50,13,22,15,13,27,10
"2415010001",ANAND-14,"2415",ANAND,"241501",ANAND,"2415010001",ANAND-14,"24150100407",ANAND SHALA NO 7,187,54,6,18,30,6,12,36
"2415010002",ANAND-17,"2415",ANAND,"241501",ANAND,"2415010002",ANAND-17,"24150100421",ANAND SHALA NO 21,208,60,42,18,0,21,31,8
"2415010003",ANAND-6,"2415",ANAND,"241501",ANAND,"2415010003",ANAND-6,"24150100404",ANAND SHALA NO 4,176,60,15,29,16,11,20,29
"2415010014",BAKROL KANYA,"2415",ANAND,"241501",ANAND,"2415010014",BAKROL KANYA,"24150100702",N.P.SCHOOL NO. 28 BAKROL KANYA,190,58,11,33,14,5,38,15
"2415010004",CHIKHODRA KUMAR,"2415",ANAND,"241501",ANAND,"2415010004",CHIKHODRA KUMAR,"24150101001",CHIKHODRA KUMAR SHALA,241,53,5,22,26,2,18,33
"2415010005",GAMDI KUMAR,"2415",ANAND,"241501",ANAND,"2415010005",GAMDI KUMAR,"24150104401",SENIOR BASIC KHETI SHALA,239,57,15,20,22,16,25,16
"2415010006",JITODIYA,"2415",ANAND,"241501",ANAND,"2415010006",JITODIYA,"24150102805",EIMCO ELECON PRIMARY SCHOOL,246,60,11,30,19,7,34,19
"2415010007",KARAMSAD KUMAR,"2415",ANAND,"241501",ANAND,"2415010007",KARAMSAD KUMAR,"24150101806",KARAMSAD RAILWAY STATION SHALA,244,59,23,27,9,6,31,22
"2415010008",KASOR KANYA,"2415",ANAND,"241501",ANAND,"2415010008",KASOR KANYA,"24150103201",RAHTALAV PRIMARY SCHOOL,174,50,37,12,1,29,20,1
"2415010009",KHAMBHODAJ KUMAR,"2415",ANAND,"241501",ANAND,"2415010009",KHAMBHODAJ KUMAR,"24150102203",KHANPUR  PRIMARY SCHOOL,153,50,17,17,16,15,28,7
"2415010010",KUNJARAV KUMAR,"2415",ANAND,"241501",ANAND,"2415010010",KUNJARAV KUMAR,"24150104201",TRANOL PRIMARY SCHOOL,195,54,4,14,36,4,14,36
"2415010011",LAMBHVEL,"2415",ANAND,"241501",ANAND,"2415010011",LAMBHVEL,"24150102501",LAMBHVEL  PRIMARY SCHOOL,165,55,17,33,5,14,30,11
"2415010013",MOGAR KUMAR,"2415",ANAND,"241501",ANAND,"2415010013",MOGAR KUMAR,"24150103401",RAMNAGAR PRIMARY SCHOOL,238,52,5,10,37,6,13,33
"2415010015",NADANIYACHARA,"2415",ANAND,"241501",ANAND,"2415010015",NADANIYACHARA,"24150100906",PATAKNAGAR  PRIMARY SCHOOL,196,53,8,23,22,1,31,21
"2415010016",NAPAD KUMAR,"2415",ANAND,"241501",ANAND,"2415010016",NAPAD KUMAR,"24150102904",NAPAD TADPAD KUMAR SHALA,130,56,17,23,16,18,20,18
"2415010017",NAVLI KUMAR,"2415",ANAND,"241501",ANAND,"2415010017",NAVLI KUMAR,"24150104801",KHETI SHALA VANSKHILIYA,245,57,6,20,31,6,28,23
"2415010018",ODE KUMAR,"2415",ANAND,"241501",ANAND,"2415010018",ODE KUMAR,"24150100603",ODE KANYA SHALA,234,50,12,19,19,3,23,24
"2415010019",SAMARKHA KUMAR,"2415",ANAND,"241501",ANAND,"2415010019",SAMARKHA KUMAR,"24150103701",SADANAPURA PRIMARY SCHOOL,144,52,4,28,20,5,20,27
"2415010020",SARSA KUMAR,"2415",ANAND,"241501",ANAND,"2415010020",SARSA KUMAR,"24150104002",SARSA KANYA SHALA,182,52,12,16,24,12,22,18
"2415010022",VADOD KUMAR,"2415",ANAND,"241501",ANAND,"2415010022",VADOD KUMAR,"24150101401",HADGUD GUJARATI SHALA,566,60,1,12,47,1,14,45
"2415010023",VALASAN,"2415",ANAND,"241501",ANAND,"2415010023",VALASAN,"24150104601",VALASAN PRIMARY SCHOOL,218,58,7,21,30,6,26,26
"2415010024",VASAD KUMAR,"2415",ANAND,"241501",ANAND,"2415010024",VASAD KUMAR,"24150104501",VAHERAKHADI PRIMARY SCHOOL,417,57,12,24,21,9,30,18
"2415010012",VIDYANAGAR,"2415",ANAND,"241501",ANAND,"2415010012",VIDYANAGAR,"24150101809",SAJNATALAVADI  PRIMARY SCHOOL,246,57,0,20,37,0,16,41
"2415020001",AMBALI,"2415",ANAND,"241502",ANKLAV,"2415020001",AMBALI,"24150200101",AMBALI PRIMARY SCHOOL,178,52,12,22,18,8,25,19
"2415020002",ANKLAV BRANCH,"2415",ANAND,"241502",ANKLAV,"2415020002",ANKLAV BRANCH,"24150200301",AMROL PRIMARY SCHOOL,201,51,10,17,24,7,24,20
"2415020003",ANKLAV MUKHYA,"2415",ANAND,"241502",ANKLAV,"2415020003",ANKLAV MUKHYA,"24150202301",KOSINDRA PRIMARY SCHOOL,201,57,12,27,18,10,31,16
"2415020004",ASODAR,"2415",ANAND,"241502",ANKLAV,"2415020004",ASODAR,"24150202701",MUJKUVA PRIMARY SCHOOL,198,51,10,19,22,5,22,24
"2415020005",BAMANGAM,"2415",ANAND,"241502",ANKLAV,"2415020005",BAMANGAM,"24150201401",GAMBHIRA KUMAR PRIMARY SCHOOL,251,53,17,21,15,9,35,9
"2415020006",BHETASI,"2415",ANAND,"241502",ANKLAV,"2415020006",BHETASI,"24150201001",BHETASI MAIN PRIMARY SCHOOL,294,55,7,22,26,12,27,16
"2415020007",KHADOL (H),"2415",ANAND,"241502",ANKLAV,"2415020007",KHADOL (H),"24150202002",RANCHHODPURA PRIMARY SCHOOL,149,52,6,21,25,9,13,30
"2415020008",NAVAKHAL,"2415",ANAND,"241502",ANKLAV,"2415020008",NAVAKHAL,"24150203001",NAVAKHAL PRIMARY SCHOOL,264,57,9,28,20,4,31,22
"2415020009",UMETA,"2415",ANAND,"241502",ANKLAV,"2415020009",UMETA,"24150201601",HATHIPURA PRIMARY SCHOOL,271,52,15,24,13,4,32,16
"2415030006",BADALPUR,"2415",ANAND,"241503",BORSAD,"2415030006",BADALPUR,"24150300301",BADALPUR PRIMARY SCHOOL,323,58,17,24,17,11,22,25
"2415030007",BANEJDA,"2415",ANAND,"241503",BORSAD,"2415030007",BANEJDA,"24150302901",KANDHROTI PRIMARY SCHOOL,103,50,4,28,18,8,29,13
"2415030019",BHADRAN KUMAR,"2415",ANAND,"241503",BORSAD,"2415030019",BHADRAN KUMAR,"24150300602",SANGDEV PRIMARY SCHOOL,146,55,12,31,12,15,28,12
"2415030001",BOCHASAN,"2415",ANAND,"241503",BORSAD,"2415030001",BOCHASAN,"24150300701",BOCHASAN PRIMARY SCHOOL,195,51,7,22,22,4,38,9
"2415030008",BODAL KANYA,"2415",ANAND,"241503",BORSAD,"2415030008",BODAL KANYA,"24150303201",KASUMBAD PRIMARY SCHOOL,179,50,10,35,5,9,30,11
"2415030009",BRANCH -3 KUMAR,"2415",ANAND,"241503",BORSAD,"2415030009",BRANCH -3 KUMAR,"24150300923",BRANCH -2 KANYA SHALA,317,50,8,28,14,7,21,22
"2415030010",CHUVA,"2415",ANAND,"241503",BORSAD,"2415030010",CHUVA,"24150302301",GOREL PRIMARY SCHOOL,192,55,9,33,13,8,23,24
"2415030011",DAHEVAN,"2415",ANAND,"241503",BORSAD,"2415030011",DAHEVAN,"24150301405",DAHEVAN PRIMARY SCHOOL,326,57,11,21,25,6,20,31
"2415030012",DAVOL KUMAR,"2415",ANAND,"241503",BORSAD,"2415030012",DAVOL KUMAR,"24150301604",PIPLIYAPURA PRIMARY SCHOOL,126,50,1,19,30,1,20,29
"2415030013",JANTRAL,"2415",ANAND,"241503",BORSAD,"2415030013",JANTRAL,"24150302601",JANTRAL PRIMARY SCHOOL,302,54,22,22,10,12,28,14
"2415030002",KANBHA,"2415",ANAND,"241503",BORSAD,"2415030002",KANBHA,"24150302801",KANBHA PRIMARY SCHOOL,139,52,13,34,5,7,38,7
"2415030014",KATHANA KUMAR,"2415",ANAND,"241503",BORSAD,"2415030014",KATHANA KUMAR,"24150302701",ADARSH PRIMARY SCHOOL KALU,254,54,16,25,13,11,26,17
"2415030015",KAVITHA KUMAR,"2415",ANAND,"241503",BORSAD,"2415030015",KAVITHA KUMAR,"24150301701",ADARSH SHALA DEDARDA,229,51,5,16,30,1,18,32
"2415030003",KHEDASA,"2415",ANAND,"241503",BORSAD,"2415030003",KHEDASA,"24150306204",VALVOD KANYA SHALA,211,53,5,26,22,4,36,13
"2415030004",KINKHLOD,"2415",ANAND,"241503",BORSAD,"2415030004",KINKHLOD,"24150303801",KINKHLOD PRIMARY SCHOOL,252,53,4,27,22,3,32,18
"2415030016",MUKHY KANYA,"2415",ANAND,"241503",BORSAD,"2415030016",MUKHY KANYA,"24150300933",ISHVARKRUPA PRIMARY SCHOOL,232,57,16,28,13,13,30,14
"2415030017",NAPA KANYA,"2415",ANAND,"241503",BORSAD,"2415030017",NAPA KANYA,"24150304305",EKATANAGAR PRIMARY SCHOOL,226,54,10,24,20,8,30,16
"2415030018",PAMOL,"2415",ANAND,"241503",BORSAD,"2415030018",PAMOL,"24150304101",NAMAN PRIMARY SCHOOL,197,53,5,22,26,4,25,24
"2415030020",SISVA,"2415",ANAND,"241503",BORSAD,"2415030020",SISVA,"24150305701",UMLAV PRIMARY SCHOOL,260,50,15,13,22,12,16,22
"2415030021",VASNA BORSAD,"2415",ANAND,"241503",BORSAD,"2415030021",VASNA BORSAD,"24150304501",NISRAYA PRIMARY SCHOOL,142,51,9,19,23,7,20,24
"2415030005",VIRSAD KUMAR,"2415",ANAND,"241503",BORSAD,"2415030005",VIRSAD KUMAR,"24150304801",NARSINHBHAI J PATEL,126,54,14,30,10,14,32,8
"2415030022",ZAROLA KUMAR,"2415",ANAND,"241503",BORSAD,"2415030022",ZAROLA KUMAR,"24150303401",ADARSH SHALA KATHOL,191,53,5,36,12,5,30,18
"2415040002",BAMNAVA,"2415",ANAND,"241504",KHAMBHAT,"2415040002",BAMNAVA,"24150400701",FINAV  PRIMARY SCHOOL,207,53,13,21,19,11,26,16
"2415040004",BRANCH-1,"2415",ANAND,"241504",KHAMBHAT,"2415040004",BRANCH-1,"24150402217",KATAKPUR  PRIMARY SCHOOL,163,52,11,18,23,8,27,17
"2415040003",BRANCH -6,"2415",ANAND,"241504",KHAMBHAT,"2415040003",BRANCH -6,"24150402227",ONGC  PRIMARY SCHOOL,383,58,11,24,23,19,27,12
"2415040006",DAHEDA,"2415",ANAND,"241504",KHAMBHAT,"2415040006",DAHEDA,"24150400501",DAHEDA  PRIMARY SCHOOL,267,55,29,17,9,28,22,5
"2415040007",JINAJ,"2415",ANAND,"241504",KHAMBHAT,"2415040007",JINAJ,"24150401501",JINAJ  PRIMARY SCHOOL,152,45,19,16,10,15,20,10
"2415040015",KALAMSAR,"2415",ANAND,"241504",KHAMBHAT,"2415040015",KALAMSAR,"24150401601",VIJAY KUMAR  PRIMARY SCHOOL KALAMSAR,258,56,6,13,37,8,18,30
"2415040001",KANISA,"2415",ANAND,"241504",KHAMBHAT,"2415040001",KANISA,"24150404901",TIMBA  PRIMARY SCHOOL,250,50,11,19,20,9,21,20
"2415040009",NAGRA KUMAR,"2415",ANAND,"241504",KHAMBHAT,"2415040009",NAGRA KUMAR,"24150403101",NAGRA KUMAR SHALA,172,51,19,11,21,8,23,20
"2415040010",PANDAD,"2415",ANAND,"241504",KHAMBHAT,"2415040010",PANDAD,"24150405101",VADGAM  PRIMARY SCHOOL,245,55,14,24,17,13,25,17
"2415040008",PIPLOI,"2415",ANAND,"241504",KHAMBHAT,"2415040008",PIPLOI,"24150401401",JALUNDH PRIMARY SCHOOL,197,53,19,19,15,9,17,27
"2415040011",RALEJ,"2415",ANAND,"241504",KHAMBHAT,"2415040011",RALEJ,"24150404001",RALEJ PRIMARY SCHOOL,315,56,18,17,21,22,17,17
"2415040012",RATNESVAR,"2415",ANAND,"241504",KHAMBHAT,"2415040012",RATNESVAR,"24150400604",RATNESVAR  PRIMARY SCHOOL,270,52,5,24,23,5,22,25
"2415040013",SHAKARPUR,"2415",ANAND,"241504",KHAMBHAT,"2415040013",SHAKARPUR,"24150402801",METPUR  PRIMARY SCHOOL,385,51,8,19,24,7,19,25
"2415040014",VATADRA KANYA,"2415",ANAND,"241504",KHAMBHAT,"2415040014",VATADRA KANYA,"24150405002",UNDEL KUMAR SHALA,218,52,8,13,31,9,16,27
"2415050001",ASHI,"2415",ANAND,"241505",PETLAD,"2415050001",ASHI,"24150500401",ASHI PRIMARY SCHOOL,212,50,4,29,17,9,25,16
"2415050002",BADHANI KUMAR,"2415",ANAND,"241505",PETLAD,"2415050002",BADHANI KUMAR,"24150504201",RAVLI PRIMARY SCHOOL,311,58,18,27,13,15,25,18
"2415050003",BRANCH -6,"2415",ANAND,"241505",PETLAD,"2415050003",BRANCH -6,"24150503718",BRANCH-6 PRIMARY SCHOOL,130,50,8,28,14,8,32,10
"2415050004",BRANCH-8,"2415",ANAND,"241505",PETLAD,"2415050004",BRANCH-8,"24150503726",VALMIKI PRIMARY SCHOOL,135,60,27,17,16,25,18,17
"2415050005",CHANGA KUMAR,"2415",ANAND,"241505",PETLAD,"2415050005",CHANGA KUMAR,"24150504601",SANJAYA PRIMARY SCHOOL,202,52,22,24,6,13,33,6
"2415050006",DANTALI,"2415",ANAND,"241505",PETLAD,"2415050006",DANTALI,"24150505701",VIROL (C) PRIMARY SCHOOL,158,50,6,20,24,3,14,33
"2415050007",DHARMAJ KANYA,"2415",ANAND,"241505",PETLAD,"2415050007",DHARMAJ KANYA,"24150505301",SUNDARNA PRIMARY SCHOOL,236,54,12,28,14,11,27,16
"2415050008",KHADANA,"2415",ANAND,"241505",PETLAD,"2415050008",KHADANA,"24150502501",KHADANA PRIMARY SCHOOL,168,50,21,21,8,7,22,21
"2415050009",MAHELAV,"2415",ANAND,"241505",PETLAD,"2415050009",MAHELAV,"24150503501",PADGOL PRIMARY SCHOOL,254,54,4,29,21,3,22,29
"2415050010",NAR KUMAR,"2415",ANAND,"241505",PETLAD,"2415050010",NAR KUMAR,"24150503901",RAMODADI PRIMARY SCHOOL,137,59,19,22,18,15,30,14
"2415050011",PALAJ KUMAR,"2415",ANAND,"241505",PETLAD,"2415050011",PALAJ KUMAR,"24150503402",PALAJ KANYA SHALA,132,51,10,32,9,9,31,11
"2415050012",PANDOLI KUMAR,"2415",ANAND,"241505",PETLAD,"2415050012",PANDOLI KUMAR,"24150503601",PATEL REVABA AND GANGABA PAY CENTER KUMARSHALA PANDOLI,164,52,7,30,15,3,30,19
"2415050013",PORDA,"2415",ANAND,"241505",PETLAD,"2415050013",PORDA,"24150503101",MORAD PRIMARY SCHOOL,284,59,13,39,7,12,39,8
"2415050014",SHEKHDI,"2415",ANAND,"241505",PETLAD,"2415050014",SHEKHDI,"24150504801",SHEKHDI PRIMARY SCHOOL,182,55,7,32,16,2,32,21
"2415050015",SIHOL,"2415",ANAND,"241505",PETLAD,"2415050015",SIHOL,"24150500901",BHAVANIPURA PRIMARY SCHOOL,157,52,18,15,19,10,23,19
"2415050016",VADADLA,"2415",ANAND,"241505",PETLAD,"2415050016",VADADLA,"24150501401",DANTELI PRIMARY SCHOOL,250,55,24,15,16,21,24,10
"2415060001",DABHOU KUMAR,"2415",ANAND,"241506",SOJITRA,"2415060001",DABHOU KUMAR,"24150600301",BHADKAD PRIMARY SCHOOL,182,52,3,21,28,1,25,26
"2415060002",KASOR KANYA (SO),"2415",ANAND,"241506",SOJITRA,"2415060002",KASOR KANYA (SO),"24150601101",KASOR KUMAR SHALA,238,52,7,25,20,6,14,32
"2415060003",PALOL,"2415",ANAND,"241506",SOJITRA,"2415060003",PALOL,"24150601501",MAGHAROL PRIMARY SCHOOL,372,56,13,26,17,10,26,20
"2415060004",PIPLAV KUMAR,"2415",ANAND,"241506",SOJITRA,"2415060004",PIPLAV KUMAR,"24150602401",TRAMBOVAD PRIMARY SCHOOL,323,54,15,27,12,10,36,8
"2415060005",SOJITRA TALUKA SHALA,"2415",ANAND,"241506",SOJITRA,"2415060005",SOJITRA TALUKA SHALA,"24150602306",MISHR SHALA,124,50,25,20,5,9,27,14
"2415070001",KHAKHSAR,"2415",ANAND,"241507",TARAPUR,"2415070001",KHAKHSAR,"24150702001",KHAKHSAR PRIMARY SCHOOL,229,54,18,25,11,8,23,23
"2415070002",MAHIYARI,"2415",ANAND,"241507",TARAPUR,"2415070002",MAHIYARI,"24150702201",MAHIYARI PRIMARY SCHOOL,167,50,14,25,11,7,26,17
"2415070004",PACHEGAM,"2415",ANAND,"241507",TARAPUR,"2415070004",PACHEGAM,"24150702301",MILRAMPUR PRIMARY SCHOOL,244,54,20,23,11,7,40,7
"2415070003",TARAPUR KUMAR,"2415",ANAND,"241507",TARAPUR,"2415070003",TARAPUR KUMAR,"24150703301",N. T. PATEL KUMAR SHALA- TARAPUR,262,58,28,24,6,15,39,4
"2415070005",UNTVADA,"2415",ANAND,"241507",TARAPUR,"2415070005",UNTVADA,"24150702501",MORAJ PRIMARY SCHOOL,265,55,3,25,27,4,25,26
"2415080001",BECHARI,"2415",ANAND,"241508",UMRETH,"2415080001",BECHARI,"24150800601",BECHRI PRIMARY SCHOOL,284,50,5,11,34,9,24,17
"2415080002",BHALEJ KUMAR,"2415",ANAND,"241508",UMRETH,"2415080002",BHALEJ KUMAR,"24150800704",BHALEJ KANYA SHALA,282,54,10,19,25,13,20,21
"2415080003",INDIRA NAGARI SURELI,"2415",ANAND,"241508",UMRETH,"2415080003",INDIRA NAGARI SURELI,"24150803301",SURELI PRIMARY SCHOOL,316,53,8,22,23,5,21,27
"2415080004",JAKHALA,"2415",ANAND,"241508",UMRETH,"2415080004",JAKHALA,"24150801001",DAGJIPURA PRIMARY SCHOOL,167,50,6,27,17,3,32,15
"2415080005",LINGADA,"2415",ANAND,"241508",UMRETH,"2415080005",LINGADA,"24150803501",THAMNA PRIMARY SCHOOL,177,53,3,15,35,2,21,30
"2415080007",NAVAPURA(KH),"2415",ANAND,"241508",UMRETH,"2415080007",NAVAPURA(KH),"24150802705",RAJNAGAR PRIMARY SCHOOL,153,44,4,14,26,3,8,33
"2415080006",PANSORA,"2415",ANAND,"241508",UMRETH,"2415080006",PANSORA,"24150802501",PANSORA PRIMARY SCHOOL,233,53,12,19,22,11,19,23
"2415080008",SHILI,"2415",ANAND,"241508",UMRETH,"2415080008",SHILI,"24150803101",SHILI PRIMARY SCHOOL,263,56,10,27,19,10,21,25
"2415080009",SUNDALPURA,"2415",ANAND,"241508",UMRETH,"2415080009",SUNDALPURA,"24150801201",DHULETA PRIMARY SCHOOL,303,55,14,23,18,10,25,20
"2415080010",TALUKA SHALA,"2415",ANAND,"241508",UMRETH,"2415080010",TALUKA SHALA,"24150803610",BRANCH KANYA -3 SHALA,163,51,8,21,22,2,24,25
"2415080011",VANSOL,"2415",ANAND,"241508",UMRETH,"2415080011",VANSOL,"24150803801",VANSOL PRIMARY SCHOOL,193,54,14,15,25,7,21,26
"2427060001",AMBLIYARA,"2427",ARAVALLI,"242706",BAYAD,"2427060001",AMBLIYARA,"24270600901",AMIYAPUR SCH,174,53,8,13,32,7,12,34
"2427070002",AMODARA,"2427",ARAVALLI,"242706",BAYAD,"2427060002",AMODARA,"24270601701",BORDI SCH,126,51,7,12,32,7,12,32
"2427060003",BAYAD,"2427",ARAVALLI,"242706",BAYAD,"2427060003",BAYAD,"24270602701",DAKHNESHWAR SCH,100,51,8,21,22,7,20,24
"2427060004",BAYAD STAND,"2427",ARAVALLI,"242706",BAYAD,"2427060004",BAYAD STAND,"24270610101",VANTADA BAYAD SCH,106,0,0,0,0,0,0,0
"2427060005",BIBIPURA,"2427",ARAVALLI,"242706",BAYAD,"2427060005",BIBIPURA,"24270601601",BIBIPURA SCH,133,60,3,13,44,5,14,41
"2427060006",BOROL,"2427",ARAVALLI,"242706",BAYAD,"2427060006",BOROL,"24270605801",LANK SCH,104,46,4,24,18,6,23,17
"2427060007",CHOILA,"2427",ARAVALLI,"242706",BAYAD,"2427060007",CHOILA,"24270608701",SHANGAL SCH,135,51,9,11,31,9,11,31
"2427060008",DEMAI-1,"2427",ARAVALLI,"242706",BAYAD,"2427060008",DEMAI-1,"24270602901",DEMAI - 1 SCH,98,51,25,18,8,20,27,4
"2427060009",DEMAI-2,"2427",ARAVALLI,"242706",BAYAD,"2427060009",DEMAI-2,"24270602101",CHHBHAU SCH,120,51,3,14,34,3,15,33
"2427070010",DEROLI,"2427",ARAVALLI,"242706",BAYAD,"2427060010",DEROLI,"24270606503",PATERA SCH,97,51,2,17,32,0,10,41
"2427060011",GABAT,"2427",ARAVALLI,"242706",BAYAD,"2427060011",GABAT,"24270603801",GABAT - 1 SCH,125,60,28,32,0,28,32,0
"2427070011",GABAT,"2427",ARAVALLI,"242706",BAYAD,"2427060011",GABAT,"24270607601",PRANTVEL SCH,76,0,0,0,0,0,0,0
"2427070012",INDRAN,"2427",ARAVALLI,"242706",BAYAD,"2427060012",INDRAN,"24270604703",KUI NA MUVADA (SHAHID J.B.CHAUHAN)SCHOOL,119,49,9,21,19,4,22,23
"2427060013",JITPUR,"2427",ARAVALLI,"242706",BAYAD,"2427060013",JITPUR,"24270604901",JITPUR SCH,101,51,5,22,24,2,32,17
"2427060014",LIMB,"2427",ARAVALLI,"242706",BAYAD,"2427060014",LIMB,"24270609501",JUNA UNTARDA SCH,166,52,10,20,22,4,30,18
"2427070015",ODHA,"2427",ARAVALLI,"242706",BAYAD,"2427060015",ODHA,"24270607106",AHMEDPURA PRI SCH,67,50,5,22,23,2,22,26
"2427060016",RADODARA,"2427",ARAVALLI,"242706",BAYAD,"2427060016",RADODARA,"24270600201",AAMBAGAM SCH,146,60,13,28,19,13,28,19
"2427070016",RADODARA,"2427",ARAVALLI,"242706",BAYAD,"2427060016",RADODARA,"24270608201",RUPAREL SCH,98,0,0,0,0,0,0,0
"2427060017",SARSOLI,"2427",ARAVALLI,"242706",BAYAD,"2427060017",SARSOLI,"24270608801",SIMLAJ SCH,128,56,14,22,20,14,22,20
"2427070018",SATHAMBA-1,"2427",ARAVALLI,"242706",BAYAD,"2427060018",SATHAMBA-1,"24270608401",SATHAMBA - 1 SCH,70,48,23,24,1,19,29,0
"2427070019",SATHAMBA-2,"2427",ARAVALLI,"242706",BAYAD,"2427060019",SATHAMBA-2,"24270604801",JALAMPURA SATHAMBA SCH,63,39,15,20,4,10,22,7
"2427070020",SAVELA,"2427",ARAVALLI,"242706",BAYAD,"2427060020",SAVELA,"24270606101",MAHADEVPURA SCH,89,53,24,29,0,23,30,0
"2427060021",TENPUR,"2427",ARAVALLI,"242706",BAYAD,"2427060021",TENPUR,"24270609301",TENPUR SCH,125,56,4,18,34,4,20,32
"2427060022",VAJEPURAKAMPA,"2427",ARAVALLI,"242706",BAYAD,"2427060022",VAJEPURAKAMPA,"24270602301",CHANDREJ SCH,124,55,19,20,16,17,21,17
"2427020001",AMBABAR,"2427",ARAVALLI,"242702",BHILODA,"2427020001",AMBABAR,"24270210901",PATIYA KUVA SCH,122,50,6,34,10,8,34,8
"2427080002",ANSOL,"2427",ARAVALLI,"242702",BHILODA,"2427020002",ANSOL,"24270200601",ANSOL - 1 SCH,238,52,6,19,27,9,12,31
"2427020003",BHETALI,"2427",ARAVALLI,"242702",BHILODA,"2427020003",BHETALI,"24270201801",BHETALI SCH,63,49,11,12,26,9,5,35
"2427080003",BHETALI,"2427",ARAVALLI,"242702",BHILODA,"2427020003",BHETALI,"24270206601",KHERADI SCH,104,0,0,0,0,0,0,0
"2427020004",BHILODA-1,"2427",ARAVALLI,"242702",BHILODA,"2427020004",BHILODA-1,"24270201909",NAVA BHAVNATH SCH,183,55,14,24,17,16,23,16
"2427020005",BHILODA-2,"2427",ARAVALLI,"242702",BHILODA,"2427020005",BHILODA-2,"24270201902",BHILODA - 2 SCH,206,60,9,13,38,8,24,28
"2427020006",CHORIMALA,"2427",ARAVALLI,"242702",BHILODA,"2427020006",CHORIMALA,"24270207201",KUDOL PAL SCH,142,51,1,22,28,0,8,43
"2427020007",DHOLVANI,"2427",ARAVALLI,"242702",BHILODA,"2427020007",DHOLVANI,"24270203401",DHOLVANI SCH,100,50,9,7,34,6,6,38
"2427020008",JANALI,"2427",ARAVALLI,"242702",BHILODA,"2427020008",JANALI,"24270205102",JANALI TANDA SCH,164,52,11,19,22,16,16,20
"2427020009",KHALVAD,"2427",ARAVALLI,"242702",BHILODA,"2427020009",KHALVAD,"24270215101",VEJPUR - 1 SCH,126,50,14,14,22,7,17,26
"2427080010",KHARI,"2427",ARAVALLI,"242702",BHILODA,"2427020010",KHARI,"24270209901",NAPDA KHALSA SCH,202,60,8,26,26,4,32,24
"2427080011",KHILODA,"2427",ARAVALLI,"242702",BHILODA,"2427020011",KHILODA,"24270213402",SUNOKH TANDA PRI SCH,102,51,14,24,13,6,32,13
"2427080012",KHODAMBA,"2427",ARAVALLI,"242702",BHILODA,"2427020012",KHODAMBA,"24270214101",VADIYOL PRI SCH,95,50,3,12,35,2,15,33
"2427020013",KISHANGADH,"2427",ARAVALLI,"242702",BHILODA,"2427020013",KISHANGADH,"24270207101",KISANGADH SCH,136,54,11,21,22,7,20,27
"2427080014",KUSHKI,"2427",ARAVALLI,"242702",BHILODA,"2427020014",KUSHKI,"24270207401",KUSKI SCH,129,52,7,19,26,11,25,16
"2427080015",LUSADIYA,"2427",ARAVALLI,"242702",BHILODA,"2427020015",LUSADIYA,"24270207801",LUSADIYA SCH,114,54,28,14,12,27,16,11
"2427020016",MAHERU,"2427",ARAVALLI,"242702",BHILODA,"2427020016",MAHERU,"24270207901",MAHERU SCH,125,51,0,17,34,0,19,32
"2427020017",MAHUDIYADERA,"2427",ARAVALLI,"242702",BHILODA,"2427020017",MAHUDIYADERA,"24270213703",MAHUDIYA DERA PRI SCH,100,48,6,15,27,6,18,24
"2427020018",MAU,"2427",ARAVALLI,"242702",BHILODA,"2427020018",MAU,"24270203502",MAU TANDA ADARSH SCH,171,54,14,18,22,12,16,26
"2427020019",NANDOJ,"2427",ARAVALLI,"242702",BHILODA,"2427020019",NANDOJ,"24270202602",KALI DUNGARI SCH,147,50,1,25,24,1,34,15
"2427080020",PALLA,"2427",ARAVALLI,"242702",BHILODA,"2427020020",PALLA,"24270208801",MERAVADA SCH,100,55,8,33,14,11,25,19
"2427020021",RAYPUR,"2427",ARAVALLI,"242702",BHILODA,"2427020021",RAYPUR,"24270203701",DODISARA MOTA SCH,106,53,8,45,0,6,42,5
"2427080021",RAYPUR,"2427",ARAVALLI,"242702",BHILODA,"2427020021",RAYPUR,"24270203001",DHAMBOLIYA SCH,92,0,0,0,0,0,0,0
"2427080022",SARKILIMDI,"2427",ARAVALLI,"242702",BHILODA,"2427020022",SARKILIMDI,"24270204301",GALI SAMRO SCH,142,60,10,14,36,8,26,26
"2427080023",SHAMLAJI,"2427",ARAVALLI,"242702",BHILODA,"2427020023",SHAMLAJI,"24270201001",BAHECHARPURA SCH,100,51,5,16,30,4,16,31
"2427020024",TAKATUKA,"2427",ARAVALLI,"242702",BHILODA,"2427020024",TAKATUKA,"24270213501",TAKATUKA PRI SCH,169,60,2,21,37,6,22,32
"2427020025",TORDA,"2427",ARAVALLI,"242702",BHILODA,"2427020025",TORDA,"24270211501",RAMPURI SCH,113,47,8,12,27,10,11,26
"2427020026",VANKANER,"2427",ARAVALLI,"242702",BHILODA,"2427020026",VANKANER,"24270211901",RINTODA SCH,144,50,6,21,23,2,26,22
"2427080027",ZABCHITARIYA,"2427",ARAVALLI,"242702",BHILODA,"2427020027",ZABCHITARIYA,"24270215404",ISHWARPURA  PRI SCH,131,52,13,23,16,6,25,21
"2427050001",AKRUND,"2427",ARAVALLI,"242705",DHANSURA,"2427050001",AKRUND,"24270500101",AAKRUND SCH,136,55,1,14,40,2,10,43
"2427050003",DHANSURA-1,"2427",ARAVALLI,"242705",DHANSURA,"2427050003",DHANSURA-1,"24270501801",DOLPUR SCH,123,55,15,30,10,6,28,21
"2427050004",DHANSURA-2,"2427",ARAVALLI,"242705",DHANSURA,"2427050004",DHANSURA-2,"24270502501",JAMTHA SCH,139,50,3,28,19,1,18,31
"2427050005",HIRAPUR,"2427",ARAVALLI,"242705",DHANSURA,"2427050005",HIRAPUR,"24270506801",HIRAPUR SCH,125,50,10,27,13,7,25,18
"2427050006",JUNI SHINOL,"2427",ARAVALLI,"242705",DHANSURA,"2427050006",JUNI SHINOL,"24270506201",JUNI SHINOL SCH,100,51,8,25,18,7,24,20
"2427050007",KHADOL,"2427",ARAVALLI,"242705",DHANSURA,"2427050007",KHADOL,"24270502602",JASWANTPURA GAM (KHADOL) SCH,97,50,16,21,13,12,31,7
"2427050008",KOLAVADA,"2427",ARAVALLI,"242705",DHANSURA,"2427050008",KOLAVADA,"24270505401",RAMANA SCH,138,55,11,18,26,4,29,22
"2427050002",NANA,"2427",ARAVALLI,"242705",DHANSURA,"2427050002",NANA,"24270500601",AMARAPURA SCH,61,50,3,24,23,2,27,21
"2427050009",NAVALPUR,"2427",ARAVALLI,"242705",DHANSURA,"2427050009",NAVALPUR,"24270503801",KHILODIYA SCH,131,50,8,29,13,9,30,11
"2427050010",NAVI SHINOL,"2427",ARAVALLI,"242705",DHANSURA,"2427050010",NAVI SHINOL,"24270500301",AAMODARA SCH,146,52,3,28,21,3,28,21
"2427050011",SHIKA,"2427",ARAVALLI,"242705",DHANSURA,"2427050011",SHIKA,"24270504401",MALEKPUR SCH,129,51,1,4,46,2,4,45
"2427050012",VADAGAM,"2427",ARAVALLI,"242705",DHANSURA,"2427050012",VADAGAM,"24270506501",VADAGAM - 1 SCH,249,52,7,32,13,5,30,17
"2427050013",VANTDA SUKA,"2427",ARAVALLI,"242705",DHANSURA,"2427050013",VANTDA SUKA,"24270501601",DHAMANIYA SCH,173,50,14,19,17,12,20,18
"2427040001",AMBALIYA,"2427",ARAVALLI,"242704",MALPUR,"2427040001",AMBALIYA,"24270404601",LALPUR SCH,154,51,18,17,16,9,21,21
"2427040002",ANIYOR,"2427",ARAVALLI,"242704",MALPUR,"2427040002",ANIYOR,"24270400501",ANIYOR SCH,105,41,24,17,0,26,14,1
"2427040003",BHEMPODA COLONI,"2427",ARAVALLI,"242704",MALPUR,"2427040003",BHEMPODA COLONI,"24270400901",BHEMPODA KOLONI SCH,91,50,7,23,20,5,26,19
"2427040004",JITPUR,"2427",ARAVALLI,"242704",MALPUR,"2427040004",JITPUR,"24270403401",JITPUR SCH,151,54,12,24,18,11,25,18
"2427040005",MALPUR-1,"2427",ARAVALLI,"242704",MALPUR,"2427040005",MALPUR-1,"24270405201",MANGALPUR SCH,64,29,7,6,16,6,8,15
"2427040006",MALPUR-2,"2427",ARAVALLI,"242704",MALPUR,"2427040006",MALPUR-2,"24270404501",KOYALIYA SCH,93,45,6,10,29,7,9,29
"2427040007",MEVDA,"2427",ARAVALLI,"242704",MALPUR,"2427040007",MEVDA,"24270405801",NATHAVAS SCH,169,56,17,21,18,23,22,11
"2427040008",NANAVADA,"2427",ARAVALLI,"242704",MALPUR,"2427040008",NANAVADA,"24270408301",TISKI SCH,155,60,20,14,26,12,19,29
"2427040009",PIPRANA,"2427",ARAVALLI,"242704",MALPUR,"2427040009",PIPRANA,"24270401101",BHUKA KUTRI SCH,66,41,31,6,4,26,11,4
"2427040010",RAMBHODA KATKUVA,"2427",ARAVALLI,"242704",MALPUR,"2427040010",RAMBHODA KATKUVA,"24270403001",HELODAR SCH,122,53,19,28,6,8,41,4
"2427040011",SATARDA,"2427",ARAVALLI,"242704",MALPUR,"2427040011",SATARDA,"24270407701",SATARDA - 1 SCH,92,53,1,18,34,1,19,33
"2427040012",UBHRAN,"2427",ARAVALLI,"242704",MALPUR,"2427040012",UBHRAN,"24270404001",KHALIKPUR SCH,150,56,13,27,16,20,18,18
"2427040013",VAVDI,"2427",ARAVALLI,"242704",MALPUR,"2427040013",VAVDI,"24270407101",RASAPUR SCH,72,50,0,11,39,0,24,26
"2427030001",BANTHIVADA,"2427",ARAVALLI,"242703",MEGHRAJ,"2427030001",BANTHIVADA,"24270300505",BHATH SCH,232,60,0,2,58,0,2,58
"2427030002",BELYO,"2427",ARAVALLI,"242703",MEGHRAJ,"2427030002",BELYO,"24270300701",BELYO - 1 SCH,128,34,3,18,13,7,12,15
"2427030003",CHHINKARI,"2427",ARAVALLI,"242703",MEGHRAJ,"2427030003",CHHINKARI,"24270301301",CHHINKARI - 1 SCH,121,36,10,17,9,4,23,9
"2427030004",DHANIVADA,"2427",ARAVALLI,"242703",MEGHRAJ,"2427030004",DHANIVADA,"24270306206",MANKAD MAHUDI PRI SCH,106,46,14,26,6,14,27,5
"2427030005",ISARI,"2427",ARAVALLI,"242703",MEGHRAJ,"2427030005",ISARI,"24270303401",ISARI SCH,132,52,15,19,18,14,22,16
"2427030006",KADVADI,"2427",ARAVALLI,"242703",MEGHRAJ,"2427030006",KADVADI,"24270303702",PIPLIYA SCH,105,50,19,28,3,24,22,4
"2427030007",KALIYAKUVA,"2427",ARAVALLI,"242703",MEGHRAJ,"2427030007",KALIYAKUVA,"24270311001",TUMBALIYA - 1 SCH,163,60,12,21,27,20,22,18
"2427030008",KASANA,"2427",ARAVALLI,"242703",MEGHRAJ,"2427030008",KASANA,"24270308505",DERIYA SCH,105,54,22,18,14,11,26,17
"2427030009",KUMBHERA,"2427",ARAVALLI,"242703",MEGHRAJ,"2427030009",KUMBHERA,"24270305301",KUMBHERA SCH,110,58,5,20,33,1,23,34
"2427030010",KUNOL,"2427",ARAVALLI,"242703",MEGHRAJ,"2427030010",KUNOL,"24270305401",KUNOL SCH,149,56,13,20,23,9,19,28
"2427030011",LIMBODARA,"2427",ARAVALLI,"242703",MEGHRAJ,"2427030011",LIMBODARA,"24270305901",LIMBODARA - 1 SCH,146,59,2,27,30,1,30,28
"2427030012",MANPUR (KO),"2427",ARAVALLI,"242703",MEGHRAJ,"2427030012",MANPUR (KO),"24270306401",MANPUR (KO) SCH,92,52,25,26,1,25,27,0
"2427030013",MEGHRAJ,"2427",ARAVALLI,"242703",MEGHRAJ,"2427030013",MEGHRAJ,"24270306503",MEGHRAJ - 1 SCH,128,51,9,26,16,9,21,21
"2427030014",NAVAGAM,"2427",ARAVALLI,"242703",MEGHRAJ,"2427030014",NAVAGAM,"24270307601",NAVAGAM SCH,95,55,15,17,23,15,16,24
"2427030015",NAVANAGAR,"2427",ARAVALLI,"242703",MEGHRAJ,"2427030015",NAVANAGAR,"24270306507",NAVANAGAR SCH,130,59,19,31,9,20,32,7
"2427030016",PANCHAL,"2427",ARAVALLI,"242703",MEGHRAJ,"2427030016",PANCHAL,"24270312401",ZARDA - 1 SCH,168,56,10,18,28,6,24,26
"2427030017",PANIBAR,"2427",ARAVALLI,"242703",MEGHRAJ,"2427030017",PANIBAR,"24270302701",DHAROLA SCH,95,49,8,25,16,9,20,20
"2427030018",PATEL DHUNDHA,"2427",ARAVALLI,"242703",MEGHRAJ,"2427030018",PATEL DHUNDHA,"24270310001",ROYANIYA SCH,147,43,12,19,12,12,20,11
"2427030019",RAMGADHI,"2427",ARAVALLI,"242703",MEGHRAJ,"2427030019",RAMGADHI,"24270309501",RAMGADHI SCH,112,60,9,22,29,5,22,33
"2427030020",RELLAVADA,"2427",ARAVALLI,"242703",MEGHRAJ,"2427030020",RELLAVADA,"24270309801",RELLAVADA SCH,156,60,6,19,35,6,18,36
"2427030021",SHANGAL,"2427",ARAVALLI,"242703",MEGHRAJ,"2427030021",SHANGAL,"24270310401",SHANGAL SCH,78,46,17,29,0,12,33,1
"2427030022",SISODARA (A),"2427",ARAVALLI,"242703",MEGHRAJ,"2427030022",SISODARA (A),"24270301901",DHIMDA SCH,93,52,5,20,27,2,19,31
"2427030023",VAGHPUR,"2427",ARAVALLI,"242703",MEGHRAJ,"2427030023",VAGHPUR,"24270308401",PALLA KADVADA SCH,124,55,21,25,9,20,28,7
"2427010001",AMLAI,"2427",ARAVALLI,"242701",MODASA,"2427010001",AMLAI,"24270104101",KAU SCH,202,53,9,19,25,7,25,21
"2427010002",BOLUNDRA,"2427",ARAVALLI,"242701",MODASA,"2427010002",BOLUNDRA,"24270101201",BOLUNDRA SCH,81,54,5,19,30,6,21,27
"2427010003",DADHALIYA,"2427",ARAVALLI,"242701",MODASA,"2427010003",DADHALIYA,"24270101501",DADHALIYA - 1 SCH,108,50,12,20,18,9,22,19
"2427010004",DUGARVADA,"2427",ARAVALLI,"242701",MODASA,"2427010004",DUGARVADA,"24270106111",CHANDTEKRI SCH,417,56,21,15,20,19,23,14
"2427010005",ITADI,"2427",ARAVALLI,"242701",MODASA,"2427010005",ITADI,"24270100601",BAYAL DHANKHROL SCH,133,55,8,20,27,9,19,27
"2427010006",KHAMBHISAR,"2427",ARAVALLI,"242701",MODASA,"2427010006",KHAMBHISAR,"24270101101",BODI SCH,133,50,6,21,23,1,19,30
"2427010007",LIMBHOI,"2427",ARAVALLI,"242701",MODASA,"2427010007",LIMBHOI,"24270105201",LIMBHOI - 1 SCH,172,57,11,19,27,10,16,31
"2427010008",MAHADEVGRAM,"2427",ARAVALLI,"242701",MODASA,"2427010008",MAHADEVGRAM,"24270107701",RAKHIYAL SCH,125,50,12,19,19,7,18,25
"2427010009",MEDHASAN,"2427",ARAVALLI,"242701",MODASA,"2427010009",MEDHASAN,"24270110001",VANTADA (MEDHASAN) SCH,123,55,11,21,23,8,24,23
"2427010010",MODASA-1,"2427",ARAVALLI,"242701",MODASA,"2427010010",MODASA-1,"24270106101",MODASA - 1 SCH,248,60,11,21,28,15,23,22
"2427010011",MODASA-2,"2427",ARAVALLI,"242701",MODASA,"2427010011",MODASA-2,"24270108901",SITPUR SCH,99,51,8,24,19,6,20,25
"2427010012",MODASA-5,"2427",ARAVALLI,"242701",MODASA,"2427010012",MODASA-5,"24270106107",MODASA - 7 SCH,248,60,2,30,28,3,51,6
"2427010013",MOTI ISROL,"2427",ARAVALLI,"242701",MODASA,"2427010013",MOTI ISROL,"24270107601",RAJLI SCH,121,30,5,13,12,6,14,10
"2427010014",PALANPUR,"2427",ARAVALLI,"242701",MODASA,"2427010014",PALANPUR,"24270107401",PALANPUR SCH,122,53,3,20,30,6,16,31
"2427010015",SAKARIYA,"2427",ARAVALLI,"242701",MODASA,"2427010015",SAKARIYA,"24270108201",SAKARIYA SCH,247,60,5,15,40,6,11,43
"2427010016",SARDOI,"2427",ARAVALLI,"242701",MODASA,"2427010016",SARDOI,"24270108401",SARDOI - 1 SCH,122,50,10,29,11,9,24,17
"2427010017",SARVODAYNAGAR,"2427",ARAVALLI,"242701",MODASA,"2427010017",SARVODAYNAGAR,"24270106109",SARVODAYNAGAR SCH,334,58,13,11,34,17,14,27
"2427010018",SAYRA,"2427",ARAVALLI,"242701",MODASA,"2427010018",SAYRA,"24270108601",SAYRA SCH,67,35,7,10,18,6,16,13
"2427010019",SHINAVAD,"2427",ARAVALLI,"242701",MODASA,"2427010019",SHINAVAD,"24270102101",DOLPUR (SI) SCH,131,50,9,19,22,10,18,22
"2427010020",TINTOI,"2427",ARAVALLI,"242701",MODASA,"2427010020",TINTOI,"24270104901",KUDOL SCH,96,51,8,18,25,7,24,20
"2427010021",VANIYAD- KOKAPUR,"2427",ARAVALLI,"242701",MODASA,"2427010021",VANIYAD- KOKAPUR,"24270106601",MULOJ SCH,122,53,13,18,22,6,23,24
"2402010001",AMIRGADH,"2402",BANASKANTHA,"240201",AMIRGADH,"2402010001",AMIRGADH,"24020101201",KHUNIYA PRI. SCH.,355,60,25,18,17,23,20,17
"2402010002",BALUNDRA,"2402",BANASKANTHA,"240201",AMIRGADH,"2402010002",BALUNDRA,"24020101501",BALUNDRA PRI. SCH.,422,60,30,22,8,24,34,2
"2402010003",DABHELA,"2402",BANASKANTHA,"240201",AMIRGADH,"2402010003",DABHELA,"24020103001",KHARI-ZABA PRI. SCH.,324,60,14,36,10,9,34,17
"2402010004",IQBALGADH,"2402",BANASKANTHA,"240201",AMIRGADH,"2402010004",IQBALGADH,"24020103101",IQBALGADH PRI. SCH.,269,60,14,17,29,9,20,31
"2402010005",JETHI,"2402",BANASKANTHA,"240201",AMIRGADH,"2402010005",JETHI,"24020104301",JETHI PAY CENTER SCH.,259,60,15,22,23,10,28,22
"2402010006",KANPURA,"2402",BANASKANTHA,"240201",AMIRGADH,"2402010006",KANPURA,"24020108101",KANPURA PRI. SCH.,256,60,26,19,15,19,25,16
"2402010007",RABARAN,"2402",BANASKANTHA,"240201",AMIRGADH,"2402010007",RABARAN,"24020108601",DHANPURA(V) PRI. SCH.,374,60,25,26,9,19,36,5
"2402010008",RAMPURA,"2402",BANASKANTHA,"240201",AMIRGADH,"2402010008",RAMPURA,"24020106901",KANSARA PRI. SCH.,268,60,12,19,29,12,21,27
"2402010009",SAROTRA,"2402",BANASKANTHA,"240201",AMIRGADH,"2402010009",SAROTRA,"24020105001",SONVADI PRI. SCH.,337,60,30,19,11,26,26,8
"2402010010",VIRAMPUR,"2402",BANASKANTHA,"240201",AMIRGADH,"2402010010",VIRAMPUR,"24020107301",VIRMPUR PAY CENTER SCH.,379,60,30,18,12,30,17,13
"2402020001",ABALA ,"2402",BANASKANTHA,"240202",BHABHAR,"2402020001",ABALA ,"24020204101",RUNI PAY CENTER SCH.,283,60,21,26,13,17,33,10
"2402020002",BALODHAN,"2402",BANASKANTHA,"240202",BHABHAR,"2402020002",BALODHAN,"24020206201",BALODHAN PAY CENTER SCH.,139,58,21,33,4,18,29,11
"2402020003",BHABHAR NAVA-1,"2402",BANASKANTHA,"240202",BHABHAR,"2402020003",BHABHAR NAVA-1,"24020200402",BHABHAR NAVA PRI. SCH. -3,282,59,17,19,23,15,22,22
"2402020004",DEVKAPDI,"2402",BANASKANTHA,"240202",BHABHAR,"2402020004",DEVKAPDI,"24020204201",SANESADA PRI. SCH.,341,60,25,23,12,13,28,19
"2402020005",GOSAN,"2402",BANASKANTHA,"240202",BHABHAR,"2402020005",GOSAN,"24020205001",VADPAG PRI. SCH.,229,60,18,25,17,24,32,4
"2402020006",KHARA,"2402",BANASKANTHA,"240202",BHABHAR,"2402020006",KHARA,"24020203501",MITHA PRI. SCH.,351,60,10,19,31,12,20,28
"2402020007",KUVALA ,"2402",BANASKANTHA,"240202",BHABHAR,"2402020007",KUVALA ,"24020202901",KUVALA PAY CENTER SCH.,410,60,16,17,27,6,28,26
"2402020008",NESDA,"2402",BANASKANTHA,"240202",BHABHAR,"2402020008",NESDA,"24020206406",RAJNAGARA PRI  SCH,203,60,16,31,13,14,24,22
"2402020009",SUTHAR NESDI,"2402",BANASKANTHA,"240202",BHABHAR,"2402020009",SUTHAR NESDI,"24020204401",SUTHARNESDI PRI. SCH.,251,57,10,31,16,12,32,13
"2402020010",TANVAD ,"2402",BANASKANTHA,"240202",BHABHAR,"2402020010",TANVAD ,"24020205501",BEDA PRI. SCH.,323,60,20,31,9,17,34,9
"2402030002",AMBAJI-1,"2402",BANASKANTHA,"240203",DANTA,"2402030002",AMBAJI-1,"24020318602",AMBAJI PAY CENTER SCH.,740,60,15,27,18,11,27,22
"2402030001",AMBAJI - 2,"2402",BANASKANTHA,"240203",DANTA,"2402030001",AMBAJI - 2,"24020312401",PANCHHA PRI. SCH.,176,60,45,14,1,49,11,0
"2402150003",BAMNOJ,"2402",BANASKANTHA,"240203",DANTA,"2402030003",BAMNOJ,"24020303401",DHAGADIYA PRI. SCH.,209,60,6,31,23,8,35,17
"2402030004",BHACHADIYA,"2402",BANASKANTHA,"240203",DANTA,"2402030004",BHACHADIYA,"24020313501",RANGPUR PAY CENTER SCH.,256,55,12,29,14,6,20,29
"2402030005",CHIKHALA,"2402",BANASKANTHA,"240203",DANTA,"2402030005",CHIKHALA,"24020306601",JETVAS PRI. SCH.,293,60,29,31,0,17,41,2
"2402150005",CHIKHALA,"2402",BANASKANTHA,"240203",DANTA,"2402030005",CHIKHALA,"24020313903",RANPUR SEBALIYA PRI. SCH.,271,0,0,0,0,0,0,0
"2402150006",DALPURA,"2402",BANASKANTHA,"240203",DANTA,"2402030006",DALPURA,"24020302901",DALPURA - 1 PAY CENTER SCH.,271,60,23,32,5,27,29,4
"2402030007",DANTA - 1,"2402",BANASKANTHA,"240203",DANTA,"2402030007",DANTA - 1,"24020307001",KANBIYAVAS-1 PRI. SCH.,229,60,13,24,23,11,21,28
"2402030008",DANTA - 2,"2402",BANASKANTHA,"240203",DANTA,"2402030008",DANTA - 2,"24020308301",KHEROJ PRI. SCH.,180,55,16,28,11,10,28,17
"2402030009",GORAD,"2402",BANASKANTHA,"240203",DANTA,"2402030009",GORAD,"24020302601",CHORASAN PRI. SCH.,276,60,26,34,0,14,42,4
"2402150010",HADAD,"2402",BANASKANTHA,"240203",DANTA,"2402030010",HADAD,"24020307601",KESHARPURA PRI. SCH.,348,60,10,29,21,10,25,25
"2402030011",JITPUR,"2402",BANASKANTHA,"240203",DANTA,"2402030011",JITPUR,"24020306701",JITPUR CHAR RASTA PRI. SCH.,152,50,11,18,21,13,21,16
"2402150012",KHANDHOR UMBARI,"2402",BANASKANTHA,"240203",DANTA,"2402030012",KHANDHOR UMBARI,"24020318501",KHANDHOR UMBARI PAY CENTER SCH.,339,60,14,25,21,13,21,26
"2402030013",KUNVARSI,"2402",BANASKANTHA,"240203",DANTA,"2402030013",KUNVARSI,"24020309201",KUNVARSI PAY CENTER SCH.,252,60,18,21,21,12,28,20
"2402150013",KUNVARSI,"2402",BANASKANTHA,"240203",DANTA,"2402030013",KUNVARSI,"24020302101",BORDIYALA PRI. SCH.,289,0,0,0,0,0,0,0
"2402150014",MANDALI,"2402",BANASKANTHA,"240203",DANTA,"2402030014",MANDALI,"24020314701",SANDHOSI PRI. SCH.,290,58,27,22,9,24,28,6
"2402030015",MANKADI,"2402",BANASKANTHA,"240203",DANTA,"2402030015",MANKADI,"24020318201",VIRPUR(LOTOL) PAY CENTER SCH.,98,57,17,18,22,17,19,21
"2402150015",MANKADI,"2402",BANASKANTHA,"240203",DANTA,"2402030015",MANKADI,"24020308901",KUKADI PRI. SCH.,254,0,0,0,0,0,0,0
"2402030016",MOTASADA,"2402",BANASKANTHA,"240203",DANTA,"2402030016",MOTASADA,"24020311201",MOTASADA ANUPAM PAY CENTER SCH.,197,57,10,19,28,4,18,35
"2402030017",NARGADH,"2402",BANASKANTHA,"240203",DANTA,"2402030017",NARGADH,"24020304501",GANGVA PRI. SCH.,179,53,19,19,15,13,24,16
"2402030018",NAVAVAS,"2402",BANASKANTHA,"240203",DANTA,"2402030018",NAVAVAS,"24020312101",NAVAVAS PAY CENTER SCH.,413,52,5,23,24,6,22,24
"2402030019",PUNJPUR,"2402",BANASKANTHA,"240203",DANTA,"2402030019",PUNJPUR,"24020307201",KANSA PRI. SCH.,229,60,36,24,0,36,24,0
"2402150020",SANALI,"2402",BANASKANTHA,"240203",DANTA,"2402030020",SANALI,"24020305901",JAMRU PRI. SCH.,411,60,22,25,13,20,29,11
"2402030021",SEMBALPANI,"2402",BANASKANTHA,"240203",DANTA,"2402030021",SEMBALPANI,"24020315501",SEMBALPANI PRI. SCH.,265,60,21,29,10,26,25,9
"2402030022",VASI,"2402",BANASKANTHA,"240203",DANTA,"2402030022",VASI,"24020317601",VASI PAY CENTER SCH.,204,53,28,23,2,24,26,3
"2402040001",BHAKODAR,"2402",BANASKANTHA,"240204",DANTIWADA,"2402040001",BHAKODAR,"24020401001",CHODUNGARI PRI. SCH.,173,55,8,11,36,17,36,2
"2402040002",BHANDOTRA,"2402",BANASKANTHA,"240204",DANTIWADA,"2402040002",BHANDOTRA,"24020400801",BHANDOTRA PRI. SCH.,289,60,22,31,7,25,30,5
"2402040003",DANGIYA,"2402",BANASKANTHA,"240204",DANTIWADA,"2402040003",DANGIYA,"24020406601",RAMNAGAR PRI. SCH.,243,59,15,23,21,13,29,17
"2402040004",DANTIWADA,"2402",BANASKANTHA,"240204",DANTIWADA,"2402040004",DANTIWADA,"24020401201",DANTIWADA PAY CENTER. SCH.,208,57,7,19,31,5,18,34
"2402040005",JEGOL,"2402",BANASKANTHA,"240204",DANTIWADA,"2402040005",JEGOL,"24020402401",JEGOL PAY CENTER SCH.,287,60,21,33,6,20,28,12
"2402040006",ODHAVA,"2402",BANASKANTHA,"240204",DANTIWADA,"2402040006",ODHAVA,"24020401301",DERI(VA) PRI. SCH.,174,58,26,19,13,25,20,13
"2402040007",PANTHAWADA,"2402",BANASKANTHA,"240204",DANTIWADA,"2402040007",PANTHAWADA,"24020403901",PANTHAVADA PRI. SCH.,545,60,21,23,16,14,26,20
"2402040008",SARDAR KRUSHINAGAR,"2402",BANASKANTHA,"240204",DANTIWADA,"2402040008",SARDAR KRUSHINAGAR,"24020401901",GODH PRI. SCH.,259,60,20,11,29,9,24,27
"2402040009",VAGHROL,"2402",BANASKANTHA,"240204",DANTIWADA,"2402040009",VAGHROL,"24020400502",BHAKHAR MOTI PRI. SCH.,283,60,20,15,25,13,21,26
"2402040010",ZAT,"2402",BANASKANTHA,"240204",DANTIWADA,"2402040010",ZAT,"24020406001",SATSAN PRI. SCH.,268,60,8,20,32,8,13,39
"2402050001",ASEDA,"2402",BANASKANTHA,"240205",DEESA,"2402050001",ASEDA,"24020500501",ASEDA PRI. SCH.,446,60,21,20,19,15,20,25
"2402050003",BAIWADA,"2402",BANASKANTHA,"240205",DEESA,"2402050003",BAIWADA,"24020500601",BAIWADA PRI. SCH.,260,60,19,14,27,13,29,18
"2402050004",BHADATH,"2402",BANASKANTHA,"240205",DEESA,"2402050004",BHADATH,"24020501001",BHADATH P. CE. PRI. SCH.,351,60,4,25,31,3,26,31
"2402050002",B. S. GEHALOT,"2402",BANASKANTHA,"240205",DEESA,"2402050002",B. S. GEHALOT,"24020502618",DEESA RAILWAYSTATION PRI. SCH.,435,60,12,28,20,13,22,25
"2402050005",C. H. DOSHI,"2402",BANASKANTHA,"240205",DEESA,"2402050005",C. H. DOSHI,"24020502619",V. N. MALI SHIV. PRI. SCH.,406,60,13,17,30,13,19,28
"2402050006",DAMA,"2402",BANASKANTHA,"240205",DEESA,"2402050006",DAMA,"24020502201",DAMA PRI. SCH.,250,55,12,18,25,8,16,31
"2402050007",DHUVA,"2402",BANASKANTHA,"240205",DEESA,"2402050007",DHUVA,"24020503701",DHUVA PRI. SCH.,361,60,9,24,27,6,19,35
"2402050008",GHADA,"2402",BANASKANTHA,"240205",DEESA,"2402050008",GHADA,"24020515101",GHADA PRI.SCH.,244,58,19,31,8,27,23,8
"2402050009",JUNA DEESA -1,"2402",BANASKANTHA,"240205",DEESA,"2402050009",JUNA DEESA -1,"24020505204",JUNA DEESA PRI. SCH.-4,372,60,20,23,17,16,34,10
"2402050010",JUNA NESADA,"2402",BANASKANTHA,"240205",DEESA,"2402050010",JUNA NESADA,"24020516002",JUNA NESDA PAY SE SCH.,366,60,13,40,7,4,42,14
"2402050011",JUNI BHILADI,"2402",BANASKANTHA,"240205",DEESA,"2402050011",JUNI BHILADI,"24020515201",JUNI BHILADI PRI. SCH.,408,60,3,19,38,9,26,25
"2402050012",KUCHAVADA,"2402",BANASKANTHA,"240205",DEESA,"2402050012",KUCHAVADA,"24020506501",KUCHAVADA PRI. SCH.,253,58,22,22,14,25,15,18
"2402050013",LORVADA,"2402",BANASKANTHA,"240205",DEESA,"2402050013",LORVADA,"24020512401",SOTMALA PRI. SCH.,193,60,26,18,16,25,26,9
"2402050014",MALGADH,"2402",BANASKANTHA,"240205",DEESA,"2402050014",MALGADH,"24020507611",MALGADH PAY SCH,490,60,19,15,26,9,14,37
"2402050015",MUDETHA,"2402",BANASKANTHA,"240205",DEESA,"2402050015",MUDETHA,"24020508311",MUDETHA PRI. SCH.,228,58,16,29,13,11,27,20
"2402050016",NAVI BHILDI,"2402",BANASKANTHA,"240205",DEESA,"2402050016",NAVI BHILDI,"24020508901",NAVI BHILDI PRI. SCH.,327,57,12,13,32,11,14,32
"2402050017",PRITINAGAR,"2402",BANASKANTHA,"240205",DEESA,"2402050017",PRITINAGAR,"24020501402",PRITINAGAR PRI. SCH.,407,57,9,25,23,3,26,28
"2402050018",RAJPUR,"2402",BANASKANTHA,"240205",DEESA,"2402050018",RAJPUR,"24020502623",CHHOTAPUR GAVADI PRI. SCH.,408,60,23,25,12,20,26,14
"2402050019",RAMPURA DAMA,"2402",BANASKANTHA,"240205",DEESA,"2402050019",RAMPURA DAMA,"24020509201",ODHAVA PRI. SCH.,312,60,13,28,19,16,26,18
"2402050020",RAMSAN,"2402",BANASKANTHA,"240205",DEESA,"2402050020",RAMSAN,"24020502101",CHORA PRI. SCH.,292,60,11,24,25,7,22,31
"2402050032",RANPUR A.VAS,"2402",BANASKANTHA,"240205",DEESA,"2402050032",RANPUR A.VAS,"24020510505",BHAIRAVPURA PRI. SCH.,158,54,12,25,17,6,23,25
"2402050021",RANPUR U.VAS,"2402",BANASKANTHA,"240205",DEESA,"2402050021",RANPUR U.VAS,"24020513701",VASADA PRI. SCH.,213,57,9,25,23,11,31,15
"2402050022",SAMAUMOTA,"2402",BANASKANTHA,"240205",DEESA,"2402050022",SAMAUMOTA,"24020511301",SAMAUMOTA PRI. SCH.,420,59,7,20,32,4,28,27
"2402050023",SHERPURA,"2402",BANASKANTHA,"240205",DEESA,"2402050023",SHERPURA,"24020512201",SHERPURA PAY. CE. SCH.,216,58,17,25,16,14,18,26
"2402050024",TEKARA,"2402",BANASKANTHA,"240205",DEESA,"2402050024",TEKARA,"24020500301",AKHOL MOTI PRI. SCH.,190,54,26,26,2,9,32,13
"2402050025",TETODA,"2402",BANASKANTHA,"240205",DEESA,"2402050025",TETODA,"24020513002",TETODA PAY CE. SCH.,269,55,12,16,27,14,21,20
"2402050026",VARNODA,"2402",BANASKANTHA,"240205",DEESA,"2402050026",VARNODA,"24020513605",JENAL PRI. SCH.,185,59,8,26,25,6,30,23
"2402050027",VASANA JUNA,"2402",BANASKANTHA,"240205",DEESA,"2402050027",VASANA JUNA,"24020507403",LUNPUR PRI. SCH.,221,59,18,21,20,15,16,28
"2402050028",VITHODAR,"2402",BANASKANTHA,"240205",DEESA,"2402050028",VITHODAR,"24020514402",VITHODAR PRI. SCH.,177,51,11,32,8,9,33,9
"2402050029",ZABDIYA,"2402",BANASKANTHA,"240205",DEESA,"2402050029",ZABDIYA,"24020514701",ZABDIYA PRI. SCH.,293,60,12,23,25,9,28,23
"2402050030",ZAVERINAGAR,"2402",BANASKANTHA,"240205",DEESA,"2402050030",ZAVERINAGAR,"24020502629",INADIRANAGAR PRI. SCH.,260,60,6,19,35,3,24,33
"2402050031",ZERDA,"2402",BANASKANTHA,"240205",DEESA,"2402050031",ZERDA,"24020505601",KANSARI PRI SCH.,243,60,15,28,17,19,32,9
"2402060001",BHESANA,"2402",BANASKANTHA,"240206",DEODAR,"2402060001",BHESANA,"24020606801",VADIYA PRI. SCH.,212,55,6,28,21,7,30,18
"2402060002",CHIBHDA,"2402",BANASKANTHA,"240206",DEODAR,"2402060002",CHIBHDA,"24020606101",SANAV PRI. SCH.,262,60,37,23,0,36,24,0
"2402060004",DEODAR-1,"2402",BANASKANTHA,"240206",DEODAR,"2402060004",DEODAR-1,"24020601509",DEODAR PRI. SCH. NO-3,336,60,18,25,17,9,26,25
"2402060003",DEODAR-2,"2402",BANASKANTHA,"240206",DEODAR,"2402060003",DEODAR-2,"24020601505",DEODAR PRI. SCH  NO-2,182,55,7,31,17,9,28,18
"2402060005",DUCHAKVADA,"2402",BANASKANTHA,"240206",DEODAR,"2402060005",DUCHAKVADA,"24020602101",DUCHAKVADA PAY CENTER SCH.,273,60,21,16,23,17,20,23
"2402060006",FORNA,"2402",BANASKANTHA,"240206",DEODAR,"2402060006",FORNA,"24020606602",SHRI SONI PRI. SCH.,285,60,8,30,22,8,28,24
"2402060007",JADA,"2402",BANASKANTHA,"240206",DEODAR,"2402060007",JADA,"24020602701",PMSHRI JADA ANUPAM PAGAR KENDRA SHALA,338,60,10,24,26,10,22,28
"2402060008",KOTARVADA,"2402",BANASKANTHA,"240206",DEODAR,"2402060008",KOTARVADA,"24020603101",KOTARVADA PRI. SCH.,306,60,35,9,16,22,34,4
"2402060009",LUDARA,"2402",BANASKANTHA,"240206",DEODAR,"2402060009",LUDARA,"24020603901",LUDARA PAY CENTER SCH.,319,56,10,18,28,6,21,29
"2402060010",PALDI,"2402",BANASKANTHA,"240206",DEODAR,"2402060010",PALDI,"24020608001",PALDI PAY CENTER SCH.,205,55,19,21,15,15,28,12
"2402060011",RAIYA,"2402",BANASKANTHA,"240206",DEODAR,"2402060011",RAIYA,"24020605401",RAIYA PAY CENTER SCH.,248,58,4,13,41,5,23,30
"2402060012",RAMPURA(DHU),"2402",BANASKANTHA,"240206",DEODAR,"2402060012",RAMPURA(DHU),"24020605103",NOKHA PRI. SCH.,227,60,16,21,23,8,25,27
"2402060013",RANTILA,"2402",BANASKANTHA,"240206",DEODAR,"2402060013",RANTILA,"24020605605",RANTILA PRI. SCH.,212,60,14,27,19,16,31,13
"2402060014",VATAM JUNA,"2402",BANASKANTHA,"240206",DEODAR,"2402060014",VATAM JUNA,"24020602801",JALODHA PRI. SCH.,178,60,16,8,36,16,7,37
"2402070001",ALWADA,"2402",BANASKANTHA,"240207",DHANERA,"2402070001",ALWADA,"24020700101",ALWADA PRI. SCH.,292,59,30,18,11,28,22,9
"2402070002",BAPLA,"2402",BANASKANTHA,"240207",DHANERA,"2402070002",BAPLA,"24020700901",BHTRAM PRI. SCH.,278,60,7,24,29,8,23,29
"2402070003",DHAKHA,"2402",BANASKANTHA,"240207",DHANERA,"2402070003",DHAKHA,"24020701304",DHAKHA PRI. SCH.-2,378,60,7,22,31,7,22,31
"2402070004",DHANERA,"2402",BANASKANTHA,"240207",DHANERA,"2402070004",DHANERA,"24020701401",P M SHRI DHANERA MISHRA SHALA NO-1,584,58,13,16,29,11,18,29
"2402070005",JADIYA,"2402",BANASKANTHA,"240207",DHANERA,"2402070005",JADIYA,"24020702501",HADTA PRI. SCH.,413,60,19,21,20,21,23,16
"2402070006",KHIMMAT,"2402",BANASKANTHA,"240207",DHANERA,"2402070006",KHIMMAT,"24020703401",KHIMAT PAY CENTER SCH.,342,60,17,25,18,13,27,20
"2402070007",LAVARA,"2402",BANASKANTHA,"240207",DHANERA,"2402070007",LAVARA,"24020704001",LAWARA PRI.SCH.,456,60,17,18,25,13,27,20
"2402070010",MOTI DUGDOL,"2402",BANASKANTHA,"240207",DHANERA,"2402070010",MOTI DUGDOL,"24020707901",VASAN PRI. SCH.,484,60,10,32,18,10,31,19
"2402070008",NENAVA,"2402",BANASKANTHA,"240207",DHANERA,"2402070008",NENAVA,"24020705001",NENAVA PAY CENTER SCHOOL,470,60,31,24,5,27,25,8
"2402070009",RAVIYA,"2402",BANASKANTHA,"240207",DHANERA,"2402070009",RAVIYA,"24020700301",ANAPURGADHH PRI. SCH.,426,60,11,19,30,10,30,20
"2402070011",SHERGADH,"2402",BANASKANTHA,"240207",DHANERA,"2402070011",SHERGADH,"24020701601",DHARNODHAR PRI. SCH.,376,60,15,25,20,8,30,22
"2402070012",THAVAR,"2402",BANASKANTHA,"240207",DHANERA,"2402070012",THAVAR,"24020707301",P M SHRI THAVAR ANUPAM PAY CENTER SCHOOL,550,60,12,29,19,12,28,20
"2402070013",VALER,"2402",BANASKANTHA,"240207",DHANERA,"2402070013",VALER,"24020705901",RUNI PRI. SCH.,434,60,11,35,14,10,28,22
"2402080001",AKOLI,"2402",BANASKANTHA,"240208",KANKAREJ,"2402080001",AKOLI,"24020811101",PADARDI PRI. SCH.,216,53,20,12,21,17,26,10
"2402160002",BHAVNAGAR,"2402",BANASKANTHA,"240208",KANKAREJ,"2402080002",BHAVNAGAR,"24020801601",CHANGA PRI. SCH.,245,58,15,21,22,13,21,24
"2402080003",BUKOLI,"2402",BANASKANTHA,"240208",KANKAREJ,"2402080003",BUKOLI,"24020809806",UMBARI PRI. SCHOOL,367,60,14,19,27,12,23,25
"2402080004",DUGRASAN,"2402",BANASKANTHA,"240208",KANKAREJ,"2402080004",DUGRASAN,"24020802401",DUGRASAN PAY CENTER SCHOOL,300,60,19,27,14,20,22,18
"2402160004",DUGRASAN,"2402",BANASKANTHA,"240208",KANKAREJ,"2402080004",DUGRASAN,"24020804601",KHASA PRI. SCH.,64,0,0,0,0,0,0,0
"2402160005",INDRAMANA,"2402",BANASKANTHA,"240208",KANKAREJ,"2402080005",INDRAMANA,"24020803201",INDRAMANA PAY CENTER SCHOOL,252,60,22,29,9,22,31,7
"2402080006",KAMBOI,"2402",BANASKANTHA,"240208",KANKAREJ,"2402080006",KAMBOI,"24020803805",KAMBOI PAY CENTER SCHOOL,370,60,20,28,12,17,30,13
"2402080007",KASARA,"2402",BANASKANTHA,"240208",KANKAREJ,"2402080007",KASARA,"24020800901",AGANVADA PAY CENTER SCHOOL,238,60,21,14,25,13,29,18
"2402160007",KASARA,"2402",BANASKANTHA,"240208",KANKAREJ,"2402080007",KASARA,"24020805902",MOTA JAMPUR PRI. SCH.,142,0,0,0,0,0,0,0
"2402160008",KHARIYA,"2402",BANASKANTHA,"240208",KANKAREJ,"2402080008",KHARIYA,"24020804501",PM SHRI KHARIYA PAY CENTER SCHOOL,246,56,13,32,11,4,36,16
"2402080009",KHIMANA,"2402",BANASKANTHA,"240208",KANKAREJ,"2402080009",KHIMANA,"24020804801",KHIMANA PAY CENTER SCHOOL,253,58,35,12,11,17,18,23
"2402080010",KHODA,"2402",BANASKANTHA,"240208",KANKAREJ,"2402080010",KHODA,"24020806301",NANOTA PRI. SCH.,248,58,14,23,21,11,26,21
"2402160011",NATHPURA,"2402",BANASKANTHA,"240208",KANKAREJ,"2402080011",NATHPURA,"24020806501",NATHPURA PAY CENTER SCHOOL,245,60,33,17,10,29,21,10
"2402080012",RANER,"2402",BANASKANTHA,"240208",KANKAREJ,"2402080012",RANER,"24020807501",RANER PAY CENTER SCHOOL,268,60,18,33,9,13,36,11
"2402080013",SHIHORI,"2402",BANASKANTHA,"240208",KANKAREJ,"2402080013",SHIHORI,"24020808601",SHIHORI -1  PAY CENTER SCHOOL,348,60,13,24,23,8,35,17
"2402080014",SHIHORI-2,"2402",BANASKANTHA,"240208",KANKAREJ,"2402080014",SHIHORI-2,"24020808604",SHIHORI-2 PAY CENTER SCHOOL,208,60,10,23,27,7,13,40
"2402160015",SHIRVADA,"2402",BANASKANTHA,"240208",KANKAREJ,"2402080015",SHIRVADA,"24020808701",SHIRVADA PAY CENTER SCHOOL,251,60,15,15,30,10,25,25
"2402160016",TANA,"2402",BANASKANTHA,"240208",KANKAREJ,"2402080016",TANA,"24020806101",NANA JAMPUR PRI. SCH.,148,60,11,34,15,9,27,24
"2402160017",TERVADA,"2402",BANASKANTHA,"240208",KANKAREJ,"2402080017",TERVADA,"24020809302",TERVADA PAY CENTER SCHOOL,265,46,8,31,7,8,31,7
"2402160018",THARA-1,"2402",BANASKANTHA,"240208",KANKAREJ,"2402080018",THARA-1,"24020809511",PM SHRI THARA ANUPAM PAY CENTER SCHOOL NO 2,389,57,7,25,25,9,25,23
"2402160019",TOTANA,"2402",BANASKANTHA,"240208",KANKAREJ,"2402080019",TOTANA,"24020809601",TOTANA PAY CENTER SCHOOL,349,60,23,35,2,20,31,9
"2402160020",UN,"2402",BANASKANTHA,"240208",KANKAREJ,"2402080020",UN,"24020809901",UN PAY CENTER SCHOOL,293,60,9,39,12,11,27,22
"2402160021",VADA,"2402",BANASKANTHA,"240208",KANKAREJ,"2402080021",VADA,"24020801101",BALOCHPUR PRI. SCH.,183,60,16,11,33,19,15,26
"2402130001",AGTHALA,"2402",BANASKANTHA,"240213",LAKHANI,"2402130001",AGTHALA,"24021308101",MORAL PRI. SCH.,246,59,15,24,20,21,19,19
"2402130002",CHALVA,"2402",BANASKANTHA,"240213",LAKHANI,"2402130002",CHALVA,"24021316901",LIMBAU PRI. SCH.,256,60,22,10,28,15,30,15
"2402130003",CHITRODA,"2402",BANASKANTHA,"240213",LAKHANI,"2402130003",CHITRODA,"24021305801",KATARAVA PRI. SCH.,222,52,11,17,24,10,23,19
"2402130004",DHROBA,"2402",BANASKANTHA,"240213",LAKHANI,"2402130004",DHROBA,"24021316501",DHUNSOL PRI. SCH.,309,60,16,37,7,12,36,12
"2402130005",GELA,"2402",BANASKANTHA,"240213",LAKHANI,"2402130005",GELA,"24021300501",ASASAN PRI. SCH.,177,60,11,8,41,12,6,42
"2402130006",JADIYALI,"2402",BANASKANTHA,"240213",LAKHANI,"2402130006",JADIYALI,"24021304801",JADIYALI PRI. SCH.,436,60,11,16,33,7,30,23
"2402130007",JASARA,"2402",BANASKANTHA,"240213",LAKHANI,"2402130007",JASARA,"24021306301",KOTDA PRI. SCH.,220,55,7,25,23,8,18,29
"2402130008",KAPARAMOTA,"2402",BANASKANTHA,"240213",LAKHANI,"2402130008",KAPARAMOTA,"24021309803",PEPLU PAY CENTER SHALA,255,58,11,19,28,16,18,24
"2402130009",KUDA,"2402",BANASKANTHA,"240213",LAKHANI,"2402130009",KUDA,"24021301801",CHEKARA PRI. SCH.,260,60,15,25,20,7,32,21
"2402130010",LAKHANI,"2402",BANASKANTHA,"240213",LAKHANI,"2402130010",LAKHANI,"24021306903",LAKHANI PRI SCH PAY CENTER-2,430,60,6,15,39,7,28,25
"2402130011",LAVANA,"2402",BANASKANTHA,"240213",LAKHANI,"2402130011",LAVANA,"24021316801",LAVANA PAY CENTER SCH.,245,60,12,21,27,15,18,27
"2402130012",MADAL,"2402",BANASKANTHA,"240213",LAKHANI,"2402130012",MADAL,"24021307901",MADAL PRI. SCH.,232,60,9,27,24,5,34,21
"2402130013",NANI,"2402",BANASKANTHA,"240213",LAKHANI,"2402130013",NANI,"24021308702",NANI PAY CENTER SCHOOL,206,60,7,22,31,13,16,31
"2402130014",TARUVA,"2402",BANASKANTHA,"240213",LAKHANI,"2402130014",TARUVA,"24021304201",GANATA PRI. SCH.,242,60,11,27,22,9,39,12
"2402130015",VASANA(VA),"2402",BANASKANTHA,"240213",LAKHANI,"2402130015",VASANA(VA),"24021307701",MANKI PRI. SCH.,173,55,23,23,9,16,26,13
"2402090001",ADHYA SHAKTI INDIRA,"2402",BANASKANTHA,"240209",PALANPUR,"2402090001",ADHYA SHAKTI INDIRA,"24020908703",GANESHPURA PRI. SCH.,368,60,12,28,20,12,28,20
"2402090003",BHUTEDI,"2402",BANASKANTHA,"240209",PALANPUR,"2402090003",BHUTEDI,"24020901801",BHATAMAL MOTI PRI. SCH.,294,60,12,24,24,6,25,29
"2402090004",BRANCH SCH.-1,"2402",BANASKANTHA,"240209",PALANPUR,"2402090004",BRANCH SCH.-1,"24020908710",BRANCH SCH. NO-1,372,60,13,23,24,13,21,26
"2402090005",CHADOTAR,"2402",BANASKANTHA,"240209",PALANPUR,"2402090005",CHADOTAR,"24020902301",CHADOTAR PRI. SCH.,408,60,6,11,43,6,14,40
"2402090006",CHANDISAR-1,"2402",BANASKANTHA,"240209",PALANPUR,"2402090006",CHANDISAR-1,"24020902401",CHANDISAR PRI. SCH.1,295,60,14,22,24,11,26,23
"2402090007",CHITRASANI,"2402",BANASKANTHA,"240209",PALANPUR,"2402090007",CHITRASANI,"24020902601",CHITRASANI PAY CENTER SCH.,151,52,14,20,18,19,19,14
"2402090008",DHANDHA,"2402",BANASKANTHA,"240209",PALANPUR,"2402090008",DHANDHA,"24020903001",DHANDHA PAY CENTER SCH.,211,56,11,30,15,10,30,16
"2402090009",GADH,"2402",BANASKANTHA,"240209",PALANPUR,"2402090009",GADH,"24020907301",MADANA(GADHH) PRI. SCH.,215,59,20,26,13,23,21,15
"2402090010",GOLA,"2402",BANASKANTHA,"240209",PALANPUR,"2402090010",GOLA,"24020916601",GOLA PAY CENTER SCH.,264,60,12,27,21,15,28,17
"2402090002",JAGANA,"2402",BANASKANTHA,"240209",PALANPUR,"2402090002",JAGANA,"24020905002",JAGANA PRI. SCH.,414,60,10,16,34,11,10,39
"2402090011",JAMPURA,"2402",BANASKANTHA,"240209",PALANPUR,"2402090011",JAMPURA,"24020911401",SONGADH PRI. SCH.,236,60,17,19,24,12,30,18
"2402090013",KANODAR-1,"2402",BANASKANTHA,"240209",PALANPUR,"2402090013",KANODAR-1,"24020905702",KANODAR PRI. SCH. NO-2,345,60,10,18,32,10,18,32
"2402090012",K.M.CHOKSI,"2402",BANASKANTHA,"240209",PALANPUR,"2402090012",K.M.CHOKSI,"24020908712",BRANCH SCH. NO-4 FASIYA TEKRA,365,60,12,17,31,11,18,31
"2402090014",KUMBHASAN,"2402",BANASKANTHA,"240209",PALANPUR,"2402090014",KUMBHASAN,"24020906301",KHODLA PRI. SCH.,251,51,10,21,20,9,24,18
"2402090015",MALAN,"2402",BANASKANTHA,"240209",PALANPUR,"2402090015",MALAN,"24020907401",SMT. N. C. SHAH AND SMT. M. A. SONI PRI. SCH. MALAN,542,60,15,15,30,6,27,27
"2402090016",MALANA,"2402",BANASKANTHA,"240209",PALANPUR,"2402090016",MALANA,"24020900801",ANTROLI PRI. SCH.,389,57,10,25,22,6,27,24
"2402090017",RATANPUR,"2402",BANASKANTHA,"240209",PALANPUR,"2402090017",RATANPUR,"24020915401",SEJALPURA PRI. SCH.,158,51,13,11,27,9,19,23
"2402090018",SADARPUR,"2402",BANASKANTHA,"240209",PALANPUR,"2402090018",SADARPUR,"24020910002",RAMPURA(SADARPUR) PRI. SCH.,299,60,18,22,20,17,22,21
"2402090019",SUNDHA,"2402",BANASKANTHA,"240209",PALANPUR,"2402090019",SUNDHA,"24020910601",SAMDHI NA. VAS PRI. SCH.,342,60,17,19,24,16,22,22
"2402090020",TAKARVADA,"2402",BANASKANTHA,"240209",PALANPUR,"2402090020",TAKARVADA,"24020904001",GATHAMAN PRI. SCH.,374,60,5,23,32,8,17,35
"2402140001",BENAP,"2402",BANASKANTHA,"240214",SUIGAM,"2402140001",BENAP,"24021401001",BENAP PAY CENTER SCH.,176,60,17,32,11,15,34,11
"2402140002",BHARADAVA,"2402",BANASKANTHA,"240214",SUIGAM,"2402140002",BHARADAVA,"24021401502",BHARADAVA PAY CENTER SCH.,203,54,1,15,38,2,21,31
"2402140003",DHRECHANA,"2402",BANASKANTHA,"240214",SUIGAM,"2402140003",DHRECHANA,"24021410601",SONETH PRI. SCH.,203,60,28,22,10,9,36,15
"2402140004",JELANA,"2402",BANASKANTHA,"240214",SUIGAM,"2402140004",JELANA,"24021405301",JELANA PRI. SCH.,206,54,8,21,25,4,25,25
"2402140005",MORVADA,"2402",BANASKANTHA,"240214",SUIGAM,"2402140005",MORVADA,"24021408301",MORVADA PRI. SCH.,378,60,21,31,8,17,33,10
"2402140006",RADKA,"2402",BANASKANTHA,"240214",SUIGAM,"2402140006",RADKA,"24021405401",JORAVARGADH PRI. SCH.,221,60,21,27,12,16,32,12
"2402140007",SUIGAM,"2402",BANASKANTHA,"240214",SUIGAM,"2402140007",SUIGAM,"24021410701",SUIGAM PAY CENTER SCH.,286,56,22,21,13,9,28,19
"2402100001",BHACHAR,"2402",BANASKANTHA,"240210",THARAD,"2402100001",BHACHAR,"24021002501",CHUDMER PRI. SCH.,338,60,11,26,23,10,33,17
"2402100002",BHALASARA,"2402",BANASKANTHA,"240210",THARAD,"2402100002",BHALASARA,"24021006401",KHENGARPURA PRI. SCH.,201,58,16,29,13,11,27,20
"2434020002",BHALASARA,"2402",BANASKANTHA,"240210",THARAD,"2402100002",BHALASARA,"24021001101",BHALASARA PRI. SCH.,243,0,0,0,0,0,0,0
"2402100003",BHOROL,"2402",BANASKANTHA,"240210",THARAD,"2402100003",BHOROL,"24021004001",GADSISAR PRI. SCH.,246,60,4,13,43,5,10,45
"2402100004",DEL,"2402",BANASKANTHA,"240210",THARAD,"2402100004",DEL,"24021009001",MOTI PAVAD PRI. SCH.,292,57,12,18,27,5,20,32
"2402100005",DODGAM,"2402",BANASKANTHA,"240210",THARAD,"2402100005",DODGAM,"24021002201",CHARDA PRI. SCH.,325,57,17,17,23,19,14,24
"2402100006",DUDHAVA,"2402",BANASKANTHA,"240210",THARAD,"2402100006",DUDHAVA,"24021003801",DUDHVA PAY CENTER SCH.,368,60,12,19,29,9,22,29
"2434020007",DUVA,"2402",BANASKANTHA,"240210",THARAD,"2402100007",DUVA,"24021003101",DEDUVA PRI. SCH.,341,60,10,27,23,13,24,23
"2434020008",JADARA,"2402",BANASKANTHA,"240210",THARAD,"2402100008",JADARA,"24021000801",BEVATA PRI. SCH.,301,60,28,18,14,21,19,20
"2402100009",JAMADA,"2402",BANASKANTHA,"240210",THARAD,"2402100009",JAMADA,"24021007501",LORWADA PRI. SCH.,219,53,10,22,21,9,25,19
"2402100010",JETDA,"2402",BANASKANTHA,"240210",THARAD,"2402100010",JETDA,"24021005501",JETDA PRI. SCH.,246,59,23,28,8,22,25,12
"2402100011",KHODA,"2402",BANASKANTHA,"240210",THARAD,"2402100011",KHODA,"24021008601",MIYAL PRI. SCH.,425,60,14,23,23,6,29,25
"2434020011",KHODA,"2402",BANASKANTHA,"240210",THARAD,"2402100011",KHODA,"24021013401",VARA PRI. SCH.,212,0,0,0,0,0,0,0
"2434020012",LUVANA,"2402",BANASKANTHA,"240210",THARAD,"2402100012",LUVANA,"24021002101",CHANGADA PRI. SCH.,212,60,8,20,32,13,29,18
"2402100013",MALIFARM,"2402",BANASKANTHA,"240210",THARAD,"2402100013",MALIFARM,"24021006601",KHORDA PRI. SCH.,248,56,6,13,37,11,12,33
"2402100014",MALUPUR,"2402",BANASKANTHA,"240210",THARAD,"2402100014",MALUPUR,"24021013001",VAJEGADH PRI. SCH.,409,60,21,17,22,12,30,18
"2434020015",MORTHAL,"2402",BANASKANTHA,"240210",THARAD,"2402100015",MORTHAL,"24021008801",MORTHAL PRI. SCH.,381,60,28,21,11,20,23,17
"2402100016",NAROLI,"2402",BANASKANTHA,"240210",THARAD,"2402100016",NAROLI,"24021009501",NAROLI PAY CENTER SCH.,250,60,20,26,14,14,30,16
"2402100017",PILUDA,"2402",BANASKANTHA,"240210",THARAD,"2402100017",PILUDA,"24021010201",PILUDA PAY CENTER SCH.,272,60,24,14,22,18,16,26
"2434020018",RAH,"2402",BANASKANTHA,"240210",THARAD,"2402100018",RAH,"24021010501",RAH PAY CENTER SCH.,332,60,16,23,21,16,20,24
"2402100019",RAMPURA,"2402",BANASKANTHA,"240210",THARAD,"2402100019",RAMPURA,"24021011601",SAVPURA PRI. SCH.,285,50,10,16,24,9,9,32
"2402100020",RANESARI,"2402",BANASKANTHA,"240210",THARAD,"2402100020",RANESARI,"24021000301",ANTROL PRI. SCH.,246,60,15,24,21,14,24,22
"2434020021",SIDHOTARA,"2402",BANASKANTHA,"240210",THARAD,"2402100021",SIDHOTARA,"24021009901",PAVADASAN PRI. SCH.,284,53,16,27,10,7,25,21
"2402100022",THARAD,"2402",BANASKANTHA,"240210",THARAD,"2402100022",THARAD,"24021012405",ANANDNAGAR PRI. SCH.-3,533,60,12,19,29,5,22,33
"2402100023",UNDRANA,"2402",BANASKANTHA,"240210",THARAD,"2402100023",UNDRANA,"24021001701",BHORDU PRI. SCH.,338,60,12,25,23,5,29,26
"2402100024",VADGAMDA,"2402",BANASKANTHA,"240210",THARAD,"2402100024",VADGAMDA,"24021013601",ZENTA PRI. SCH.,216,60,17,26,17,14,28,18
"2402100025",VALADAR,"2402",BANASKANTHA,"240210",THARAD,"2402100025",VALADAR,"24021002601",DANTIYA PRI. SCH.,251,0,0,0,0,0,0,0
"2434020025",VALADAR,"2402",BANASKANTHA,"240210",THARAD,"2402100025",VALADAR,"24021001901",BHURIYA PRI. SCH.,217,59,17,11,31,5,21,33
"2402100026",VAMI,"2402",BANASKANTHA,"240210",THARAD,"2402100026",VAMI,"24021001201",BHAPDI PRI. SCH.,195,60,12,7,41,21,24,15
"2402110001",CHHAPI,"2402",BANASKANTHA,"240211",VADGAM,"2402110001",CHHAPI,"24021100101",ADRANA PRI. BUNIYADI SCH.,287,50,6,24,20,8,12,30
"2402110002",DHOTA,"2402",BANASKANTHA,"240211",VADGAM,"2402110002",DHOTA,"24021104501",KARSANPURA PRI.SCH.,180,51,5,23,23,2,34,15
"2402110003",JALOTRA,"2402",BANASKANTHA,"240211",VADGAM,"2402110003",JALOTRA,"24021103701",JALOTRA PRI. SCH.,498,60,17,19,24,17,22,21
"2402110004",KALEDA,"2402",BANASKANTHA,"240211",VADGAM,"2402110004",KALEDA,"24021111001",VASANA(SE) PRI. SCH.,107,56,13,21,22,11,22,23
"2402110005",MAJADAR,"2402",BANASKANTHA,"240211",VADGAM,"2402110005",MAJADAR,"24021105001",MAGARWADA PAY CENTER SCH.,171,52,19,13,20,18,16,18
"2402110006",MEMADPUR,"2402",BANASKANTHA,"240211",VADGAM,"2402110006",MEMADPUR,"24021108801",RUPAL PRI. SCH,218,59,9,21,29,10,19,30
"2402110007",META,"2402",BANASKANTHA,"240211",VADGAM,"2402110007",META,"24021100701",BASU PAY CENTER SCHOOL NO 1,538,60,10,29,21,8,24,28
"2402110008",MUMANVAS,"2402",BANASKANTHA,"240211",VADGAM,"2402110008",MUMANVAS,"24021106701",MUMANVAS PRI. SCH.,477,53,12,25,16,16,13,24
"2402110009",NANDOTRA,"2402",BANASKANTHA,"240211",VADGAM,"2402110009",NANDOTRA,"24021107101",NANDOTRA PAY CENTER SCH.,251,58,8,14,36,8,15,35
"2402110010",PANCHADA,"2402",BANASKANTHA,"240211",VADGAM,"2402110010",PANCHADA,"24021109601",SISRANA PAY CENTER SCH.,220,60,15,28,17,17,21,22
"2402110011",PILUCHA,"2402",BANASKANTHA,"240211",VADGAM,"2402110011",PILUCHA,"24021104703",KODRAM PAY CENTER SCH.,246,55,19,19,17,18,20,17
"2402110012",TENIWADA,"2402",BANASKANTHA,"240211",VADGAM,"2402110012",TENIWADA,"24021108601",PIROJPURA PRI. SCH.,250,55,19,16,20,16,24,15
"2402110013",VADGAM,"2402",BANASKANTHA,"240211",VADGAM,"2402110013",VADGAM,"24021110401",VADGAM PRI SCH.-1,224,59,14,27,18,13,30,16
"2434010001",BALUNTRI,"2402",BANASKANTHA,"240212",VAV,"2402120001",BALUNTRI,"24021206801",KUNDALIYA PRI. SCH.,312,60,20,24,16,20,23,17
"2402120002",BHADVEL,"2402",BANASKANTHA,"240212",VAV,"2402120002",BHADVEL,"24021203101",DETHALI PRI. SCH.,288,60,16,21,23,15,21,24
"2402120003",BHATVAR,"2402",BANASKANTHA,"240212",VAV,"2402120003",BHATVAR,"24021203001",DENDAVA PRI. SCH.,202,51,9,27,15,6,26,19
"2402120004",BUKANA,"2402",BANASKANTHA,"240212",VAV,"2402120004",BUKANA,"24021202001",BUKNA PRI. SCH.,211,0,0,0,0,0,0,0
"2434010004",BUKANA,"2402",BANASKANTHA,"240212",VAV,"2402120004",BUKANA,"24021204701",GOLGAM PRI. SCH.,275,60,26,21,13,18,20,22
"2434010005",DAIYAP,"2402",BANASKANTHA,"240212",VAV,"2402120005",DAIYAP,"24021207801",MAVSARI PAY CENTER SCH.,357,60,18,16,26,13,21,26
"2434010006",DHIMA,"2402",BANASKANTHA,"240212",VAV,"2402120006",DHIMA,"24021203701",DHIMA PAY CENTER SCH.,220,59,12,27,20,10,21,28
"2434010007",GAMBHIRPURA,"2402",BANASKANTHA,"240212",VAV,"2402120007",GAMBHIRPURA,"24021202701",CHUVA PRI. SCH.,271,59,4,27,28,5,34,20
"2402120008",KHIMANAVAS,"2402",BANASKANTHA,"240212",VAV,"2402120008",KHIMANAVAS,"24021202301",CHANDARVA PRI. SCH.,251,59,15,30,14,4,29,26
"2402120009",MADKA,"2402",BANASKANTHA,"240212",VAV,"2402120009",MADKA,"24021211201",TIRTHGAM PRI. SCH.,221,57,11,24,22,10,22,25
"2402120010",MORIKHA,"2402",BANASKANTHA,"240212",VAV,"2402120010",MORIKHA,"24021208202",MORIKHA PRI. SCH.,266,60,16,14,30,7,25,28
"2434010011",SANVAL,"2402",BANASKANTHA,"240212",VAV,"2402120011",SANVAL,"24021210001",SANVAL PRI. SCH.,269,60,3,38,19,3,38,19
"2434010012",SAPREDA,"2402",BANASKANTHA,"240212",VAV,"2402120012",SAPREDA,"24021210101",SAPREDA PRI. SCH.,247,56,22,20,14,10,35,11
"2434010013",TADAV,"2402",BANASKANTHA,"240212",VAV,"2402120013",TADAV,"24021210801",TADAV PAY CENTER SCH.,368,60,11,27,22,10,25,25
"2402120014",VASRADA,"2402",BANASKANTHA,"240212",VAV,"2402120014",VASRADA,"24021211901",VASARDA PAY CENTER SCH.,207,58,7,26,25,8,27,23
"2402120015",VAV-1,"2402",BANASKANTHA,"240212",VAV,"2402120015",VAV-1,"24021212008",VAV-2 PRI. SCH.,345,56,7,20,29,8,20,28
"2421010001",ACHHOD KUMAR,"2421",BHARUCH,"242101",AMOD,"2421010001",ACHHOD KUMAR,"24210100102",ACHHOD KANYA P. S.,223,52,2,4,46,0,4,48
"2421010003",AMODKUMAR,"2421",BHARUCH,"242101",AMOD,"2421010003",AMODKUMAR,"24210100402",AMOD KANYA P. S.,135,54,10,12,32,8,26,20
"2421010002",AMOD MISRA 2,"2421",BHARUCH,"242101",AMOD,"2421010002",AMOD MISRA 2,"24210100405",AMOD MISRA - 1 P. S.,235,56,14,21,21,11,25,20
"2421010004",DORA,"2421",BHARUCH,"242101",AMOD,"2421010004",DORA,"24210101301",DORA P. S.,134,52,11,29,12,11,25,16
"2421010005",SAMNI,"2421",BHARUCH,"242101",AMOD,"2421010005",SAMNI,"24210102201",KERVADA P. S.,142,57,34,14,9,29,15,13
"2421010006",SARBHAN KUMAR,"2421",BHARUCH,"242101",AMOD,"2421010006",SARBHAN KUMAR,"24210103101",MATAR P. S.,172,53,10,23,20,8,28,17
"2421020001",ANDADA KUMAR,"2421",BHARUCH,"242102",ANKLESHWAR,"2421020001",ANDADA KUMAR,"24210201701",GADKHOL P. S.,208,60,14,27,19,9,33,18
"2421020002",DADHAL,"2421",BHARUCH,"242102",ANKLESHWAR,"2421020002",DADHAL,"24210206001",SARANGPUR P. S.,339,60,13,21,26,12,23,25
"2421020004",NAVABORBHATHA,"2421",BHARUCH,"242102",ANKLESHWAR,"2421020004",NAVABORBHATHA,"24210204401",NAVA DIVA P. S.,227,53,32,21,0,31,21,1
"2421020003",NAVA KANSIA,"2421",BHARUCH,"242102",ANKLESHWAR,"2421020003",NAVA KANSIA,"24210204601",NAVA KANSIYA P. S.,163,52,13,20,19,15,20,17
"2421020005",NOBARIYA COMPOUND(KUMAR BRANCH-4),"2421",BHARUCH,"242102",ANKLESHWAR,"2421020005",NOBARIYA COMPOUND(KUMAR BRANCH-4),"24210200751",HINDI MADHYAM P.S NP,217,0,0,0,0,0,0,0
"2421020006",PANOLI,"2421",BHARUCH,"242102",ANKLESHWAR,"2421020006",PANOLI,"24210203301",KHAROD P. S.,228,58,14,22,22,12,19,27
"2421020007",PIRAMAN,"2421",BHARUCH,"242102",ANKLESHWAR,"2421020007",PIRAMAN,"24210200801",SHREE SARDAR PATEL P.S.,480,60,14,23,23,10,27,23
"2421020008",SAJOD KUMAR,"2421",BHARUCH,"242102",ANKLESHWAR,"2421020008",SAJOD KUMAR,"24210204301",NAVA DHANTURIYA P. S.,205,46,10,15,21,5,14,27
"2421020009",SISODRA,"2421",BHARUCH,"242102",ANKLESHWAR,"2421020009",SISODRA,"24210205301",PILUDRA P. S.,73,44,5,25,14,4,25,15
"2421030001",BHADBHUT,"2421",BHARUCH,"242103",BHARUCH,"2421030001",BHADBHUT,"24210300701",BHADBHUT P. S.,206,50,4,32,14,5,22,23
"2421030002",BHOLAV,"2421",BHARUCH,"242103",BHARUCH,"2421030002",BHOLAV,"24210307001",RAHADPOR P. S.,136,57,7,23,27,8,21,28
"2421030003",CHHIPWAD,"2421",BHARUCH,"242103",BHARUCH,"2421030003",CHHIPWAD,"24210300915",VEJALPUR MISHRA - 15 P.S,133,56,37,19,0,30,17,9
"2421030004",DANDIYA BAZAR,"2421",BHARUCH,"242103",BHARUCH,"2421030004",DANDIYA BAZAR,"24210300939",DANDIA BAZAR P.S. NO - 6,147,58,9,29,20,8,26,24
"2421030005",KANTHARIYA,"2421",BHARUCH,"242103",BHARUCH,"2421030005",KANTHARIYA,"24210303202",KANTHARIYA KANYA P. S.,270,57,3,26,28,8,17,32
"2421030006",KARMAD,"2421",BHARUCH,"242103",BHARUCH,"2421030006",KARMAD,"24210302701",HINGLOT P. S.,127,51,12,20,19,13,19,19
"2421030007",NABIPUR,"2421",BHARUCH,"242103",BHARUCH,"2421030007",NABIPUR,"24210306501",PAGUTHAN P. S.,175,55,27,23,5,14,24,17
"2421030008",NIKORA,"2421",BHARUCH,"242103",BHARUCH,"2421030008",NIKORA,"24210306204",NIKORA P.S,133,55,25,28,2,27,25,3
"2421030009",STATION ROAD,"2421",BHARUCH,"242103",BHARUCH,"2421030009",STATION ROAD,"24210300956",STATION RAOD MISHRA SHALA-39,148,59,11,33,15,16,22,21
"2421030010",TANKARIYA,"2421",BHARUCH,"242103",BHARUCH,"2421030010",TANKARIYA,"24210306801",PARKHET P. S.,200,51,15,29,7,14,35,2
"2421030011",TRALSA,"2421",BHARUCH,"242103",BHARUCH,"2421030011",TRALSA,"24210304401",KOTHI P. S.,183,50,6,15,29,6,15,29
"2421030012",VAREDIYA,"2421",BHARUCH,"242103",BHARUCH,"2421030012",VAREDIYA,"24210306602",PALEJ KANYA P. S.,155,60,9,23,28,7,25,28
"2421030013",ZADESHWAR,"2421",BHARUCH,"242103",BHARUCH,"2421030013",ZADESHWAR,"24210302801",JUNA TAVRA P. S.,190,53,6,28,19,8,25,20
"2421030014",ZANOR,"2421",BHARUCH,"242103",BHARUCH,"2421030014",ZANOR,"24210310002",ZANOR KANYA P. S.,130,50,11,30,9,9,24,17
"2421040001",HANSOT KUMAR,"2421",BHARUCH,"242104",HANSOT,"2421040001",HANSOT KUMAR,"24210401703",URDU MISRA P. S.,72,0,0,0,0,0,0,0
"2421040003",KHARACH,"2421",BHARUCH,"242104",HANSOT,"2421040003",KHARACH,"24210400401",AMOD P. S.,163,58,7,26,25,5,21,32
"2421040004",ROHID,"2421",BHARUCH,"242104",HANSOT,"2421040004",ROHID,"24210404401",VALNER P. S.,59,51,26,22,3,16,25,10
"2421050001",ANKHI,"2421",BHARUCH,"242105",JAMBUSAR,"2421050001",ANKHI,"24210501301",DABHA P. S.,271,52,30,21,1,31,15,6
"2421050002",BHADKODRA,"2421",BHARUCH,"242105",JAMBUSAR,"2421050002",BHADKODRA,"24210501701",DEVLA KUMAR P. S.,201,57,3,20,34,6,18,33
"2421050003",HASTI FALIYA,"2421",BHARUCH,"242105",JAMBUSAR,"2421050003",HASTI FALIYA,"24210502509",RAILWAY VISTAR P. S.,441,60,5,27,28,4,26,30
"2421050004",JANTRAN,"2421",BHARUCH,"242105",JAMBUSAR,"2421050004",JANTRAN,"24210502601",JANTRAN P. S.,107,52,8,29,15,7,26,19
"2421050005",KAVI,"2421",BHARUCH,"242105",JAMBUSAR,"2421050005",KAVI,"24210501502",DAHGAM KANYA P.S.,159,51,14,25,12,4,27,20
"2421050006",NODHANA,"2421",BHARUCH,"242105",JAMBUSAR,"2421050006",NODHANA,"24210508401",VEDACH KUMAR P. S.,206,55,24,27,4,11,36,8
"2421050007",PILUDRA,"2421",BHARUCH,"242105",JAMBUSAR,"2421050007",PILUDRA,"24210506101",PILUDRA P. S.,332,55,6,33,16,11,25,19
"2421050008",SAROD,"2421",BHARUCH,"242105",JAMBUSAR,"2421050008",SAROD,"24210506703",SAROD VANTA P.S.,198,52,13,20,19,15,7,30
"2421050009",TALUKA SHALA,"2421",BHARUCH,"242105",JAMBUSAR,"2421050009",TALUKA SHALA,"24210503801",KHANPUR KUMAR P.S,167,52,9,23,20,12,16,24
"2421050010",TANKARI,"2421",BHARUCH,"242105",JAMBUSAR,"2421050010",TANKARI,"24210502801",KALAK P. S.,134,52,36,16,0,32,18,2
"2421090001",ASNAVI,"2421",BHARUCH,"242109",NETRANG,"2421090001",ASNAVI,"24210901701",ASNAVI P.S.,77,50,14,25,11,5,23,22
"2421090002",BILOTHI,"2421",BHARUCH,"242109",NETRANG,"2421090002",BILOTHI,"24210905801",MOTA JAMBUDA P. S.,102,50,34,16,0,21,29,0
"2421090003",GALIBA,"2421",BHARUCH,"242109",NETRANG,"2421090003",GALIBA,"24210905701",KHARETHA P.S.,150,50,11,27,12,6,33,11
"2421090004",KAKADKUI,"2421",BHARUCH,"242109",NETRANG,"2421090004",KAKADKUI,"24210908602",THAVA BRANCH P. S.,169,51,4,32,15,5,30,16
"2421090005",KATIPADA,"2421",BHARUCH,"242109",NETRANG,"2421090005",KATIPADA,"24210906301",KOCHBAR P.S.,131,50,33,14,3,34,13,3
"2421090006",KOYLI MANDVI,"2421",BHARUCH,"242109",NETRANG,"2421090006",KOYLI MANDVI,"24210905201",KOYLI MANDVI P. S.,125,50,17,25,8,17,25,8
"2421090007",MAUZA,"2421",BHARUCH,"242109",NETRANG,"2421090007",MAUZA,"24210906001",MOUZA P. S.,149,50,13,27,10,16,26,8
"2421090008",MORIYANA,"2421",BHARUCH,"242109",NETRANG,"2421090008",MORIYANA,"24210907601",MOTA MALPOR P.S.,95,50,18,30,2,18,31,1
"2421090009",NETRANG KUMAR,"2421",BHARUCH,"242109",NETRANG,"2421090009",NETRANG KUMAR,"24210906404",JUNA NETRANG P. S.,184,52,5,25,22,6,24,22
"2421060001",DAHEJ KUMAR,"2421",BHARUCH,"242106",VAGRA,"2421060001",DAHEJ KUMAR,"24210601201",DAHEJ KUMAR P. S.,269,47,8,18,21,6,21,20
"2421060002",KADODARA,"2421",BHARUCH,"242106",VAGRA,"2421060002",KADODARA,"24210602001",KADODRA P. S.,170,51,4,30,17,3,31,17
"2421060003",PAKHAJAN,"2421",BHARUCH,"242106",VAGRA,"2421060003",PAKHAJAN,"24210601101",CHANCHVEL P. S.,218,57,22,32,3,18,32,7
"2421060004",RAHIYAD,"2421",BHARUCH,"242106",VAGRA,"2421060004",RAHIYAD,"24210604601",RAHIYAD P. S.,137,52,9,24,19,6,24,22
"2421060005",VAGRA KUMAR,"2421",BHARUCH,"242106",VAGRA,"2421060005",VAGRA KUMAR,"24210606002",VAGRA KANYA P. S.,157,34,14,13,7,8,20,6
"2421060006",VORASAMNI,"2421",BHARUCH,"242106",VAGRA,"2421060006",VORASAMNI,"24210606601",VILAYAT P. S.,127,53,4,18,31,1,17,35
"2421070001",DAHELI,"2421",BHARUCH,"242107",VALIA,"2421070001",DAHELI,"24210701801",DAHELI KUMAR P. S.,91,50,11,33,6,11,21,18
"2421070002",DOLATPUR,"2421",BHARUCH,"242107",VALIA,"2421070002",DOLATPUR,"24210702501",DOLATPUR P. S.,92,49,10,38,1,5,30,14
"2421070003",GUNDIA,"2421",BHARUCH,"242107",VALIA,"2421070003",GUNDIA,"24210703101",GUNDIA P. S.,163,50,4,31,15,8,27,15
"2421070004",KARA,"2421",BHARUCH,"242107",VALIA,"2421070004",KARA,"24210705401",LUNA P. S.,96,50,29,11,10,23,20,7
"2421070005",KONDH,"2421",BHARUCH,"242107",VALIA,"2421070005",KONDH,"24210705003",KONDH P.S.,249,55,10,26,19,12,23,20
"2421070006",PATHAR,"2421",BHARUCH,"242107",VALIA,"2421070006",PATHAR,"24210709901",ZOKHALA P.S,120,50,2,23,25,2,31,17
"2421070007",SODGAM,"2421",BHARUCH,"242107",VALIA,"2421070007",SODGAM,"24210700501",BHAMADIA P. S.,76,45,14,24,7,6,20,19
"2421070008",VALIA,"2421",BHARUCH,"242107",VALIA,"2421070008",VALIA,"24210709002",SARDARNAGAR P. S.,107,51,10,31,10,8,25,18
"2421080001",AMALZAR,"2421",BHARUCH,"242108",ZAGHADIA,"2421080001",AMALZAR,"24210800301",AMALZAR P.S.,60,44,5,16,23,5,19,20
"2421080002",BHALOD,"2421",BHARUCH,"242108",ZAGHADIA,"2421080002",BHALOD,"24210816301",NAVA TOTHIDRA,129,56,4,41,11,4,40,12
"2421080003",DARIYA,"2421",BHARUCH,"242108",ZAGHADIA,"2421080003",DARIYA,"24210807301",MORAN P.S.,66,30,7,15,8,6,12,12
"2421080004",DHAROLI,"2421",BHARUCH,"242108",ZAGHADIA,"2421080004",DHAROLI,"24210814601",VASNA P.S.,61,51,9,27,15,9,35,7
"2421080005",GOVALI,"2421",BHARUCH,"242108",ZAGHADIA,"2421080005",GOVALI,"24210803801",GOVALI P.S.,191,54,28,22,4,17,29,8
"2421080006",HARIPURA,"2421",BHARUCH,"242108",ZAGHADIA,"2421080006",HARIPURA,"24210811701",SARSA P.S.,74,50,8,28,14,9,24,17
"2421080007",PANETHA,"2421",BHARUCH,"242108",ZAGHADIA,"2421080007",PANETHA,"24210804101",INDOOR P.S.,119,50,20,29,1,11,37,2
"2421080008",PIPALPAN,"2421",BHARUCH,"242108",ZAGHADIA,"2421080008",PIPALPAN,"24210809401",PIPALPAN P.S.,59,48,5,25,18,6,23,19
"2421080009",RAJPARDI,"2421",BHARUCH,"242108",ZAGHADIA,"2421080009",RAJPARDI,"24210809802",RAJPARDI KANYA P.S.,127,54,13,38,3,14,30,10
"2421080010",TALODARA,"2421",BHARUCH,"242108",ZAGHADIA,"2421080010",TALODARA,"24210802301",DADHEDA P.S.,151,57,17,25,15,14,20,23
"2421080011",UMALLA,"2421",BHARUCH,"242108",ZAGHADIA,"2421080011",UMALLA,"24210813202",UMALLA KANYA P.S.,106,51,13,18,20,16,20,15
"2421080012",VALI,"2421",BHARUCH,"242108",ZAGHADIA,"2421080012",VALI,"24210809601",RAISINGPURA P.S.,66,49,24,25,0,12,36,1
"2421080013",ZAGHADIA,"2421",BHARUCH,"242108",ZAGHADIA,"2421080013",ZAGHADIA,"24210814904",ZAGHADIA BHRANCH P.S,119,46,7,28,11,3,24,19
"2414050002",BHANDARIYA P. SCHOOL,"2414",BHAVNAGAR,"241405",BHAVNAGAR,"2414050002",BHANDARIYA P. SCHOOL,"24140504201",SARTANPAR P. SCHOOL,263,46,4,11,31,5,4,37
"2414050020",BHUTESHVAR K.V.,"2414",BHAVNAGAR,"241405",BHAVNAGAR,"2414050020",BHUTESHVAR K.V.,"24140503801",BHUTESHWAR P. SCHOOL,286,30,5,11,14,4,6,20
"2414050021",BUDHEL K.V.,"2414",BHAVNAGAR,"241405",BHAVNAGAR,"2414050021",BUDHEL K.V.,"24140502601",MALNKA P. SCHOOL,355,48,3,15,30,3,17,28
"2414050003",KARDEJ K.V,"2414",BHAVNAGAR,"241405",BHAVNAGAR,"2414050003",KARDEJ K.V,"24140503103",NAVA GAM KARDEJ P. SCHOOL,305,45,12,17,16,12,16,17
"2414050004",KHADSALIYA K.V,"2414",BHAVNAGAR,"241405",BHAVNAGAR,"2414050004",KHADSALIYA K.V,"24140506301",LAKHANKA P. SCHOOL,343,43,3,18,22,2,6,35
"2414050005",KOLIYAK K.V,"2414",BHAVNAGAR,"241405",BHAVNAGAR,"2414050005",KOLIYAK K.V,"24140505401",HATHAB P. SCHOOL,270,18,2,12,4,2,7,9
"2414050006",SANES K.V,"2414",BHAVNAGAR,"241405",BHAVNAGAR,"2414050006",SANES K.V,"24140501801",KALA TALAV K.V. SCHOOL,288,48,7,15,26,6,20,22
"2414050007",SCHOOL NO-1 KUMBHARVADA,"2414",BHAVNAGAR,"241405",BHAVNAGAR,"2414050007",SCHOOL NO-1 KUMBHARVADA,"24140506142",MSB-49 NARI ROAD-AKSHARPARK,654,52,10,8,34,5,20,27
"2414050008",SCHOOL NO-22 DAYMAND CHOWK,"2414",BHAVNAGAR,"241405",BHAVNAGAR,"2414050008",SCHOOL NO-22 DAYMAND CHOWK,"24140506165",MSB-13 KHEDUTVAS,333,55,8,21,26,3,23,29
"2414050009",SCHOOL NO-25 CRESANT,"2414",BHAVNAGAR,"241405",BHAVNAGAR,"2414050009",SCHOOL NO-25 CRESANT,"24140502701",GHANSHYAMNAGAR P. SCHOOL,407,44,9,19,16,6,24,14
"2414050010",SCHOOL NO-38 PANVADI,"2414",BHAVNAGAR,"241405",BHAVNAGAR,"2414050010",SCHOOL NO-38 PANVADI,"24140506109",MSB-38 PANVADI,328,59,10,24,25,10,30,19
"2414050011",SCHOOL NO-53 MAHADEVNAGAR,"2414",BHAVNAGAR,"241405",BHAVNAGAR,"2414050011",SCHOOL NO-53 MAHADEVNAGAR,"24140506177",MSB-53 MAHADEV NAGAR,728,51,7,14,30,7,11,33
"2414050012",SCHOOL NO-59 SHASHTRINAGAR,"2414",BHAVNAGAR,"241405",BHAVNAGAR,"2414050012",SCHOOL NO-59 SHASHTRINAGAR,"24140506204",INDIRA NAGAR P. SCHOOL,536,59,11,21,27,7,16,36
"2414050014",SCHOOL NO-70 LAMBE HANUMAN,"2414",BHAVNAGAR,"241405",BHAVNAGAR,"2414050014",SCHOOL NO-70 LAMBE HANUMAN,"24140502501",AKVADA K.V. SHALA,515,54,23,11,20,23,13,18
"2414050015",SCHOOL NO-76 BHARATNAGAR,"2414",BHAVNAGAR,"241405",BHAVNAGAR,"2414050015",SCHOOL NO-76 BHARATNAGAR,"24140502702",TARSAMIYA P. SCHOOL,648,53,2,14,37,0,14,39
"2414050013",SCHOOL NO-7 AMBIKA,"2414",BHAVNAGAR,"241405",BHAVNAGAR,"2414050013",SCHOOL NO-7 AMBIKA,"24140506113",MSB-12 - VALKET GATE,365,51,7,20,24,3,28,20
"2414050016",SCHOOL NO-80 VIDHYANAGAR,"2414",BHAVNAGAR,"241405",BHAVNAGAR,"2414050016",SCHOOL NO-80 VIDHYANAGAR,"24140502901",SIDSAR K V SCHOOL,861,23,6,9,8,5,8,10
"2414050018",VARTEJ K.V,"2414",BHAVNAGAR,"241405",BHAVNAGAR,"2414050018",VARTEJ K.V,"24140503401",SODVADARA PRIMARY SCHOOL,468,50,7,23,20,1,35,14
"2414050019",VELAVADAR K.V,"2414",BHAVNAGAR,"241405",BHAVNAGAR,"2414050019",VELAVADAR K.V,"24140500501",RAJGADH P. SCHOOL,97,50,24,25,1,19,24,7
"2414080001",GARIYADHAR K.V 1,"2414",BHAVNAGAR,"241408",GARIYADHAR,"2414080001",GARIYADHAR K.V 1,"24140805210",SUKHNATH P. SCHOOL,472,59,17,25,17,12,25,22
"2414080002",GARIYADHAR K.V. 2,"2414",BHAVNAGAR,"241408",GARIYADHAR,"2414080002",GARIYADHAR K.V. 2,"24140805214",VAVPLOT PRI. SCH.,289,58,8,34,16,4,22,32
"2414080003",MANDAVI K.V.,"2414",BHAVNAGAR,"241408",GARIYADHAR,"2414080003",MANDAVI K.V.,"24140801201",MOTI VAVDI K. V. P SCHOOL,154,42,7,11,24,7,19,16
"2414080004",PARAVADI K.V.,"2414",BHAVNAGAR,"241408",GARIYADHAR,"2414080004",PARAVADI K.V.,"24140801901",PARVADI K. V. P SCHOOL,332,46,14,24,8,12,28,6
"2414080005",RUPAVATI K.V.,"2414",BHAVNAGAR,"241408",GARIYADHAR,"2414080005",RUPAVATI K.V.,"24140803501",RUPAVATI K. V.  P SCHOOL,192,57,2,31,24,5,31,21
"2414080006",VIRDI P. SCHOOL,"2414",BHAVNAGAR,"241408",GARIYADHAR,"2414080006",VIRDI P. SCHOOL,"24140802601",NANI VAVDI P. SCHOOL,139,48,4,24,20,1,17,30
"2414060001",GHOGHA K.V. SHALA,"2414",BHAVNAGAR,"241406",GHOGHA,"2414060001",GHOGHA K.V. SHALA,"24140602801",KUDA P SCHOOL,197,23,2,6,15,2,2,19
"2414060002",KUKAD K V SCHOOL,"2414",BHAVNAGAR,"241406",GHOGHA,"2414060002",KUKAD K V SCHOOL,"24140604501",GARIBPURA P SCHOOL,160,40,9,15,16,5,17,18
"2414060003",MOTA KHOKHARA K V SCHOOL,"2414",BHAVNAGAR,"241406",GHOGHA,"2414060003",MOTA KHOKHARA K V SCHOOL,"24140603501",VAVADI P SCHOOL,207,45,8,21,16,6,20,19
"2414060004",PADAVA K V SCHOOL,"2414",BHAVNAGAR,"241406",GHOGHA,"2414060004",PADAVA K V SCHOOL,"24140603101",PADAVA K V SCHOOL,221,33,4,19,10,2,13,18
"2414060005",UKHARALA K V SCHOOL,"2414",BHAVNAGAR,"241406",GHOGHA,"2414060005",UKHARALA K V SCHOOL,"24140601001",NESVAD P. SCHOOL,286,50,8,8,34,4,24,22
"2414060006",VALKUD K V SCHOOL,"2414",BHAVNAGAR,"241406",GHOGHA,"2414060006",VALKUD K V SCHOOL,"24140600404",VALKUD K V SCHOOL,179,48,18,11,19,13,18,17
"2414130001",AYAVEJ,"2414",BHAVNAGAR,"241413",JESAR,"2414130001",AYAVEJ,"24141308101",NAVA SANALA P. SCHOOL,203,50,26,17,7,10,21,19
"2414130002",BEDA,"2414",BHAVNAGAR,"241413",JESAR,"2414130002",BEDA,"24141300702",BEDA P. SCHOOL,201,53,15,18,20,13,21,19
"2414130003",CHHAPRIYALI,"2414",BHAVNAGAR,"241413",JESAR,"2414130003",CHHAPRIYALI,"24141302101",TATANIYA P.SCHOOL,258,49,43,6,0,43,6,0
"2414130004",BILA,"2414",BHAVNAGAR,"241413",JESAR,"2414130004",HIPAVADALI,"24141302201",BILA K.V. P. SCHOOL,342,49,23,16,10,15,23,11
"2414130005",RAMNAGAR,"2414",BHAVNAGAR,"241413",JESAR,"2414130005",RAMNAGAR,"24141314105",RAMNAGAR P.SCHOOL,379,50,12,11,27,4,19,27
"2414110001",BAGDANA,"2414",BHAVNAGAR,"241411",MAHUVA,"2414110001",BAGDANA,"24141101401",BAGDANA K.V.SCHOOL,356,49,5,24,20,10,20,19
"2414110002",BELAMPAR,"2414",BHAVNAGAR,"241411",MAHUVA,"2414110002",BELAMPAR,"24141102807",SEDARDA K.V. P.SCHOOL,215,38,9,21,8,7,24,7
"2414110003",BHADROD,"2414",BHAVNAGAR,"241411",MAHUVA,"2414110003",BHADROD,"24141109302",BHADROD K.V. SCHOOL,325,43,1,6,36,1,8,34
"2414110004",DUDHALA-1,"2414",BHAVNAGAR,"241411",MAHUVA,"2414110004",DUDHALA-1,"24141112901",KHARED P. SCHOOL,374,50,11,24,15,5,22,23
"2414110005",DUDHALA-2,"2414",BHAVNAGAR,"241411",MAHUVA,"2414110005",DUDHALA-2,"24141104801",MOTA ASARNA K.V. P. SCHOOL,235,49,7,29,13,6,27,16
"2414110006",DUNDAS,"2414",BHAVNAGAR,"241411",MAHUVA,"2414110006",DUNDAS,"24141109801",LUSADI P. SCHOOL,150,50,11,31,8,4,29,17
"2414110007",GUNDARNA,"2414",BHAVNAGAR,"241411",MAHUVA,"2414110007",GUNDARNA,"24141105801",GUNDARNA P. SCHOOL,248,51,10,18,23,11,18,22
"2414110008",KALSAR,"2414",BHAVNAGAR,"241411",MAHUVA,"2414110008",KALSAR,"24141115003",NICHA KOTADA P.SCHOOL,502,46,17,18,11,14,17,15
"2414110011",MALVAV,"2414",BHAVNAGAR,"241411",MAHUVA,"2414110011",MALVAV,"24141108701",RANIVADA P.SCHOOL,332,56,6,35,15,7,24,25
"2414110012",MONPAR,"2414",BHAVNAGAR,"241411",MAHUVA,"2414110012",MONPAR,"24141103901",GALTHAR P. SCHOOL,310,49,19,28,2,17,27,5
"2414110013",MOTA KHUNTAVDA,"2414",BHAVNAGAR,"241411",MAHUVA,"2414110013",MOTA KHUNTAVDA,"24141104403",BAJRANGPURA P. SCHOOL,378,53,28,14,11,14,34,5
"2414110009",M.S.B. - 13  P.SCHOOL,"2414",BHAVNAGAR,"241411",MAHUVA,"2414110009",M.S.B. - 13  P.SCHOOL,"24141113105",M.S.B. - 15 P.SCHOOL,381,60,9,26,25,13,24,23
"2414110010",M.S.B. - 6  P.SCHOOL,"2414",BHAVNAGAR,"241411",MAHUVA,"2414110010",M.S.B. - 6  P.SCHOOL,"24141113112",M.S.B. - 6 P.SCHOOL,657,45,6,20,19,12,19,14
"2414110014",OTHA,"2414",BHAVNAGAR,"241411",MAHUVA,"2414110014",OTHA,"24141105601",NANA KHUNTAVADA P. SCHOOL,246,39,13,14,12,9,18,12
"2414110015",SWA .SOCIETY,"2414",BHAVNAGAR,"241411",MAHUVA,"2414110015",SWA .SOCIETY,"24141110102",SWA. SOCIETY K.V. SCHOOL,394,3,0,2,1,0,2,1
"2414110016",TARED,"2414",BHAVNAGAR,"241411",MAHUVA,"2414110016",TARED,"24141110301",UMANIYAVADAR P. SCHOOL,298,50,6,18,26,3,17,30
"2414090001",BHANDARIYA P. SCHOOL,"2414",BHAVNAGAR,"241409",PALITANA,"2414090001",BHANDARIYA P. SCHOOL,"24140907401",BHANDARIYA P. SCHOOL,128,50,5,31,14,4,29,17
"2414090002",GARAJIYA P. SCHOOL,"2414",BHAVNAGAR,"241409",PALITANA,"2414090002",GARAJIYA P. SCHOOL,"24140905901",GARAJIYA P. SCHOOL,451,0,0,0,0,0,0,0
"2414090003",GUJARATI SHALA NO 1,"2414",BHAVNAGAR,"241409",PALITANA,"2414090003",GUJARATI SHALA NO 1,"24140909418",GAYATRI MANDIR K.V.SHALA,449,57,14,22,21,11,21,25
"2414090004",JALIYA (AMARAJI),"2414",BHAVNAGAR,"241409",PALITANA,"2414090004",JALIYA (AMARAJI),"24140904501",GHETI K.V.SCHOOL.,411,45,9,18,18,6,26,13
"2414090005",JAMVALI -1 P SCHOOL,"2414",BHAVNAGAR,"241409",PALITANA,"2414090005",JAMVALI -1 P SCHOOL,"24140903901",VIRPUR P. SCHOOL,339,44,11,29,4,9,24,11
"2414090006",KUMBHAN K.V. P. SCHOOL,"2414",BHAVNAGAR,"241409",PALITANA,"2414090006",KUMBHAN K.V. P. SCHOOL,"24140902701",MOKHADAKA P. SCHOOL,176,45,4,26,15,4,25,16
"2414090007",MOTI PANIYALI P.SCH.,"2414",BHAVNAGAR,"241409",PALITANA,"2414090007",MOTI PANIYALI P.SCH.,"24140905204",MOTI PANIYALI P.SCH.,220,35,7,17,11,9,17,9
"2414090008",MOTI RAJSTHALI P. SCHOOL,"2414",BHAVNAGAR,"241409",PALITANA,"2414090008",MOTI RAJSTHALI P. SCHOOL,"24140909801",VIVEKANAND PRI. SCH.,530,51,5,32,14,1,19,31
"2414090009",NANI RAJSTHALI K.V. SCHOOL,"2414",BHAVNAGAR,"241409",PALITANA,"2414090009",NANI RAJSTHALI K.V. SCHOOL,"24140909201",THADACH P. SCHOOL,350,6,1,3,2,0,5,1
"2414090010",NONGHANVADER P. SCHOOL,"2414",BHAVNAGAR,"241409",PALITANA,"2414090010",NONGHANVADER P. SCHOOL,"24140900201",NONGHANVADAR P. SCHOOL,367,60,13,21,26,13,28,19
"2414090011",RANPARDA P. SCHOOL,"2414",BHAVNAGAR,"241409",PALITANA,"2414090011",RANPARDA P. SCHOOL,"24140901402",VALUKAD K.V.SCHOOL,285,45,8,18,19,4,24,17
"2414070001",BHUTIYA P. SCHOOL,"2414",BHAVNAGAR,"241407",SHIHOR,"2414070001",BHUTIYA P. SCHOOL,"24140702101",ZARIYA P SCHOOL,126,51,5,15,31,7,21,23
"2414070002",DEVGANA  K.V. P. SCHOOL,"2414",BHAVNAGAR,"241407",SHIHOR,"2414070002",DEVGANA  K.V. P. SCHOOL,"24140706301",AGIYALI P. SCHOOL,212,50,5,12,33,7,15,28
"2414070003",GHANGHALI K.V. P. SCHOOL,"2414",BHAVNAGAR,"241407",SHIHOR,"2414070003",GHANGHALI K.V. P. SCHOOL,"24140701001",GHANGHALI K.V. P. SCHOOL,404,53,12,25,16,4,39,10
"2414070004",JAGDISHVARANANDJI P. SCHOOL,"2414",BHAVNAGAR,"241407",SHIHOR,"2414070004",JAGDISHVARANANDJI P. SCHOOL,"24140708403",SHIHOR -1 P. SCHOOL,340,43,9,22,12,11,15,17
"2414070005",MADHADA P. SCHOOL,"2414",BHAVNAGAR,"241407",SHIHOR,"2414070005",MADHADA P. SCHOOL,"24140705901",MADHADA P. SCHOOL,254,53,13,20,20,8,17,28
"2414070006",NANA SURKA P. SCHOOL,"2414",BHAVNAGAR,"241407",SHIHOR,"2414070006",NANA SURKA P. SCHOOL,"24140701501",PIPALIYA P. SCHOOL,109,50,6,28,16,9,36,5
"2414070007",NAVA GUNDALA P. SCHOOL,"2414",BHAVNAGAR,"241407",SHIHOR,"2414070007",NAVA GUNDALA P. SCHOOL,"24140708505",NAVA GUNDALA P. SCHOOL,327,39,10,18,11,7,16,16
"2414070008",SANOSARA K.V. SCHOOL,"2414",BHAVNAGAR,"241407",SHIHOR,"2414070008",SANOSARA K.V. SCHOOL,"24140701901",RAMDHARI P. SCHOOL,173,40,8,22,10,8,22,10
"2414070009",SONGADH K.V. P. SCHOOL,"2414",BHAVNAGAR,"241407",SHIHOR,"2414070009",SONGADH K.V. P. SCHOOL,"24140701801",GRAM DAKSHINAMURTI K.V. SCHOOL AMBLA,323,48,6,10,32,8,8,32
"2414070010",TANA K.V.P. SCHOOL,"2414",BHAVNAGAR,"241407",SHIHOR,"2414070010",TANA K.V.P. SCHOOL,"24140706501",TANA K.V.P. SCHOOL,184,48,9,28,11,9,23,16
"2414070011",VARAL K.V. SHALA,"2414",BHAVNAGAR,"241407",SHIHOR,"2414070011",VARAL K.V. SHALA,"24140707701",VARAL K.V. SHALA,444,56,9,27,20,5,21,30
"2414100001",BHADRAVAL K.V SCHOOL,"2414",BHAVNAGAR,"241410",TALAJA,"2414100001",BHADRAVAL K.V SCHOOL,"24141003301",TIMANA P. SCHOOL,163,42,6,13,23,6,12,24
"2414100002",BHALAR P. SCHOOL,"2414",BHAVNAGAR,"241410",TALAJA,"2414100002",BHALAR P. SCHOOL,"24141005901",SOBHAVAD P. SCHOOL,217,57,24,21,12,18,28,11
"2414100003",BORDA K.V. P. SCHOOL,"2414",BHAVNAGAR,"241410",TALAJA,"2414100003",BORDA K.V. P. SCHOOL,"24141009601",BORDA K.V. P. SCHOOL,361,42,10,17,15,8,7,27
"2414100004",DATHA P. SCHOOL,"2414",BHAVNAGAR,"241410",TALAJA,"2414100004",DATHA P. SCHOOL,"24141010501",VEJODARI P. SCHOOL,299,42,7,22,13,2,28,12
"2414100005",DEVALI K.V.-1 P. SCHOOL,"2414",BHAVNAGAR,"241410",TALAJA,"2414100005",DEVALI K.V.-1 P. SCHOOL,"24141006001",GORKHI P. SCHOOL,343,41,4,14,23,3,22,16
"2414100006",DIHOR K. V. P. SCHOOL,"2414",BHAVNAGAR,"241410",TALAJA,"2414100006",DIHOR K. V. P. SCHOOL,"24141000701",DIHOR K. V. P. SCHOOL,369,51,14,10,27,11,17,23
"2414100007",FULSAR P. SCHOOL,"2414",BHAVNAGAR,"241410",TALAJA,"2414100007",FULSAR P. SCHOOL,"24141006701",PAVTHI  P. SCHOOL,334,51,7,22,22,6,22,23
"2414100008",JASPARA P. SCHOOL,"2414",BHAVNAGAR,"241410",TALAJA,"2414100008",JASPARA P. SCHOOL,"24141011901",MITHIVIRDI P. SCHOOL,196,41,11,13,17,4,14,23
"2414100009",JUNI CHAPARI P. SCHOOL,"2414",BHAVNAGAR,"241410",TALAJA,"2414100009",JUNI CHAPARI P. SCHOOL,"24141007402",MOTA GHANA P. SCHOOL,209,41,5,16,20,1,11,29
"2414100010",NICHADI P. SCHOOL,"2414",BHAVNAGAR,"241410",TALAJA,"2414100010",NICHADI P. SCHOOL,"24141007907",SARTANPAR ZOL PRI. SCH.,365,52,1,20,31,0,14,38
"2414100011",PITHALPUR K.V. P. SCHOOL,"2414",BHAVNAGAR,"241410",TALAJA,"2414100011",PITHALPUR K.V. P. SCHOOL,"24141011201",PRATAPARA P. SCHOOL,227,51,8,14,29,4,15,32
"2414100013",TALAJA K.V.-1 P SCHOOL,"2414",BHAVNAGAR,"241410",TALAJA,"2414100013",TALAJA K.V.-1 P SCHOOL,"24141012105",TALAJA K.V.-2,348,59,10,22,27,7,36,16
"2414100014",THALIYA P. SCHOOL,"2414",BHAVNAGAR,"241410",TALAJA,"2414100014",THALIYA P. SCHOOL,"24141005301",THALIYA P. SCHOOL,291,50,17,16,17,6,31,13
"2414100012",TRAPAJ,"2414",BHAVNAGAR,"241410",TALAJA,"2414100012",TRAPAJ,"24141002602",TRAPAJ K.V. SHALA,181,33,7,14,12,3,14,16
"2414040001",CHOGATH K.V. SCHOOL,"2414",BHAVNAGAR,"241404",UMRALA,"2414040001",CHOGATH K.V. SCHOOL,"24140401902",CHOGATH DUNGAR PRI SCHOOL,153,18,2,4,12,2,5,11
"2414040002",DADVA K.V. SCHOOL,"2414",BHAVNAGAR,"241404",UMRALA,"2414040002",DADVA K.V. SCHOOL,"24140400701",DADVA K.V. SCHOOL,214,55,11,12,32,11,13,31
"2414040003",DHOLA JUN K.V. SCHOOL,"2414",BHAVNAGAR,"241404",UMRALA,"2414040003",DHOLA JUN K.V. SCHOOL,"24140402601",PARVALA PRI SCHOOL,167,53,11,30,12,11,25,17
"2414040004",RANGHOLA K.V. SCHOOL,"2414",BHAVNAGAR,"241404",UMRALA,"2414040004",RANGHOLA K.V. SCHOOL,"24140403301",RANGHOLA K.V. SCHOOL,168,51,8,25,18,6,19,26
"2414040005",UMRALA K.V. SCHOOL-1,"2414",BHAVNAGAR,"241404",UMRALA,"2414040005",UMRALA K.V. SCHOOL-1,"24140404302",UMRALA K.V. SCHOOL-2,190,52,10,23,19,8,19,25
"2414020001",KANPUR P. SCHOOL,"2414",BHAVNAGAR,"241402",VALLBHIPUR,"2414020001",KANPUR P. SCHOOL,"24140203901",HALIYAD P. SCHOOL,182,52,15,21,16,19,16,17
"2414020002",MULDHARAI  K.V. P. SCHOOL,"2414",BHAVNAGAR,"241402",VALLBHIPUR,"2414020002",MULDHARAI  K.V. P. SCHOOL,"24140201001",NASHITPUR P. SCHOOL,201,48,10,15,23,9,15,24
"2414020003",PACHEGAM KUMAR P. SCHOOL,"2414",BHAVNAGAR,"241402",VALLBHIPUR,"2414020003",PACHEGAM KUMAR P. SCHOOL,"24140205401",CHAMARDI P. SCHOOL,256,47,11,24,12,7,16,24
"2414020004",PATANA K.V. PRI. SCH.,"2414",BHAVNAGAR,"241402",VALLBHIPUR,"2414020004",PATANA K.V. PRI. SCH.,"24140201301",DARED K. V. P. SCHOOL,153,52,8,19,25,6,22,24
"2414020005",VALLBHIPUR K.V.P.-2,"2414",BHAVNAGAR,"241402",VALLBHIPUR,"2414020005",VALLBHIPUR K.V.P.-2,"24140206002",VALLBHIPUR K.V.SHALA-1,282,48,0,16,32,2,24,22
"2428010002",BARVALA,"2428",BOTAD,"242801",BARVALA,"2428010002",BARVALA,"24280100204",MISHRA SHALA - 1,406,60,14,24,22,14,26,20
"2428010001",KHAMBHADA,"2428",BOTAD,"242801",BARVALA,"2428010001",KHAMBHADA,"24280102502",SALANGPUR PRI SCHOOL,304,60,24,25,11,21,24,15
"2428010003",POLARPUR,"2428",BOTAD,"242801",BARVALA,"2428010003",POLARPUR,"24280101001",JUNA NAVADA PRIMARY SCHOOL,250,37,7,17,13,7,13,17
"2428030001",BABARKOT,"2428",BOTAD,"242803",BOTAD,"2428030001",BABARKOT,"24280301301",KANIYAD P. SCHOOL,563,56,10,24,22,6,20,30
"2428030002",LAKHENI,"2428",BOTAD,"242803",BOTAD,"2428030002",LAKHENI,"24280304201",D V SUTARIYA K V P SCHOOL ZAMARALA,244,54,9,16,29,7,18,29
"2428030003",LATHIDAD,"2428",BOTAD,"242803",BOTAD,"2428030003",LATHIDAD,"24280302704",SAMDHIYALA NO.1 P.SCHOOL,315,51,4,15,32,6,15,30
"2428030005",MSB SCHOOL BOTAD-1,"2428",BOTAD,"242803",BOTAD,"2428030005",MSB SCHOOL BOTAD-1,"24280305371",SHALA NO. - 24,827,60,10,15,35,6,18,36
"2428030006",MSB SCHOOL BOTAD-2,"2428",BOTAD,"242803",BOTAD,"2428030006",MSB SCHOOL BOTAD-2,"24280305365",NAGAR PRI. SCH - 20  KHODIYAR,336,55,9,20,26,13,21,21
"2428030009",MSB SCHOOL BOTAD-3,"2428",BOTAD,"242803",BOTAD,"2428030009",MSB SCHOOL BOTAD-3,"24280305313",PRATHMIK SHALA -13,266,54,15,16,23,13,24,17
"2428030004",NAGALPAR,"2428",BOTAD,"242803",BOTAD,"2428030004",NAGALPAR,"24280302801",NAGALPAR K.V.P SCHOOL,376,59,18,30,11,20,28,11
"2428030007",PALIYAD,"2428",BOTAD,"242803",BOTAD,"2428030007",PALIYAD,"24280301901",HADDAD P. SCHOOL,420,60,12,23,25,8,30,22
"2428030008",PATI,"2428",BOTAD,"242803",BOTAD,"2428030008",PATI,"24280303401",BHAMBHAN P. SCHOOL,318,57,22,22,13,21,25,11
"2428030010",RATANPAR,"2428",BOTAD,"242803",BOTAD,"2428030010",RATANPAR,"24280300701",GADHADIYA P. SCHOOL,229,52,2,15,35,4,22,26
"2428040001",BRANCH 4 GADHADA,"2428",BOTAD,"242804",GADHADA,"2428040001",BRANCH 4 GADHADA,"24280404201",LAKHANKA P. SCHOOL,407,60,14,24,22,13,23,24
"2428040002",BRANCH 7 GADHADA,"2428",BOTAD,"242804",GADHADA,"2428040002",BRANCH 7 GADHADA,"24280401201",GORADAKA P. SCHOOL,420,53,19,23,11,20,30,3
"2428040003",DHASAGAM,"2428",BOTAD,"242804",GADHADA,"2428040003",DHASAGAM,"24280409802",DHASAGAM  K.V. P. SCHOOL,333,55,12,15,28,11,17,27
"2428040004",GADHALI,"2428",BOTAD,"242804",GADHADA,"2428040004",GADHALI,"24280404101",VANALI P. SCHOOL,177,51,9,18,24,9,18,24
"2428040005",GUNDALA,"2428",BOTAD,"242804",GADHADA,"2428040005",GUNDALA,"24280404701",PADAVADAR P. SCHOOL,170,56,14,26,16,16,27,13
"2428040006",MANDAVDHAR,"2428",BOTAD,"242804",GADHADA,"2428040006",MANDAVDHAR,"24280403501",ITARIYA P. SCHOOL,325,55,13,25,17,7,22,26
"2428040007",PATANA,"2428",BOTAD,"242804",GADHADA,"2428040007",PATANA,"24280406001",PATANA P. SCHOOL,188,52,9,43,0,8,44,0
"2428040008",TATAM,"2428",BOTAD,"242804",GADHADA,"2428040008",TATAM,"24280400401",TATAM K.V. P SCHOOL,497,56,6,22,28,5,12,39
"2428040009",UGAMEDI,"2428",BOTAD,"242804",GADHADA,"2428040009",UGAMEDI,"24280402401",UGAMEDI K.V. P. SCHOOL,345,60,29,21,10,29,24,7
"2428020001",ALAMPUR,"2428",BOTAD,"242802",RANPUR,"2428020001",ALAMPUR,"24280203401",UMRALA PRIMARY SCHOOL,405,54,12,31,11,12,26,16
"2428020002",JALILA,"2428",BOTAD,"242802",RANPUR,"2428020002",JALILA,"24280201802",SHREE K.G.SUTARIYA PAY CENTRE SHALA JALILA,364,60,25,16,19,29,14,17
"2428020003",KINARA,"2428",BOTAD,"242802",RANPUR,"2428020003",KINARA,"24280201001",DEVALIYA PRIMARY SCHOOL,246,55,13,21,21,13,26,16
"2428020004",RANPUR-1,"2428",BOTAD,"242802",RANPUR,"2428020004",RANPUR-1,"24280201201",DHARPIPALA PRIMARY SCHOOL,355,51,11,22,18,4,24,23
"2432060001",BODELI,"2432",CHHOTAUDEPUR,"243206",BODELI,"2432060001",BODELI,"24320609202",BODELI KANYA PRI.SCH.,190,59,9,29,21,10,24,25
"2432060002",CHALAMALI,"2432",CHHOTAUDEPUR,"243206",BODELI,"2432060002",CHALAMALI,"24320600701",CHALAMALI PRIMARY SCHOOL,109,55,25,16,14,10,28,17
"2432060003",CHATRALI,"2432",CHHOTAUDEPUR,"243206",BODELI,"2432060003",CHATRALI,"24320607701",KADACHHALA PRIMARY SCHOOL.,67,44,13,17,14,9,25,10
"2432060004",DHOKALIYA,"2432",CHHOTAUDEPUR,"243206",BODELI,"2432060004",DHOKALIYA,"24320609801",DHOKALIYA PRI.SCH.,158,54,3,26,25,2,28,24
"2432060005",JABUGAM,"2432",CHHOTAUDEPUR,"243206",BODELI,"2432060005",JABUGAM,"24320603801",MULDHAR PRIMARY SCHOOL,128,56,11,24,21,10,19,27
"2432060006",KASHIPURA,"2432",CHHOTAUDEPUR,"243206",BODELI,"2432060006",KASHIPURA,"24320600101",KASHIPURA PRIMARY SCHOOL,78,28,6,8,14,9,3,16
"2432060007",KOSINDRA,"2432",CHHOTAUDEPUR,"243206",BODELI,"2432060007",KOSINDRA,"24320612201",KOSINDRA PRI.SCH.,162,59,19,25,15,18,25,16
"2432060008",KUNVARPURA,"2432",CHHOTAUDEPUR,"243206",BODELI,"2432060008",KUNVARPURA,"24320611701",KHANDIYA PRI.SCH.,52,46,22,24,0,14,32,0
"2432060009",MANKANI,"2432",CHHOTAUDEPUR,"243206",BODELI,"2432060009",MANKANI,"24320613001",MANKANI PRI.SCH.,98,51,15,16,20,13,14,24
"2432060010",MORKHALA,"2432",CHHOTAUDEPUR,"243206",BODELI,"2432060010",MORKHALA,"24320613201",MORKHALA PRI.SCH.,83,24,11,10,3,12,7,5
"2432060011",NANIRASKI,"2432",CHHOTAUDEPUR,"243206",BODELI,"2432060011",NANIRASKI,"24320610101",GAJIPURA PRI.SCH.,54,44,33,11,0,23,21,0
"2432060012",PANDHARA,"2432",CHHOTAUDEPUR,"243206",BODELI,"2432060012",PANDHARA,"24320601401",DHOLIVAV PRIMARY SCHOOL,81,41,7,20,14,3,31,7
"2432060013",SALPURA,"2432",CHHOTAUDEPUR,"243206",BODELI,"2432060013",SALPURA,"24320608501",BAMROLI PRI.SCH.,61,40,8,19,13,8,19,13
"2432060014",SURYAGHODA,"2432",CHHOTAUDEPUR,"243206",BODELI,"2432060014",SURYAGHODA,"24320616203",SURYA M.P. N.V. PRI.SCH.,63,41,23,18,0,23,18,0
"2432060015",TANDALAJA,"2432",CHHOTAUDEPUR,"243206",BODELI,"2432060015",TANDALAJA,"24320612501",LADHOD PRI.SCH.,112,54,9,35,10,11,22,21
"2432060016",UCHAPAN,"2432",CHHOTAUDEPUR,"243206",BODELI,"2432060016",UCHAPAN,"24320606501",UCHAPAN PRIMARY SCHOOL,148,54,6,26,22,5,27,22
"2432060017",VALOTHI,"2432",CHHOTAUDEPUR,"243206",BODELI,"2432060017",VALOTHI,"24320600301",BAMROLI PRIMARY SCHOOL,73,48,5,30,13,4,29,15
"2432060018",VANTA,"2432",CHHOTAUDEPUR,"243206",BODELI,"2432060018",VANTA,"24320601201",DHAROLIYA PRIMARY SCHOOL,127,50,5,25,20,11,16,23
"2432010001",BHILPUR,"2432",CHHOTAUDEPUR,"243201",CHHOTA-UDEPUR,"2432010001",BHILPUR,"24320101501",BHILPUR PRIMARY SCHOOL,106,45,21,15,9,25,14,6
"2432010002",CHHOTAUDEPUR,"2432",CHHOTAUDEPUR,"243201",CHHOTA-UDEPUR,"2432010002",CHHOTAUDEPUR,"24320102401",CHHOTA-UDEPUR TALUKA SCH - 1,273,60,13,30,17,17,26,17
"2432010003",DEVHANT,"2432",CHHOTAUDEPUR,"243201",CHHOTA-UDEPUR,"2432010003",DEVHANT,"24320105601",HARPALPURA PRIMARY SCHOOL,133,60,44,16,0,35,25,0
"2432010004",DHANDHODA,"2432",CHHOTAUDEPUR,"243201",CHHOTA-UDEPUR,"2432010004",DHANDHODA,"24320110801",OLIAMBA PRIMARY SCHOOL,122,51,24,21,6,11,33,7
"2432010005",DOLARIYA,"2432",CHHOTAUDEPUR,"243201",CHHOTA-UDEPUR,"2432010005",DOLARIYA,"24320110401",NAVAGAM PRIMARY SCHOOL,106,60,38,10,12,6,33,21
"2432010007",GHOGHADEV,"2432",CHHOTAUDEPUR,"243201",CHHOTA-UDEPUR,"2432010007",GHOGHADEV,"24320104902",PM SHRI KIDIGHOGHADEV UCHH PRIMARY SCHOOL,245,60,4,22,34,7,20,33
"2432010008",GUNATA,"2432",CHHOTAUDEPUR,"243201",CHHOTA-UDEPUR,"2432010008",GUNATA,"24320105201",GUNATA PRIMARY SCHOOL,277,58,28,25,5,22,29,7
"2432010009",GUNDIYAMAHUDA,"2432",CHHOTAUDEPUR,"243201",CHHOTA-UDEPUR,"2432010009",GUNDIYAMAHUDA,"24320108901",MANDALVA PRIMARY SCHOOL,140,59,19,37,3,18,41,0
"2432010010",KHADAKVADA,"2432",CHHOTAUDEPUR,"243201",CHHOTA-UDEPUR,"2432010010",KHADAKVADA,"24320101701",BHORDALI PRIMARY SCHOOL,141,59,26,15,18,22,23,14
"2432010011",MITHIBOR,"2432",CHHOTAUDEPUR,"243201",CHHOTA-UDEPUR,"2432010011",MITHIBOR,"24320109604",MITHIBOR PRIMARY SCHOOL,142,60,49,9,2,58,2,0
"2432010012",MOTISADHALI,"2432",CHHOTAUDEPUR,"243201",CHHOTA-UDEPUR,"2432010012",MOTISADHALI,"24320113401",TUNDVA PRIMARY SCHOOL,209,53,30,22,1,26,24,3
"2432010013",PALSANDA,"2432",CHHOTAUDEPUR,"243201",CHHOTA-UDEPUR,"2432010013",PALSANDA,"24320112101",ROZKUVA PRIMARY SCHOOL,97,52,6,24,22,1,33,18
"2432010014",PUNIYAVANT,"2432",CHHOTAUDEPUR,"243201",CHHOTA-UDEPUR,"2432010014",PUNIYAVANT,"24320106201",JALODA PRIMARY SCHOOL,126,51,19,20,12,13,24,14
"2432010015",RAYSINGPURA,"2432",CHHOTAUDEPUR,"243201",CHHOTA-UDEPUR,"2432010015",RAYSINGPURA,"24320105701",HARWANT PRIMARY SCHOOL,95,58,14,21,23,14,18,26
"2432010016",SANADA,"2432",CHHOTAUDEPUR,"243201",CHHOTA-UDEPUR,"2432010016",SANADA,"24320112301",SANADA PRIMARY SCHOOL,166,59,16,38,5,9,47,3
"2432010017",SINGLA,"2432",CHHOTAUDEPUR,"243201",CHHOTA-UDEPUR,"2432010017",SINGLA,"24320112302",PATEL FALIYA(SINGALA) PRI SCH,97,55,45,10,0,45,10,0
"2432010018",TEJGADH,"2432",CHHOTAUDEPUR,"243201",CHHOTA-UDEPUR,"2432010018",TEJGADH,"24320113201",TEJGADH PRIMARY SCHOOL,143,54,29,23,2,21,22,11
"2432010006",VASEDI,"2432",CHHOTAUDEPUR,"243201",CHHOTA-UDEPUR,"2432010006",VASEDI,"24320102601",CHILARWANT PRIMARY SCHOOL,155,59,24,28,7,29,30,0
"2432010019",ZOZ,"2432",CHHOTAUDEPUR,"243201",CHHOTA-UDEPUR,"2432010019",ZOZ,"24320114501",ZOZ PRIMARY SCHOOL,203,54,12,21,21,11,23,20
"2432020001",BHENSAVAHI,"2432",CHHOTAUDEPUR,"243202",JETPUR-PAVI,"2432020001",BHENSAVAHI,"24320201601",BHENSA VAHI PRIMARY SCHOOL,128,33,5,8,20,5,10,18
"2432070002",BHIKHAPURA,"2432",CHHOTAUDEPUR,"243202",JETPUR-PAVI,"2432020002",BHIKHAPURA,"24320201701",BHIKHAPURA PRIMARY SCHOOL,218,60,20,24,16,9,30,21
"2432020003",DUNGARVANT,"2432",CHHOTAUDEPUR,"243202",JETPUR-PAVI,"2432020003",DUNGARVANT,"24320205301",GHUTANVAD - 1 PRIMARY SCHOOL,94,47,8,19,20,7,18,22
"2432020004",JETPUR,"2432",CHHOTAUDEPUR,"243202",JETPUR-PAVI,"2432020004",JETPUR,"24320206505",JETPUR TALUKA SHALA,95,45,9,26,10,5,30,10
"2432070005",KADVAL,"2432",CHHOTAUDEPUR,"243202",JETPUR-PAVI,"2432020005",KADVAL,"24320207101",KADVAL PRIMARY SCHOOL,210,57,12,17,28,9,11,37
"2432020006",KALARANI,"2432",CHHOTAUDEPUR,"243202",JETPUR-PAVI,"2432020006",KALARANI,"24320207201",KALARANI PRIMARY SCHOOL,124,39,8,12,19,10,21,8
"2432020007",MAGIYA,"2432",CHHOTAUDEPUR,"243202",JETPUR-PAVI,"2432020007",MAGIYA,"24320209601",LIMBANI PRIMARY SCHOOL,66,52,14,14,24,13,13,26
"2432020008",MOTIAMROL,"2432",CHHOTAUDEPUR,"243202",JETPUR-PAVI,"2432020008",MOTIAMROL,"24320214401",RATANPUR PRIMARY SCHOOL,97,54,16,26,12,10,29,15
"2432020009",MOTIBEJ,"2432",CHHOTAUDEPUR,"243202",JETPUR-PAVI,"2432020009",MOTIBEJ,"24320210701",MOTI BEJ PRIMARY SCHOOL,98,42,11,20,11,5,23,14
"2432070010",MUVADA,"2432",CHHOTAUDEPUR,"243202",JETPUR-PAVI,"2432020010",MUVADA,"24320203001",CHULI PRIMARY SCHOOL,99,59,4,28,27,3,37,19
"2432020011",SAJVA,"2432",CHHOTAUDEPUR,"243202",JETPUR-PAVI,"2432020011",SAJVA,"24320215001",SAJVA PRIMARY SCHOOL,109,52,10,36,6,3,33,16
"2432020012",SALOJ,"2432",CHHOTAUDEPUR,"243202",JETPUR-PAVI,"2432020012",SALOJ,"24320202201",BORDHA PRIMARY SCHOOL,133,53,26,21,6,25,18,10
"2432070013",SATUN,"2432",CHHOTAUDEPUR,"243202",JETPUR-PAVI,"2432020013",SATUN,"24320209504",LUNAJA PRIMARY SCH.,88,51,19,28,4,12,30,9
"2432020014",SUSKAL,"2432",CHHOTAUDEPUR,"243202",JETPUR-PAVI,"2432020014",SUSKAL,"24320216401",SUSKAL - 1 PRIMARY SCHOOL,110,40,19,13,8,20,14,6
"2432070015",VADOTH,"2432",CHHOTAUDEPUR,"243202",JETPUR-PAVI,"2432020015",VADOTH,"24320201101",BAR PRIMARY SCHOOL,93,43,10,26,7,7,24,12
"2432030001",AATHADUNGARI,"2432",CHHOTAUDEPUR,"243203",KAWANT,"2432030001",AATHADUNGARI,"24320312501",THADGAM PRIMARY SCHOOL,100,53,25,25,3,20,27,6
"2432030002",BAIDIYA,"2432",CHHOTAUDEPUR,"243203",KAWANT,"2432030002",BAIDIYA,"24320300901",BAIDIYA PRIMARY SCHOOL,134,60,48,12,0,28,32,0
"2432030003",BHEKHADIYA,"2432",CHHOTAUDEPUR,"243203",KAWANT,"2432030003",BHEKHADIYA,"24320301201",BHEKHADIYA PRIMARY SCHOOL,125,51,12,35,4,8,37,6
"2432030004",CHHODAVANI-2,"2432",CHHOTAUDEPUR,"243203",KAWANT,"2432030004",CHHODAVANI-2,"24320302202",CHHODVANI - 2 PRIMARY SCHOOL,99,45,10,22,13,7,23,15
"2432030005",GOJARIYA,"2432",CHHOTAUDEPUR,"243203",KAWANT,"2432030005",GOJARIYA,"24320311601",SAMALAVANT - 1 PRIMARY SCHOOL,158,53,9,23,21,5,32,16
"2432030006",JAMLI,"2432",CHHOTAUDEPUR,"243203",KAWANT,"2432030006",JAMLI,"24320308301",MUSAT PRIMARY SCHOOL,124,52,19,33,0,10,42,0
"2432030007",KARAJWANT,"2432",CHHOTAUDEPUR,"243203",KAWANT,"2432030007",KARAJWANT,"24320311401",RUMADIYA PRIMARY SCHOOL,156,60,20,36,4,28,22,10
"2432030008",KAWAT,"2432",CHHOTAUDEPUR,"243203",KAWANT,"2432030008",KAWAT,"24320305601",KAWANT - 1 PRIMARY SCHOOL,336,60,41,16,3,41,16,3
"2432030009",KHATIYAVANT-2,"2432",CHHOTAUDEPUR,"243203",KAWANT,"2432030009",KHATIYAVANT-2,"24320300301",ASAR PRIMARY SCHOOL,98,52,34,9,9,31,8,13
"2432030010",MOGARA,"2432",CHHOTAUDEPUR,"243203",KAWANT,"2432030010",MOGARA,"24320307301",MOGARA - 1 PRIMARY SCHOOL,104,44,14,25,5,17,22,5
"2432030011",MOTI CHIKHALI,"2432",CHHOTAUDEPUR,"243203",KAWANT,"2432030011",MOTI CHIKHALI,"24320300601",AMBADUNGAR PRIMARY SCHOOL,136,58,22,36,0,18,38,2
"2432030012",NALVANT,"2432",CHHOTAUDEPUR,"243203",KAWANT,"2432030012",NALVANT,"24320312801",UCHHELA PRIMARY SCHOOL,114,60,35,22,3,39,20,1
"2432030013",NAVALAJA,"2432",CHHOTAUDEPUR,"243203",KAWANT,"2432030013",NAVALAJA,"24320312001",SINGLADA PRIMARY SCHOOL,119,60,4,21,35,8,23,29
"2432030014",PANVAD,"2432",CHHOTAUDEPUR,"243203",KAWANT,"2432030014",PANVAD,"24320309901",PANVAD PRIMARY SCHOOL,258,57,17,20,20,19,24,14
"2432030015",RENADI,"2432",CHHOTAUDEPUR,"243203",KAWANT,"2432030015",RENADI,"24320312906",HOLI FALIYA PRI. SCHOOL,142,56,24,27,5,22,29,5
"2432030016",SAIDIVASANI,"2432",CHHOTAUDEPUR,"243203",KAWANT,"2432030016",SAIDIVASANI,"24320311507",SAIDIVASAN PRIMARY SCHOOL,167,60,32,19,9,28,21,11
"2432040001",AKONA,"2432",CHHOTAUDEPUR,"243204",NASWADI,"2432040001",AKONA,"24320416601",RAYSINGPURA PRIMARY SCHOOL,57,40,31,7,2,30,9,1
"2432040002",AMROLI,"2432",CHHOTAUDEPUR,"243204",NASWADI,"2432040002",AMROLI,"24320400401",AMROLI PRIMARY SCHOOL,104,40,21,19,0,13,19,8
"2432040003",CHAMETHA,"2432",CHHOTAUDEPUR,"243204",NASWADI,"2432040003",CHAMETHA,"24320402601",CHAMETHA PRIMARY SCHOOL,69,41,29,12,0,25,14,2
"2432040004",DAMNIYA AMBA,"2432",CHHOTAUDEPUR,"243204",NASWADI,"2432040004",DAMNIYA AMBA,"24320404101",DAMNIYA AMBA PRIMARY SCHOOL,63,51,22,24,5,16,29,6
"2432040005",GADH BORIYAD,"2432",CHHOTAUDEPUR,"243204",NASWADI,"2432040005",GADH BORIYAD,"24320405601",GADH BORIYAD PRIMARY SCHOOL,92,43,30,11,2,33,7,3
"2432040006",GOYAWANT,"2432",CHHOTAUDEPUR,"243204",NASWADI,"2432040006",GOYAWANT,"24320411801",KUKARADA PRIMARY SCHOOL,81,46,39,2,5,18,12,16
"2432040008",KADULI MAHUDI,"2432",CHHOTAUDEPUR,"243204",NASWADI,"2432040008",KADULI MAHUDI,"24320408501",KADULI MAHUDI PRIMARY SCHOOL,66,50,33,17,0,31,19,0
"2432040009",KOLAMBA,"2432",CHHOTAUDEPUR,"243204",NASWADI,"2432040009",KOLAMBA,"24320416201",RATANPUR PRI.SCH (KOLAMBA),94,51,36,12,3,38,13,0
"2432040010",LAVAKOI,"2432",CHHOTAUDEPUR,"243204",NASWADI,"2432040010",LAVAKOI,"24320406301",GHUTIYA AMBA PRIMARY SCHOOL,66,53,27,18,8,13,25,15
"2432040011",NASWADI,"2432",CHHOTAUDEPUR,"243204",NASWADI,"2432040011",NASWADI,"24320413902",NASWADI KANYA PRIMARY SCHOOL,79,54,20,24,10,19,16,19
"2432040012",PALA,"2432",CHHOTAUDEPUR,"243204",NASWADI,"2432040012",PALA,"24320408101",JITPURA PRIMARY SCHOOL,63,40,17,12,11,10,15,15
"2432040013",PALASANI,"2432",CHHOTAUDEPUR,"243204",NASWADI,"2432040013",PALASANI,"24320412901",MODHLA PRIMARY SCHOOL,92,59,36,16,7,39,11,9
"2432040014",RAYPUR,"2432",CHHOTAUDEPUR,"243204",NASWADI,"2432040014",RAYPUR,"24320415201",POCHAMBA PRIMARY SCHOOL,117,41,12,26,3,9,28,4
"2432040016",SANGPUR,"2432",CHHOTAUDEPUR,"243204",NASWADI,"2432040016",SANGPUR,"24320417701",SENGPUR PRIMARY SCHOOL,84,55,41,13,1,48,7,0
"2432040015",SA. TANKHALA,"2432",CHHOTAUDEPUR,"243204",NASWADI,"2432040015",SA. TANKHALA,"24320417001",SANKAD TANAKHLA GRP. SHALA,93,55,33,16,6,9,27,19
"2432040017",VADIYA(LA),"2432",CHHOTAUDEPUR,"243204",NASWADI,"2432040017",VADIYA(LA),"24320400501",AAMTA PRIMARY SCHOOL,78,48,24,23,1,17,30,1
"2432040018",VAGHACH,"2432",CHHOTAUDEPUR,"243204",NASWADI,"2432040018",VAGHACH,"24320419901",VAGHACH PRIMARY SCHOOL,126,52,21,27,4,18,34,0
"2432040019",ZER,"2432",CHHOTAUDEPUR,"243204",NASWADI,"2432040019",ZER,"24320421101",ZER PRIMARY SCHOOL,96,53,15,31,7,14,34,5
"2432050002",BAHADURPUR,"2432",CHHOTAUDEPUR,"243205",SANKHEDA,"2432050002",BAHADURPUR,"24320513001",MANJROL PRI.SCH.,123,51,13,20,18,12,15,24
"2432050003",BHATPUR,"2432",CHHOTAUDEPUR,"243205",SANKHEDA,"2432050003",BHATPUR,"24320502001",BHATPUR PRI.SCH.,167,59,37,22,0,37,22,0
"2432050005",GUNDICHA,"2432",CHHOTAUDEPUR,"243205",SANKHEDA,"2432050005",GUNDICHA,"24320507001",GUNDICHA PRI.SCH.,103,51,11,30,10,8,25,18
"2432050006",KALEDIYA,"2432",CHHOTAUDEPUR,"243205",SANKHEDA,"2432050006",KALEDIYA,"24320508101",KALEDIYA PRI.SCH.,78,28,7,17,4,4,17,7
"2432050007",KAVITHA,"2432",CHHOTAUDEPUR,"243205",SANKHEDA,"2432050007",KAVITHA,"24320508602",KANDEVAR N.V. PRI.SCH.,99,50,30,19,1,19,29,2
"2432050008",KHUNWAD,"2432",CHHOTAUDEPUR,"243205",SANKHEDA,"2432050008",KHUNWAD,"24320502901",BOR TALAV PRI.SCH.,66,49,26,23,0,19,29,1
"2432050009",LOTIYA,"2432",CHHOTAUDEPUR,"243205",SANKHEDA,"2432050009",LOTIYA,"24320506703",GOLA GAMADI M.P. VASAHATPRI.SC,86,60,7,15,38,4,11,45
"2432050010",MALU,"2432",CHHOTAUDEPUR,"243205",SANKHEDA,"2432050010",MALU,"24320507302",HARESHWAR N.V. PRI.SCH.,79,53,10,29,14,6,36,11
"2432050012",RAMPURA,"2432",CHHOTAUDEPUR,"243205",SANKHEDA,"2432050012",RAMPURA,"24320516401",RAMPURA PRI.SCH.,56,44,30,14,0,20,18,6
"2432050013",SANKHEDA,"2432",CHHOTAUDEPUR,"243205",SANKHEDA,"2432050013",SANKHEDA,"24320518201",SANKHEDA KUMAR PRI.SCH.,101,55,16,33,6,6,41,8
"2432050014",VADELI,"2432",CHHOTAUDEPUR,"243205",SANKHEDA,"2432050014",VADELI,"24320500301",AAKAKHEDA PRI.SCH.,84,53,23,25,5,9,32,12
"2432050015",VASNA,"2432",CHHOTAUDEPUR,"243205",SANKHEDA,"2432050015",VASNA,"24320511901",LACHHRAS PRI.SCH.,77,53,18,34,1,19,34,0
"2429010001",BHANVAD TALUKA SHALA 1,"2429",DEVBHOOMI DWARKA,"242901",BHANVAD,"2429010001",BHANVAD TALUKA SHALA 1,"24290100504",BHANVAD KANYA PRIMARY SCHOOL,249,48,5,17,26,2,16,30
"2429010002",BHANVAD TALUKA SHALA 2,"2429",DEVBHOOMI DWARKA,"242901",BHANVAD,"2429010002",BHANVAD TALUKA SHALA 2,"24290100503",BHANVAD TALUKA SHALA 2,188,51,13,20,18,8,22,21
"2429010003",BHENAKVAD PRIMARY SCHOOL,"2429",DEVBHOOMI DWARKA,"242901",BHANVAD,"2429010003",BHENAKVAD PRIMARY SCHOOL,"24290100801",BHENAKVAD PRIMARY SCHOOL,123,50,6,13,31,5,13,32
"2429010004",CHOKHANDA PRIMARY SCHOOL,"2429",DEVBHOOMI DWARKA,"242901",BHANVAD,"2429010004",CHOKHANDA PRIMARY SCHOOL,"24290107101",SHEDHAKHAI PRIMARY SCHOOL,111,50,15,25,10,6,30,14
"2429010005",GADU PRIMARY SCHOOL,"2429",DEVBHOOMI DWARKA,"242901",BHANVAD,"2429010005",GADU PRIMARY SCHOOL,"24290105101",RANPAR TALUKA SHALA,234,57,36,13,8,25,18,14
"2429010006",GUNDA TALUKA SHALA,"2429",DEVBHOOMI DWARKA,"242901",BHANVAD,"2429010006",GUNDA TALUKA SHALA,"24290102801",JAM ROZIVADA PRIMARY SCHOOL,139,51,4,18,29,3,18,30
"2429010007",KANTOLIYA TALUKA SHALA,"2429",DEVBHOOMI DWARKA,"242901",BHANVAD,"2429010007",KANTOLIYA TALUKA SHALA,"24290105801",SANAKHALA PRIMARY SCHOOL,74,50,14,25,11,12,30,8
"2429010008",KATKOLA TALUKA SHALA,"2429",DEVBHOOMI DWARKA,"242901",BHANVAD,"2429010008",KATKOLA TALUKA SHALA,"24290108001",KATKOLA TALUKA SHALA,128,23,0,6,17,1,7,15
"2429010009",MODPAR PRIMARY SCHOOL,"2429",DEVBHOOMI DWARKA,"242901",BHANVAD,"2429010009",MODPAR PRIMARY SCHOOL,"24290104301",MODPAR PRIMARY SCHOOL,155,44,16,11,17,12,20,12
"2429010010",MORZAR PRIMARY SCHOOL,"2429",DEVBHOOMI DWARKA,"242901",BHANVAD,"2429010010",MORZAR PRIMARY SCHOOL,"24290104501",MORZAR TALUKA SHALA,142,51,6,16,29,6,20,25
"2429010011",NAVAPARA PRIMARY SCHOOL,"2429",DEVBHOOMI DWARKA,"242901",BHANVAD,"2429010011",NAVAPARA PRIMARY SCHOOL,"24290105501",RUPAMORA PRIMARY SCHOOL,159,50,3,7,40,4,9,37
"2429010012",PACHHATAR TALUKA SHALA,"2429",DEVBHOOMI DWARKA,"242901",BHANVAD,"2429010012",PACHHATAR TALUKA SHALA,"24290101501",DHEBAR TALUKA SHALA,239,53,20,18,15,18,14,21
"2429010013",VERAD TALUKA SHALA,"2429",DEVBHOOMI DWARKA,"242901",BHANVAD,"2429010013",VERAD TALUKA SHALA,"24290107701",AMBARDI PRIMARY SCHOOL,107,45,16,17,12,5,26,14
"2429020001",BARADIYA PRIMARY SCHOOL,"2429",DEVBHOOMI DWARKA,"242902",DWARKA,"2429020001",BARADIYA PRIMARY SCHOOL,"24290200301",BARADIYA PRIMARY SCHOOL,179,54,12,32,10,14,32,8
"2429020002",DWARKA TALUKA SHALA 1,"2429",DEVBHOOMI DWARKA,"242902",DWARKA,"2429020002",DWARKA TALUKA SHALA 1,"24290201015",TV STATION PRIMARY SCHOOL,219,59,15,25,19,17,22,20
"2429020003",DWARKA TALUKA SHALA 2,"2429",DEVBHOOMI DWARKA,"242902",DWARKA,"2429020003",DWARKA TALUKA SHALA 2,"24290201011",RUPAN BANDAR PRIMARY SCHOOL,512,60,31,23,6,8,39,13
"2429020004",GORIYARI TALUKA SHALA,"2429",DEVBHOOMI DWARKA,"242902",DWARKA,"2429020004",GORIYARI TALUKA SHALA,"24290201401",HAMUSAR PRIMARY SCHOOL,124,52,24,26,2,15,30,7
"2429020005",KALYANPUR PRIMARY SCHOOL,"2429",DEVBHOOMI DWARKA,"242902",DWARKA,"2429020005",KALYANPUR PRIMARY SCHOOL,"24290204501",VASAI PRIMARY SCHOOL,85,54,17,29,8,14,30,10
"2429020006",MITHAPUR TALUKA SHALA,"2429",DEVBHOOMI DWARKA,"242902",DWARKA,"2429020006",MITHAPUR TALUKA SHALA,"24290204601",BHIMRANA PRIMARY SCHOOL,128,40,7,22,11,6,25,9
"2429020007",MULVASAR PRIMARY SCHOOL,"2429",DEVBHOOMI DWARKA,"242902",DWARKA,"2429020007",MULVASAR PRIMARY SCHOOL,"24290204202",TUPANI VADI SHALA,107,43,1,23,19,9,12,22
"2429020008",OKHA MADHI PRIMARY SCHOOL,"2429",DEVBHOOMI DWARKA,"242902",DWARKA,"2429020008",OKHA MADHI PRIMARY SCHOOL,"24290201201",GORINJA TALUKA SHALA,67,43,19,13,11,7,16,20
"2429020009",OKHA TALUKA SHALA,"2429",DEVBHOOMI DWARKA,"242902",DWARKA,"2429020009",OKHA TALUKA SHALA,"24290203204",OKHA TALUKA SHALA,452,59,4,39,16,2,39,18
"2429020010",SURAJ KARADI KANYA SHALA,"2429",DEVBHOOMI DWARKA,"242902",DWARKA,"2429020010",SURAJ KARADI KANYA SHALA,"24290204005",KRUSHNA NAGAR PRIMARY SCHOOL,258,49,6,19,24,7,18,24
"2429020011",VARVALA PRIMARY SCHOOL,"2429",DEVBHOOMI DWARKA,"242902",DWARKA,"2429020011",VARVALA PRIMARY SCHOOL,"24290204401",VARVALA PRIMARY SCHOOL,242,50,18,22,10,16,20,14
"2429030001",BANKODI TALUKA SHALA,"2429",DEVBHOOMI DWARKA,"242903",JAMKALYANPUR,"2429030001",BANKODI TALUKA SHALA,"24290304603",MALETA PRIMARY SCHOOL,74,50,2,7,41,0,10,40
"2429030002",BHATIYA TALUKA SHALA,"2429",DEVBHOOMI DWARKA,"242903",JAMKALYANPUR,"2429030002",BHATIYA TALUKA SHALA,"24290300504",BHATIYA KRUSHNA NAGAR PRIMARY SCHOOL,235,50,9,15,26,2,10,38
"2429030003",BHOGAT TALUKA SHALA,"2429",DEVBHOOMI DWARKA,"242903",JAMKALYANPUR,"2429030003",BHOGAT TALUKA SHALA,"24290300601",BHATVADIYA PRIMARY SCHOOL,127,52,22,12,18,13,15,24
"2429030004",DEVALIYA TALUKA SHALA,"2429",DEVBHOOMI DWARKA,"242903",JAMKALYANPUR,"2429030004",DEVALIYA TALUKA SHALA,"24290301503",DEVALIYA KANYA SHALA,132,53,3,10,40,1,14,38
"2429030005",GADHKA TALUKA SHALA,"2429",DEVBHOOMI DWARKA,"242903",JAMKALYANPUR,"2429030005",GADHKA TALUKA SHALA,"24290301902",GADHKA NAVAPARA PRIMARY SCHOOL,123,45,5,21,19,6,20,19
"2429030006",GANGADI PRIMARY SCHOOL,"2429",DEVBHOOMI DWARKA,"242903",JAMKALYANPUR,"2429030006",GANGADI PRIMARY SCHOOL,"24290300901",CHACHLANA PRIMARY SCHOOL,138,35,4,2,29,3,3,29
"2429030007",JAMKALYANPUR TALUKA SHALA,"2429",DEVBHOOMI DWARKA,"242903",JAMKALYANPUR,"2429030007",JAMKALYANPUR TALUKA SHALA,"24290303002",JAMKALYANPUR KANYA SHALA,70,52,20,23,9,13,14,25
"2429030008",JAMPAR PRIMARY SCHOOL,"2429",DEVBHOOMI DWARKA,"242903",JAMKALYANPUR,"2429030008",JAMPAR PRIMARY SCHOOL,"24290301112",CHAPAR PRIMARY SCHOOL,106,37,20,15,2,11,20,6
"2429030009",JUVANPUR KUMAR SHALA,"2429",DEVBHOOMI DWARKA,"242903",JAMKALYANPUR,"2429030009",JUVANPUR KUMAR SHALA,"24290303402",JUVANPUR KANYA SHALA,143,50,3,38,9,0,26,24
"2429030010",KENEDI KUMAR SHALA,"2429",DEVBHOOMI DWARKA,"242903",JAMKALYANPUR,"2429030010",KENEDI KUMAR SHALA,"24290303604",KENEDI KANYA SHALA,201,51,8,23,20,15,17,19
"2429030011",KHAKHARDA PRIMARY SCHOOL,"2429",DEVBHOOMI DWARKA,"242903",JAMKALYANPUR,"2429030011",KHAKHARDA PRIMARY SCHOOL,"24290300801",BHOPALKA PRIMARY SCHOOL,94,48,8,13,27,2,17,29
"2429030012",LAMBA TALUKA SHALA,"2429",DEVBHOOMI DWARKA,"242903",JAMKALYANPUR,"2429030012",LAMBA TALUKA SHALA,"24290304203",LAMBA KANYA SHALA,171,52,8,16,28,7,24,21
"2429030013",MARUTINAGAR PRIMARY SCHOOL,"2429",DEVBHOOMI DWARKA,"242903",JAMKALYANPUR,"2429030013",MARUTINAGAR PRIMARY SCHOOL,"24290306503",HANUMAN DHAR TALUKA SHALA,328,53,20,22,11,18,21,14
"2429030014",MOTA ASHOTA KUMAR SHALA,"2429",DEVBHOOMI DWARKA,"242903",JAMKALYANPUR,"2429030014",MOTA ASHOTA KUMAR SHALA,"24290304801",MANIPUR HABARDI PRIMARY SCHOOL,100,38,12,12,14,7,18,13
"2429030015",NANDANA TALUKA SHALA,"2429",DEVBHOOMI DWARKA,"242903",JAMKALYANPUR,"2429030015",NANDANA TALUKA SHALA,"24290305307",VIR SHAHID MO M DABHI PRIMARY SCHOOL,229,35,4,12,19,4,17,14
"2429030016",NAVA DHATURIYA TALUKA SHALA,"2429",DEVBHOOMI DWARKA,"242903",JAMKALYANPUR,"2429030016",NAVA DHATURIYA TALUKA SHALA,"24290304101",KHIRSARA PRIMARY SCHOOL,158,49,6,16,27,4,17,28
"2429030017",NAVADRA PRIMARY SCHOOL,"2429",DEVBHOOMI DWARKA,"242903",JAMKALYANPUR,"2429030017",NAVADRA PRIMARY SCHOOL,"24290305601",NAVADRA PRIMARY SCHOOL,94,52,12,31,9,9,30,13
"2429030018",RAJAPARA PRIMARY SCHOOL,"2429",DEVBHOOMI DWARKA,"242903",JAMKALYANPUR,"2429030018",RAJAPARA PRIMARY SCHOOL,"24290306101",RAJAPARA PRIMARY SCHOOL,97,52,9,40,3,10,36,6
"2429030020",RANJITPUR PRIMARY SCHOOL,"2429",DEVBHOOMI DWARKA,"242903",JAMKALYANPUR,"2429030020",RANJITPUR PRIMARY SCHOOL,"24290302701",GURGADH PRIMARY SCHOOL,154,52,32,20,0,21,21,10
"2429030019",RAN TALUKA SHALA,"2429",DEVBHOOMI DWARKA,"242903",JAMKALYANPUR,"2429030019",RAN TALUKA SHALA,"24290306201",RAN BRANCH SHALA,293,54,10,19,25,3,20,31
"2429030021",RAVAL TALUKA SHALA 1,"2429",DEVBHOOMI DWARKA,"242903",JAMKALYANPUR,"2429030021",RAVAL TALUKA SHALA 1,"24290302601",GORANA PRIMARY SCHOOL,107,49,13,12,24,11,15,23
"2429030022",TANKARIYA NAVAPARA PRIMARY SCHOOL,"2429",DEVBHOOMI DWARKA,"242903",JAMKALYANPUR,"2429030022",TANKARIYA NAVAPARA PRIMARY SCHOOL,"24290307202",TANKARIYA NAVAPARA PRIMARY SCHOOL,132,50,12,19,19,7,22,21
"2429040001",BERAJA PRIMARY SCHOOL,"2429",DEVBHOOMI DWARKA,"242904",JAMKHAMBHALIYA,"2429040001",BERAJA PRIMARY SCHOOL,"24290405901",NANA ASHOTA PRIMARY SCHOOL,140,50,16,19,15,15,20,15
"2429040002",BHADTHAR TALUKA SHALA,"2429",DEVBHOOMI DWARKA,"242904",JAMKHAMBHALIYA,"2429040002",BHADTHAR TALUKA SHALA,"24290400701",BHADTHAR KANYA SHALA,95,37,11,13,13,6,17,14
"2429040003",BHAN KHOKHRI TALUKA SHALA,"2429",DEVBHOOMI DWARKA,"242904",JAMKHAMBHALIYA,"2429040003",BHAN KHOKHRI TALUKA SHALA,"24290401401",BHINDA PRIMARY SCHOOL,126,50,7,17,26,4,14,32
"2429040004",BHARANA TALUKA SHALA,"2429",DEVBHOOMI DWARKA,"242904",JAMKHAMBHALIYA,"2429040004",BHARANA TALUKA SHALA,"24290408602",VADINAR VADI SHALA,218,56,19,32,5,9,34,13
"2429040005",DERAMORA PRIMARY SCHOOL,"2429",DEVBHOOMI DWARKA,"242904",JAMKHAMBHALIYA,"2429040005",DERAMORA PRIMARY SCHOOL,"24290406601",AVEDA VADI PRIMARY SCHOOL,262,44,21,15,8,17,13,14
"2429040006",GOINJ PRIMARY SCHOOL,"2429",DEVBHOOMI DWARKA,"242904",JAMKHAMBHALIYA,"2429040006",GOINJ PRIMARY SCHOOL,"24290401501",CHUDESHWAR PRIMARY SCHOOL,169,51,6,29,16,12,26,13
"2429040007",HARIPUR TALUKA SHALA,"2429",DEVBHOOMI DWARKA,"242904",JAMKHAMBHALIYA,"2429040007",HARIPUR TALUKA SHALA,"24290402801",HAPIVADI PRIMARY SCHOOL,231,48,8,15,25,5,12,31
"2429040016",JAMKHAMBHALIYA TALUKA SHALA 1,"2429",DEVBHOOMI DWARKA,"242904",JAMKHAMBHALIYA,"2429040016",JAMKHAMBHALIYA TALUKA SHALA 1,"24290404102",KANYA SHALA 3,229,23,2,8,13,0,15,8
"2429040017",JAMKHAMBHALIYA TALUKA SHALA 3,"2429",DEVBHOOMI DWARKA,"242904",JAMKHAMBHALIYA,"2429040017",JAMKHAMBHALIYA TALUKA SHALA 3,"24290402101",DHORIVAV PRIMARY SCHOOL,392,48,14,20,14,7,27,14
"2429040008",JUVANGADH PRIMARY SCHOOL,"2429",DEVBHOOMI DWARKA,"242904",JAMKHAMBHALIYA,"2429040008",JUVANGADH PRIMARY SCHOOL,"24290405701",MOVAN PRIMARY SCHOOL,159,51,8,16,27,11,18,22
"2429040009",KANDORNA PRIMARY SCHOOL,"2429",DEVBHOOMI DWARKA,"242904",JAMKHAMBHALIYA,"2429040009",KANDORNA PRIMARY SCHOOL,"24290406501",PIRLAKHASAR PRIMARY SCHOOL,155,52,22,22,8,13,31,8
"2429040010",KESHOD PRIMARY SCHOOL,"2429",DEVBHOOMI DWARKA,"242904",JAMKHAMBHALIYA,"2429040010",KESHOD PRIMARY SCHOOL,"24290408001",THAKAR SHERDI PRIMARY SCHOOL,148,50,8,12,30,4,17,29
"2429040011",KOLVA PRIMARY SCHOOL,"2429",DEVBHOOMI DWARKA,"242904",JAMKHAMBHALIYA,"2429040011",KOLVA PRIMARY SCHOOL,"24290404201",KOLVA PRIMARY SCHOOL,125,50,5,17,28,7,21,22
"2429040012",LALUKA TALUKA SHALA,"2429",DEVBHOOMI DWARKA,"242904",JAMKHAMBHALIYA,"2429040012",LALUKA TALUKA SHALA,"24290405601",MOTI KHOKHRI PRIMARY SCHOOL,81,51,6,12,33,7,16,28
"2429040013",NANA MANDHA PRIMARY SCHOOL,"2429",DEVBHOOMI DWARKA,"242904",JAMKHAMBHALIYA,"2429040013",NANA MANDHA PRIMARY SCHOOL,"24290409101",NANA MANDHA PRIMARY SCHOOL,207,32,9,12,11,11,13,8
"2429040014",SAMOR PRIMARY SCHOOL,"2429",DEVBHOOMI DWARKA,"242904",JAMKHAMBHALIYA,"2429040014",SAMOR PRIMARY SCHOOL,"24290402902",HANSTHAL PRIMARY SCHOOL,123,52,9,14,29,9,7,36
"2429040015",SONARDI PRIMARY SCHOOL,"2429",DEVBHOOMI DWARKA,"242904",JAMKHAMBHALIYA,"2429040015",SONARDI PRIMARY SCHOOL,"24290401201",BHATEL TALUKA SHALA,134,50,11,25,14,7,21,22
"2429040018",UGAMNA BARA PRIMARY SCHOOL,"2429",DEVBHOOMI DWARKA,"242904",JAMKHAMBHALIYA,"2429040018",UGAMNA BARA PRIMARY SCHOOL,"24290408301",UGAMNA BARA PRIMARY SCHOOL,174,48,7,32,9,8,31,9
"2429040019",VADALIYA SIHAN TALUKA SHALA,"2429",DEVBHOOMI DWARKA,"242904",JAMKHAMBHALIYA,"2429040019",VADALIYA SIHAN TALUKA SHALA,"24290401701",DANTA PRIMARY SCHOOL,126,51,3,25,23,7,26,18
"2429040020",VADATRA TALUKA SHALA,"2429",DEVBHOOMI DWARKA,"242904",JAMKHAMBHALIYA,"2429040020",VADATRA TALUKA SHALA,"24290408701",VADATRA TALUKA SHALA,217,51,8,11,32,5,22,24
"2429040021",VAGHERVAS PRIMARY SCHOOL,"2429",DEVBHOOMI DWARKA,"242904",JAMKHAMBHALIYA,"2429040021",VAGHERVAS PRIMARY SCHOOL,"24290406903",VAGHERVAS PRIMARY SCHOOL,929,60,21,34,5,15,32,13
"2418010001",AAGAWADA,"2418",DOHAD,"241801",DAHOD,"2418010001",AAGAWADA,"24180105201",AGAWADA PRI.SHALA,388,60,6,20,34,6,23,31
"2418010002",BAVKA,"2418",DOHAD,"241801",DAHOD,"2418010002",BAVKA,"24180100101",BAVKA MU.GAMTAL,195,55,10,21,24,6,26,23
"2418010003",BHATHIWADA,"2418",DOHAD,"241801",DAHOD,"2418010003",BHATHIWADA,"24180101602",KHAREDI PRI.SHALA,372,60,26,30,4,20,36,4
"2418010004",BORDI,"2418",DOHAD,"241801",DAHOD,"2418010004",BORDI,"24180100401",DHAMARDA PRI.SHALA,232,56,6,25,25,9,21,26
"2418010005",BORVANI,"2418",DOHAD,"241801",DAHOD,"2418010005",BORVANI,"24180102107",BORVANI PATEL FALIYA SHALA,251,51,11,23,17,7,17,27
"2418010006",CHANDWANA,"2418",DOHAD,"241801",DAHOD,"2418010006",CHANDWANA,"24180109301",VANBHORI PRI SHALA,465,60,26,24,10,13,23,24
"2418010007",CHHAPARI,"2418",DOHAD,"241801",DAHOD,"2418010007",CHHAPARI,"24180102101",CHHPARI PRI.SHALA,281,60,10,30,20,8,32,20
"2418010008",HIMALA,"2418",DOHAD,"241801",DAHOD,"2418010008",HIMALA,"24180102701",GUNDIKHEDA MUKHAYA PRI.SHALA,230,60,17,18,25,18,21,21
"2418010009",JALAT,"2418",DOHAD,"241801",DAHOD,"2418010009",JALAT,"24180103501",BORKHEDA MU.PRI.SHALA,414,60,28,23,9,22,28,10
"2418010010",JEKOT,"2418",DOHAD,"241801",DAHOD,"2418010010",JEKOT,"24180105801",KALITALAI PRI.SHALA,251,60,15,22,23,14,27,19
"2418010011",KATHALA,"2418",DOHAD,"241801",DAHOD,"2418010011",KATHALA,"24180104202",MANDIR FALIYA PRI.SHALA,489,60,13,30,17,8,29,23
"2418010012",KATWARA,"2418",DOHAD,"241801",DAHOD,"2418010012",KATWARA,"24180104601",DASHALA MUKHAY PRI.SHALA,508,60,16,43,1,20,38,2
"2418010013",KHANGELA,"2418",DOHAD,"241801",DAHOD,"2418010013",KHANGELA,"24180103902",KHARAKUVA PRI.SHALA,420,60,31,22,7,7,45,8
"2418010014",KHAROD,"2418",DOHAD,"241801",DAHOD,"2418010014",KHAROD,"24180108502",LIMKHEDA FALIYA VARG RENTIA,418,60,10,24,26,8,29,23
"2418010015",LIMDABRA,"2418",DOHAD,"241801",DAHOD,"2418010015",LIMDABRA,"24180102901",LIMDABARA PRI.SHALA,488,57,37,20,0,34,23,0
"2418010016",MOTI KHARAJ,"2418",DOHAD,"241801",DAHOD,"2418010016",MOTI KHARAJ,"24180106601",UTARA FALIYA VARG,652,60,4,25,31,4,23,33
"2418010017",MOTI RANAPUR,"2418",DOHAD,"241801",DAHOD,"2418010017",MOTI RANAPUR,"24180101706",KHARODA PRI.SHALA,452,60,18,33,9,20,28,12
"2418010018",MUVALIYA,"2418",DOHAD,"241801",DAHOD,"2418010018",MUVALIYA,"24180105403",MUVALIYA CHORA PRI.SHALA,365,60,4,24,32,1,26,33
"2418010019",NAGRALA,"2418",DOHAD,"241801",DAHOD,"2418010019",NAGRALA,"24180106101",NAGRALA PRI.SHALA,392,60,7,24,29,7,28,25
"2418010020",NAVAGAM,"2418",DOHAD,"241801",DAHOD,"2418010020",NAVAGAM,"24180100901",NAVAGAM MU.PRI.SHALA,340,59,19,8,32,19,9,31
"2418010021",PADAV,"2418",DOHAD,"241801",DAHOD,"2418010021",PADAV,"24180106401",NANIKHARAJ PRI.SHALA,338,60,28,12,20,24,24,12
"2418010022",RACHARDA,"2418",DOHAD,"241801",DAHOD,"2418010022",RACHARDA,"24180106801",RACHARDA PRI.SHALA,279,56,25,17,14,26,16,14
"2418010023",SIMALIYAKHURD,"2418",DOHAD,"241801",DAHOD,"2418010023",SIMALIYAKHURD,"24180104701",SIMLIYAKHURD PRI.SHALA,324,59,25,21,13,25,21,13
"2418010024",TALUKASHALA,"2418",DOHAD,"241801",DAHOD,"2418010024",TALUKASHALA,"24180107505",DESAIWADA PRI.SHALA,385,60,7,27,26,7,27,26
"2418010025",TANDA,"2418",DOHAD,"241801",DAHOD,"2418010025",TANDA,"24180107001",TANDA PRI.SHALA,276,57,35,13,9,36,12,9
"2418010026",THAKKARBAPA,"2418",DOHAD,"241801",DAHOD,"2418010026",THAKKARBAPA,"24180108001",GALALIYAVAD PRI.SHALA,630,46,2,22,22,3,26,17
"2418010027",ZALODROAD,"2418",DOHAD,"241801",DAHOD,"2418010027",ZALODROAD,"24180107601",DELSAR PRI.SHALA,506,60,8,21,31,6,22,32
"2418070001",ANKALI,"2418",DOHAD,"241807",DEV.BARIA,"2418070001",ANKALI,"24180702403",NADATOD,126,54,31,23,0,35,19,0
"2418070002",ANTELA,"2418",DOHAD,"241807",DEV.BARIA,"2418070002",ANTELA,"24180700101",ANTELA PRA.SHALA,213,58,23,23,12,21,25,12
"2418070003",BAINA,"2418",DOHAD,"241807",DEV.BARIA,"2418070003",BAINA,"24180700701",REDHANA PRI SHALA,163,55,11,39,5,5,48,2
"2418070004",BAMAROLI,"2418",DOHAD,"241807",DEV.BARIA,"2418070004",BAMAROLI,"24180703302",BAMROLI,173,60,27,18,15,26,21,13
"2418070005",BHATHVADA,"2418",DOHAD,"241807",DEV.BARIA,"2418070005",BHATHVADA,"24180700901",BHATHWADA PRI SHALA,226,56,14,32,10,12,38,6
"2418070006",BHUVAL,"2418",DOHAD,"241807",DEV.BARIA,"2418070006",BHUVAL,"24180704501",KHEDA FALIYA,158,60,8,23,29,3,25,32
"2418070007",DABHAVA,"2418",DOHAD,"241807",DEV.BARIA,"2418070007",DABHAVA,"24180702001",SATKUNDA PRI SHALA,145,55,19,22,14,26,18,11
"2418070008",DUDHIYA,"2418",DOHAD,"241807",DEV.BARIA,"2418070008",DUDHIYA,"24180703603",LAVARIA,214,60,9,29,22,12,31,17
"2418070009",JAMARAN,"2418",DOHAD,"241807",DEV.BARIA,"2418070009",JAMARAN,"24180707201",JAMARAN PRA SHALA,138,60,16,26,18,16,20,24
"2418070010",KALIDUNAGARI,"2418",DOHAD,"241807",DEV.BARIA,"2418070010",KALIDUNAGARI,"24180704801",RANIPURA PRI SHALA,209,60,12,20,28,13,20,27
"2418070011",KELKUVA,"2418",DOHAD,"241807",DEV.BARIA,"2418070011",KELKUVA,"24180705002",KANSATIYA,170,60,16,27,17,2,50,8
"2418070012",MOTI ASAYADI,"2418",DOHAD,"241807",DEV.BARIA,"2418070012",MOTI ASAYADI,"24180701101",VADODAR PRI SCHOOL,146,60,5,24,31,5,23,32
"2418070013",MOTI KHAJURI,"2418",DOHAD,"241807",DEV.BARIA,"2418070013",MOTI KHAJURI,"24180705802",MOTIKHAJURI,259,60,15,19,26,17,21,22
"2418070014",MOTI ZARI,"2418",DOHAD,"241807",DEV.BARIA,"2418070014",MOTI ZARI,"24180706201",KALIYAKOTA PRA SHALA,298,52,23,21,8,27,18,7
"2418070015",PIPLOD,"2418",DOHAD,"241807",DEV.BARIA,"2418070015",PIPLOD,"24180706606",MADHYASHTHA SHALA,458,56,13,20,23,11,18,27
"2418070016",RUVABARI,"2418",DOHAD,"241807",DEV.BARIA,"2418070016",RUVABARI,"24180708701",RUVABARI MUVADA PRA SHALA,196,58,24,27,7,27,27,4
"2418070017",SEVANIYA,"2418",DOHAD,"241807",DEV.BARIA,"2418070017",SEVANIYA,"24180707501",TIMBHARAVA PRA SHALA,154,59,22,33,4,18,34,7
"2418070018",SIKSHANANUBHAV,"2418",DOHAD,"241807",DEV.BARIA,"2418070018",SIKSHANANUBHAV,"24180708406",SIKSHANANUBHAV SHALA,276,60,26,19,15,18,20,22
"2418070019",STATION ROAD,"2418",DOHAD,"241807",DEV.BARIA,"2418070019",STATION ROAD,"24180708401",KAPADI PRA SHALA,780,60,12,24,24,16,17,27
"2418070020",TALUKA SHALA,"2418",DOHAD,"241807",DEV.BARIA,"2418070020",TALUKA SHALA,"24180708412",RADHEGOVIND PRA SHALA,206,60,29,20,11,22,29,9
"2418070021",TOYANI,"2418",DOHAD,"241807",DEV.BARIA,"2418070021",TOYANI,"24180709402",GUNA PRA SHALA,385,60,10,19,31,3,29,28
"2418040001",AGASVANI,"2418",DOHAD,"241804",DHANPUR,"2418040001",AGASVANI,"24180406901",AGASWANI PRI.SHALA,252,58,35,23,0,34,24,0
"2418040002",BHINDOL,"2418",DOHAD,"241804",DHANPUR,"2418040002",BHINDOL,"24180400402",UCHAVAS F.VARG BHINDOL,66,49,22,18,9,20,20,9
"2418040003",BHORVA,"2418",DOHAD,"241804",DHANPUR,"2418040003",BHORVA,"24180407101",DUDHAMALI PRI.SHALA,194,57,17,24,16,15,26,16
"2418040004",DHANPUR,"2418",DOHAD,"241804",DHANPUR,"2418040004",DHANPUR,"24180401505",TALUKA SHALA DHANPUR,132,60,18,31,11,7,43,10
"2418040005",DUMKA,"2418",DOHAD,"241804",DHANPUR,"2418040005",DUMKA,"24180401402",DUMKA MU.PRI.SHALA,130,60,16,33,11,7,45,8
"2418040006",KANJETA,"2418",DOHAD,"241804",DHANPUR,"2418040006",KANJETA,"24180400301",CHARI PRI SCH,96,56,41,11,4,18,34,4
"2418040007",MAHUNALA,"2418",DOHAD,"241804",DHANPUR,"2418040007",MAHUNALA,"24180405901",UNDAR MUKHAYA,232,60,34,21,5,34,22,4
"2418040008",MANDOR,"2418",DOHAD,"241804",DHANPUR,"2418040008",MANDOR,"24180403501",MOTIMALU PRI.SHALA,196,60,26,26,8,19,33,8
"2418040009",NAKTI,"2418",DOHAD,"241804",DHANPUR,"2418040009",NAKTI,"24180404801",KARGIL VEER SHAHID PRI.SHALA,213,60,5,22,33,5,21,34
"2418040010",NAVANAGAR,"2418",DOHAD,"241804",DHANPUR,"2418040010",NAVANAGAR,"24180405601",NAVANAGAR PRI.SHALA,280,60,23,32,5,8,48,4
"2418040011",PIPERO,"2418",DOHAD,"241804",DHANPUR,"2418040011",PIPERO,"24180408101",SINGAWALI PRI.SHALA,140,45,11,16,18,12,10,23
"2418040012",TOKARVA,"2418",DOHAD,"241804",DHANPUR,"2418040012",TOKARVA,"24180402501",TOKRAVA PRI.SHALA,125,58,33,25,0,32,26,0
"2418040013",VASIYADUNGRI,"2418",DOHAD,"241804",DHANPUR,"2418040013",VASIYADUNGRI,"24180403701",VASIYADUNGRI PRI.SHALA,236,60,9,50,1,8,51,1
"2418040014",VED,"2418",DOHAD,"241804",DHANPUR,"2418040014",VED,"24180404501",MODHAVA MU.PRI.SHALA,159,60,16,34,10,8,43,9
"2418040015",ZABU,"2418",DOHAD,"241804",DHANPUR,"2418040015",ZABU,"24180407902",ZABU MU.,238,60,22,26,12,18,30,12
"2418110001",AFAVA,"2418",DOHAD,"241805",FATEPURA,"2418050001",AFAVA,"24180501201",AFAVA PRA.SHALA,242,57,14,18,25,9,20,28
"2418050002",BALAIYA,"2418",DOHAD,"241805",FATEPURA,"2418050002",BALAIYA,"24180502901",NANIREL (PURV) PRI.SHALA,65,0,0,0,0,0,0,0
"2418110002",BALAIYA,"2418",DOHAD,"241805",FATEPURA,"2418050002",BALAIYA,"24180502004",BALAIYA  PRI SHALA,124,56,11,34,11,10,35,11
"2418050003",BARIYANI HATHOD,"2418",DOHAD,"241805",FATEPURA,"2418050003",BARIYANI HATHOD,"24180502501",BARIYANI HATHOD PRI.SHALA,70,50,17,8,25,6,7,37
"2418050004",BHICHOR,"2418",DOHAD,"241805",FATEPURA,"2418050004",BHICHOR,"24180505601",BHICHOR PRI.SHALA,128,59,8,29,22,10,27,22
"2418110005",BHOJELA,"2418",DOHAD,"241805",FATEPURA,"2418050005",BHOJELA,"24180500207",BHOJELA PRI BUNIYADI SHALA,185,60,19,18,23,15,26,19
"2418050006",CHHALOR,"2418",DOHAD,"241805",FATEPURA,"2418050006",CHHALOR,"24180505301",VANDARIYA PURV PRI.SHALA,238,60,6,33,21,3,35,22
"2418110006",CHHALOR,"2418",DOHAD,"241805",FATEPURA,"2418050006",CHHALOR,"24180507402",KALIYA,65,0,0,0,0,0,0,0
"2418050007",DHADHELA,"2418",DOHAD,"241805",FATEPURA,"2418050007",DHADHELA,"24180506801",DHADHELA,240,60,16,24,20,17,25,18
"2418110007",DHADHELA,"2418",DOHAD,"241805",FATEPURA,"2418050007",DHADHELA,"24180506901",MOTIBARA,140,0,0,0,0,0,0,0
"2418050008",DUNGAR,"2418",DOHAD,"241805",FATEPURA,"2418050008",DUNGAR,"24180509801",GADRA PRI.SHALA,187,60,21,39,0,21,39,0
"2418050009",GHUGHAS,"2418",DOHAD,"241805",FATEPURA,"2418050009",GHUGHAS,"24180506102",HOLI FALIYA VARG,256,59,24,16,19,27,13,19
"2418110010",HADMAT,"2418",DOHAD,"241805",FATEPURA,"2418050010",HADMAT,"24180500701",DHANIKHUNT,155,60,7,26,27,9,22,29
"2418110011",HINGALA,"2418",DOHAD,"241805",FATEPURA,"2418050011",HINGALA,"24180500901",VAKANER,186,60,20,25,15,17,41,2
"2418050012",KALIYA,"2418",DOHAD,"241805",FATEPURA,"2418050012",KALIYA,"24180503702",DAMOR FALIYA VARG,62,0,0,0,0,0,0,0
"2418110012",KALIYA,"2418",DOHAD,"241805",FATEPURA,"2418050012",KALIYA,"24180504101",KALIYA PRI.SHALA,247,60,28,20,12,25,24,11
"2418110013",KUNDALA,"2418",DOHAD,"241805",FATEPURA,"2418050013",KUNDALA,"24180504801",JAVESI MU,157,59,17,32,10,17,31,11
"2418110014",MOTA NATAVA,"2418",DOHAD,"241805",FATEPURA,"2418050014",MOTA NATAVA,"24180500401",MOTA NATVA,283,60,11,21,28,14,22,24
"2418050015",MOTIREL PURVA,"2418",DOHAD,"241805",FATEPURA,"2418050015",MOTIREL PURVA,"24180508801",MOTIREL PRI SHALA,137,53,12,21,20,12,21,20
"2418110016",NANIDHADHELI,"2418",DOHAD,"241805",FATEPURA,"2418050016",NANIDHADHELI,"24180504301",NANIDHADHELI,219,60,12,30,18,15,29,16
"2418050017",PIPLARA,"2418",DOHAD,"241805",FATEPURA,"2418050017",PIPLARA,"24180505501",BARSALEDA PRI.SHALA,309,60,23,20,17,20,21,19
"2418110018",SAGDAPADA,"2418",DOHAD,"241805",FATEPURA,"2418050018",SAGDAPADA,"24180501602",UBHAPAN SAGDAPADA,192,60,13,23,24,13,28,19
"2418050019",SALARA,"2418",DOHAD,"241805",FATEPURA,"2418050019",SALARA,"24180508201",SALRA,180,55,8,26,21,9,30,16
"2418110020",SARSAVA PURVA,"2418",DOHAD,"241805",FATEPURA,"2418050020",SARSAVA PURVA,"24180503301",SARASVA PURV PRI.SHALA,208,60,14,17,29,9,22,29
"2418110021",SUKHSAR,"2418",DOHAD,"241805",FATEPURA,"2418050021",SUKHSAR,"24180500101",SUKHSAR KRUSHI SHALA,312,58,14,13,31,16,14,28
"2418050022",VANGAD,"2418",DOHAD,"241805",FATEPURA,"2418050022",VANGAD,"24180509001",VALUNDI,156,60,14,18,28,15,17,28
"2418050023",VATLI,"2418",DOHAD,"241805",FATEPURA,"2418050023",VATLI,"24180510501",VATLI PRA.SHALA,177,56,21,25,10,24,21,11
"2418110023",VATLI,"2418",DOHAD,"241805",FATEPURA,"2418050023",VATLI,"24180510701",TADHIGOLI PRA.SHALA,141,0,0,0,0,0,0,0
"2418020001",AAMBLI-1,"2418",DOHAD,"241802",GARBADA,"2418020001",AAMBLI-1,"24180203901",CHHARCHHODA MUKHYA,463,0,0,0,0,0,0,0
"2418020002",ABHLOD-2,"2418",DOHAD,"241802",GARBADA,"2418020002",ABHLOD-2,"24180200110",KOTDA FALIYA PRI.SHALA,257,60,30,14,16,23,21,16
"2418020003",BORIYALA-3,"2418",DOHAD,"241802",GARBADA,"2418020003",BORIYALA-3,"24180200403",DIVANIYAVAD,232,60,32,28,0,21,38,1
"2418020004",DADUR-4,"2418",DOHAD,"241802",GARBADA,"2418020004",DADUR-4,"24180201201",PATIYA MU. PRI.SHALA,412,60,32,27,1,35,24,1
"2418020005",GANGARDI-5,"2418",DOHAD,"241802",GARBADA,"2418020005",GANGARDI-5,"24180202401",NALVAI PRI.SHALA,244,60,30,30,0,30,30,0
"2418020006",GARBADA-6,"2418",DOHAD,"241802",GARBADA,"2418020006",GARBADA-6,"24180201616",BHILAVA  PRA,285,60,14,29,17,14,27,19
"2418020007",JAMBUA-7,"2418",DOHAD,"241802",GARBADA,"2418020007",JAMBUA-7,"24180200501",GANGARDA PRI.SHALA,337,60,7,38,15,6,51,3
"2418020008",JESAWADA-8,"2418",DOHAD,"241802",GARBADA,"2418020008",JESAWADA-8,"24180203702",NADHELAV PATEL FALIYA,391,55,45,10,0,46,9,0
"2418020009",KANYA SHALA-9,"2418",DOHAD,"241802",GARBADA,"2418020009",KANYA SHALA-9,"24180201602",TALUKA KANYA SHALA,237,60,15,24,21,8,25,27
"2418020010",SAHADA-10,"2418",DOHAD,"241802",GARBADA,"2418020010",SAHADA-10,"24180203401",DEVADHA MU PRI SHALA,377,60,16,25,19,6,34,20
"2418020011",VAJELAV-11,"2418",DOHAD,"241802",GARBADA,"2418020011",VAJELAV-11,"24180202802",NELSUR GHATI SHALA,461,60,6,35,19,4,28,28
"2418020012",ZARIKHARELI-12,"2418",DOHAD,"241802",GARBADA,"2418020012",ZARIKHARELI-12,"24180201803",ZARIKHARELI PRI SHALA,267,60,48,6,6,40,15,5
"2418030001",AGARA (U),"2418",DOHAD,"241803",LIMKHEDA,"2418030001",AGARA (U),"24180312201",PARMAR NA KHAKHRIYA MAIN PRI.SHALA,364,60,14,20,26,11,24,25
"2418030002",BAAR,"2418",DOHAD,"241803",LIMKHEDA,"2418030002",BAAR,"24180312001",RAI MAIN PRI.SHALA,324,60,11,35,14,10,42,8
"2418030003",CHILAKOTA,"2418",DOHAD,"241803",LIMKHEDA,"2418030003",CHILAKOTA,"24180313001",CHILAKOTA PRI SHALA,327,60,40,20,0,35,23,2
"2418030004",DABHADA,"2418",DOHAD,"241803",LIMKHEDA,"2418030004",DABHADA,"24180300101",DABHADA MAIN PRI SHALA,154,53,21,27,5,12,36,5
"2418030005",DHADHELA,"2418",DOHAD,"241803",LIMKHEDA,"2418030005",DHADHELA,"24180300401",DEVADHI PRI.SHALA,177,60,32,17,11,26,24,10
"2418030006",DHANPUR PATDI,"2418",DOHAD,"241803",LIMKHEDA,"2418030006",DHANPUR PATDI,"24180310701",NANA MAL PRI.SHALA,156,58,26,32,0,13,45,0
"2418030007",DHUDHIYA,"2418",DOHAD,"241803",LIMKHEDA,"2418030007",DHUDHIYA,"24180310001",ANTAR SUBA PRI.SHALA,222,60,20,34,6,14,31,15
"2418030008",GUMANI (DU),"2418",DOHAD,"241803",LIMKHEDA,"2418030008",GUMANI (DU),"24180304201",JUNAVADIYA PRI SHALA,180,52,7,31,14,5,29,18
"2418030009",KAMBOY,"2418",DOHAD,"241803",LIMKHEDA,"2418030009",KAMBOY,"24180300704",KAMBOI PATEL FALIYA VARG PRI.SHALA,234,58,26,24,8,26,24,8
"2418030010",KUNDALI,"2418",DOHAD,"241803",LIMKHEDA,"2418030010",KUNDALI,"24180306702",MANLLI KHOKHARA VARG PRI.SHALA,210,55,35,20,0,28,18,9
"2418030011",LIMKHEDA,"2418",DOHAD,"241803",LIMKHEDA,"2418030011",LIMKHEDA,"24180307701",TALUKA PRI.SHALA LIMKHEDA,323,60,13,23,24,8,5,47
"2418030012",LUKHAWADA,"2418",DOHAD,"241803",LIMKHEDA,"2418030012",LUKHAWADA,"24180303801",NANI VAV PRI SHALA,190,60,43,17,0,30,30,0
"2418030013",MOTA HATHIDARA,"2418",DOHAD,"241803",LIMKHEDA,"2418030013",MOTA HATHIDARA,"24180308301",MOTA HATHIDHARA PRI.SHALA,168,55,23,24,8,24,31,0
"2418030014",MOTI BANDIBAR,"2418",DOHAD,"241803",LIMKHEDA,"2418030014",MOTI BANDIBAR,"24180307001",MOTI BANDIBAR PRI SHALA,192,58,18,21,19,17,22,19
"2418030015",PANIYA,"2418",DOHAD,"241803",LIMKHEDA,"2418030015",PANIYA,"24180306301",PRATAPPURA PRI.SHALA,246,54,15,17,22,12,21,21
"2418030016",VALUNDI,"2418",DOHAD,"241803",LIMKHEDA,"2418030016",VALUNDI,"24180301501",MANGALMAHUDI PRI SHALA,179,60,19,26,15,14,32,14
"2418030017",ZERJITGADH,"2418",DOHAD,"241803",LIMKHEDA,"2418030017",ZERJITGADH,"24180310202",HATHIYAVAN CHIBHDIYA VARG PRI.SHALA,158,60,11,33,16,12,29,19
"2418080001",GARADIYA,"2418",DOHAD,"241808",SANJELI,"2418080001",GARADIYA,"24180811901",GARADIYA PRA SHALA,152,60,0,16,44,2,26,32
"2418080002",GOVINDA TALAY,"2418",DOHAD,"241808",SANJELI,"2418080002",GOVINDA TALAY,"24180816201",GOVINDATALAI PRI SHALA,205,60,2,13,45,2,12,46
"2418080003",HIROLA,"2418",DOHAD,"241808",SANJELI,"2418080003",HIROLA,"24180812903",UMARETH VARG KARAMBA PRA.SHALA,263,60,30,12,18,23,27,10
"2418080004",MANDLI,"2418",DOHAD,"241808",SANJELI,"2418080004",MANDLI,"24180807601",MANDLI PRI.SHALA,152,60,4,32,24,3,27,30
"2418080005",NENKI,"2418",DOHAD,"241808",SANJELI,"2418080005",NENKI,"24180818901",JASUNI NI MUVADI PRA.SHALA,131,58,5,39,14,2,32,24
"2418080006",SANJELI,"2418",DOHAD,"241808",SANJELI,"2418080006",SANJELI,"24180816102",TALUKA KANYA SHALA SANJELI,231,60,14,19,27,7,22,31
"2418080007",SARORI,"2418",DOHAD,"241808",SANJELI,"2418080007",SARORI,"24180800201",DUNGARA PRA SHALA,124,60,12,22,26,10,25,25
"2418080008",VANSIYA,"2418",DOHAD,"241808",SANJELI,"2418080008",VANSIYA,"24180810601",BHAMAN PRA SHALA,131,54,9,23,22,5,29,20
"2418090001",AGARA(RN) VARG,"2418",DOHAD,"241809",SINGVAD,"2418090001",AGARA(RN) VARG,"24180902001",HANDI,283,60,29,28,3,23,33,4
"2418090002",CHHAPARVAD,"2418",DOHAD,"241809",SINGVAD,"2418090002",CHHAPARVAD,"24180905301",PIPALIA(RN) PRI SHALA,206,57,15,17,25,15,17,25
"2418090003",DASA,"2418",DOHAD,"241809",SINGVAD,"2418090003",DASA,"24180907001",VALAGOTA PRI. SHALA,323,60,23,17,20,22,18,20
"2418090004",KALIYARAI,"2418",DOHAD,"241809",SINGVAD,"2418090004",KALIYARAI,"24180906001",SARJUMI PRI.SHALA,220,60,18,30,12,18,30,12
"2418090005",KESHARPUR,"2418",DOHAD,"241809",SINGVAD,"2418090005",KESHARPUR,"24180903601",MACHHELAI PRI SHALA,173,54,31,12,11,16,36,2
"2418090006",MANDER(RN),"2418",DOHAD,"241809",SINGVAD,"2418090006",MANDER(RN),"24180903901",MATA NA PALLA PRI SHALA,150,51,8,20,23,15,19,17
"2418090007",NANA AMBLIYA,"2418",DOHAD,"241809",SINGVAD,"2418090007",NANA AMBLIYA,"24180904005",METHAN BHUT FALIYA VARG,245,60,25,27,8,19,29,12
"2418090008",NANI SANJELI,"2418",DOHAD,"241809",SINGVAD,"2418090008",NANI SANJELI,"24180904401",NANI SANJELI,260,60,21,25,14,25,25,10
"2418090009",PAHAD,"2418",DOHAD,"241809",SINGVAD,"2418090009",PAHAD,"24180902302",JAMDARA PRI SHALA,244,56,16,29,11,18,38,0
"2418090010",SINGAPUR,"2418",DOHAD,"241809",SINGVAD,"2418090010",SINGAPUR,"24180906401",SUDIYA PRA.SHALA,451,60,18,23,19,15,30,15
"2418090011",SINGVAD,"2418",DOHAD,"241809",SINGVAD,"2418090011",SINGVAD,"24180906301",TALUKA SHALA SINGVAD,271,60,16,20,24,15,19,26
"2418100001",AMBA,"2418",DOHAD,"241806",ZALOD,"2418060001",AMBA,"24180605001",SUTHARVASA PRA.,285,60,9,23,28,4,19,37
"2418100002",BILVANI,"2418",DOHAD,"241806",ZALOD,"2418060002",BILVANI,"24180604501",BILVANI PRA.,373,60,9,29,22,6,33,21
"2418060003",DHAVADIYA,"2418",DOHAD,"241806",ZALOD,"2418060003",DHAVADIYA,"24180610301",MUNKHOSALA MU,374,60,6,12,42,6,13,41
"2418100004",DUNGARI,"2418",DOHAD,"241806",ZALOD,"2418060004",DUNGARI,"24180607302",VAKOL PRI.SHALA,344,60,0,17,43,0,11,49
"2418060005",FULPURA,"2418",DOHAD,"241806",ZALOD,"2418060005",FULPURA,"24180617602",CHORA VARG,224,60,12,32,16,12,32,16
"2418060006",GARADU,"2418",DOHAD,"241806",ZALOD,"2418060006",GARADU,"24180609801",KAJELI PRA SHALA,423,60,26,18,16,10,27,23
"2418100007",GULTORA,"2418",DOHAD,"241806",ZALOD,"2418060007",GULTORA,"24180614201",TADHAGOLA PRI SHALA,367,60,15,41,4,6,27,27
"2418060008",JAFARPURA,"2418",DOHAD,"241806",ZALOD,"2418060008",JAFARPURA,"24180606001",THERKA PRI.SHALA,255,60,24,21,15,16,26,18
"2418060009",KADWAL,"2418",DOHAD,"241806",ZALOD,"2418060009",KADWAL,"24180615501",KADWAL PRI.SHALA,360,60,31,27,2,20,34,6
"2418060010",KALJINI SARASVANI,"2418",DOHAD,"241806",ZALOD,"2418060010",KALJINI SARASVANI,"24180606601",JETPUR PRI. SCHOOL,507,60,14,24,22,4,22,34
"2418100011",KARATH,"2418",DOHAD,"241806",ZALOD,"2418060011",KARATH,"24180604201",KALIMAHUDI PRA.,329,60,22,27,11,16,30,14
"2418100012",LILVA THAKOR,"2418",DOHAD,"241806",ZALOD,"2418060012",LILVA THAKOR,"24180613101",LILVA THAKOR PRI SHALA,324,60,5,22,33,3,17,40
"2418100013",LIMDI,"2418",DOHAD,"241806",ZALOD,"2418060013",LIMDI,"24180602702",LIMDI KANYASHALA,261,60,0,5,55,0,2,58
"2418060014",MALI VARG GAMDI,"2418",DOHAD,"241806",ZALOD,"2418060014",MALI VARG GAMDI,"24180605204",MALI VARG GAMDI PRI.SHALA,247,60,13,29,18,14,26,20
"2418100015",MALVASI,"2418",DOHAD,"241806",ZALOD,"2418060015",MALVASI,"24180614401",RALIYATI BHURA PRI SHALA,328,59,4,29,26,11,27,21
"2418100016",MOTI KUNI,"2418",DOHAD,"241806",ZALOD,"2418060016",MOTI KUNI,"24180613001",KHARVANI PRA SHALA,488,60,12,42,6,12,41,7
"2418060017",MUVADAKUMAR,"2418",DOHAD,"241806",ZALOD,"2418060017",MUVADAKUMAR,"24180606301",BIYAMALI PRA.,228,60,4,22,34,4,23,33
"2418100018",NAVA CHAKALIYA,"2418",DOHAD,"241806",ZALOD,"2418060018",NAVA CHAKALIYA,"24180601201",NAVACHAKALIYA PRA.SHALA,280,60,20,33,7,19,34,7
"2418060019",PETHAPUR,"2418",DOHAD,"241806",ZALOD,"2418060019",PETHAPUR,"24180613901",PANIYA PRI SHALA,285,60,2,26,32,1,14,45
"2418100019",PETHAPUR,"2418",DOHAD,"241806",ZALOD,"2418060019",PETHAPUR,"24180613701",MUNDAHEDA MAIN,280,0,0,0,0,0,0,0
"2418100020",RUPAKHEDA,"2418",DOHAD,"241806",ZALOD,"2418060020",RUPAKHEDA,"24180604401",RUPAKHEDA,368,60,6,25,29,6,23,31
"2418060021",SHANKARPURA,"2418",DOHAD,"241806",ZALOD,"2418060021",SHANKARPURA,"24180618201",KHARSANA MAIN,320,50,13,24,13,10,29,11
"2418100022",SIMALKHEDI,"2418",DOHAD,"241806",ZALOD,"2418060022",SIMALKHEDI,"24180603103",VAROD PRA.,324,60,0,11,49,0,9,51
"2418060023",TALUKAKUMAR SHALA,"2418",DOHAD,"241806",ZALOD,"2418060023",TALUKAKUMAR SHALA,"24180605906",BONIBEN KANYA SHALA,357,57,5,17,35,4,9,44
"2418100024",TETRIYA,"2418",DOHAD,"241806",ZALOD,"2418060024",TETRIYA,"24180614701",CHHAYAN PRI SHALA,207,60,5,37,18,7,24,29
"2418100025",VASTI,"2418",DOHAD,"241806",ZALOD,"2418060025",VASTI,"24180608501",VASTI PRA. SHALA,360,59,14,23,22,7,30,22
"2406010001",BAHIYAL,"2406",GANDHINAGAR,"240601",DEHGAM,"2406010001",BAHIYAL,"24060101301",BAHIYAL KUMAR PRI. SCHOOL,226,60,26,24,10,16,23,21
"2406010002",BARIYA,"2406",GANDHINAGAR,"240601",DEHGAM,"2406010002",BARIYA,"24060107101",ISANPUR DODIYA PRI.SCHOOL,211,53,10,30,13,13,29,11
"2406010003",DEHGAM BRANCH,"2406",GANDHINAGAR,"240601",DEHGAM,"2406010003",DEHGAM BRANCH,"24060104112",TALUKA PAGAR KENDRA SHALA,404,60,17,24,19,13,26,21
"2406010004",DEHGAM MAIN,"2406",GANDHINAGAR,"240601",DEHGAM,"2406010004",DEHGAM MAIN,"24060104102",PMSHRI KANYA SHALA NO.1 PRIMARY SCHOOL,247,57,20,24,13,19,29,9
"2406010005",DEVKARAN NA MUVADA,"2406",GANDHINAGAR,"240601",DEHGAM,"2406010005",DEVKARAN NA MUVADA,"24060104401",DEVKARAN NA MUVADA,147,50,11,23,16,9,25,16
"2406010006",GHAMIJ,"2406",GANDHINAGAR,"240601",DEHGAM,"2406010006",GHAMIJ,"24060103101",CHAMLA PRI. SCHOOL,237,56,15,17,24,14,23,19
"2406010007",HALISA,"2406",GANDHINAGAR,"240601",DEHGAM,"2406010007",HALISA,"24060116701",SANODA PRI.SCHOOL,407,51,9,19,23,11,18,22
"2406010008",JINDVA,"2406",GANDHINAGAR,"240601",DEHGAM,"2406010008",JINDVA,"24060107801",JINDVA PRI.SCHOOL,190,51,16,19,16,12,23,16
"2406010009",KADJODRA,"2406",GANDHINAGAR,"240601",DEHGAM,"2406010009",KADJODRA,"24060108201",KADJODARA PRI.SCHOOL,156,52,19,30,3,14,29,9
"2406010010",KANIPUR,"2406",GANDHINAGAR,"240601",DEHGAM,"2406010010",KANIPUR,"24060108701",KANIPUR PRI.SCHOOL,259,50,15,14,21,8,23,19
"2406010011",KAROLI,"2406",GANDHINAGAR,"240601",DEHGAM,"2406010011",KAROLI,"24060108101",KADADARA PRIMARY SCHOOL PMSHRI GUJARAT,365,55,9,15,31,7,18,30
"2406010012",KHANPUR,"2406",GANDHINAGAR,"240601",DEHGAM,"2406010012",KHANPUR,"24060109501",KHANPUR PRI.SCHOOL,126,50,18,13,19,6,21,23
"2406010013",LIHODA,"2406",GANDHINAGAR,"240601",DEHGAM,"2406010013",LIHODA,"24060110703",LIHODA PRI.SCHOOL,156,50,5,34,11,7,33,10
"2406010014",MOTIPURA,"2406",GANDHINAGAR,"240601",DEHGAM,"2406010014",MOTIPURA,"24060112701",MOTI PAVTHI PRI.SCHOOL,79,50,14,15,21,9,16,25
"2406010015",NANDOL,"2406",GANDHINAGAR,"240601",DEHGAM,"2406010015",NANDOL,"24060116301",SALAKI PRI.SCHOOL,201,52,11,15,26,10,25,17
"2406010016",PALUNDRA,"2406",GANDHINAGAR,"240601",DEHGAM,"2406010016",PALUNDRA,"24060114501",PALUNDRA PRI.SCHOOL,328,59,13,26,20,14,30,15
"2406010017",PATNAKUA,"2406",GANDHINAGAR,"240601",DEHGAM,"2406010017",PATNAKUA,"24060104901",DHARISANA PRI. SCHOOL,253,50,13,22,15,15,25,10
"2406010018",RAKHIYAL,"2406",GANDHINAGAR,"240601",DEHGAM,"2406010018",RAKHIYAL,"24060115201",RAKHIYAL GAM PRI.SCHOOL,210,51,9,27,15,4,30,17
"2406010019",VASANA RATHOD,"2406",GANDHINAGAR,"240601",DEHGAM,"2406010019",VASANA RATHOD,"24060118801",VASANA RATHOD PRI.SCHOOL,250,60,23,20,17,21,22,17
"2406020001",ADALAJ KUMAR,"2406",GANDHINAGAR,"240602",GANDHINAGAR,"2406020001",ADALAJ KUMAR,"24060211201",TARAPUR PRI. SCHOOL,260,60,13,14,33,11,15,34
"2406020023",AMIYAPUR,"2406",GANDHINAGAR,"240602",GANDHINAGAR,"2406020023",AMIYAPUR,"24060211101",SUGHAD PRI. SCHOOL,185,51,9,22,20,7,24,20
"2406020003",CHHALA KUMAR,"2406",GANDHINAGAR,"240602",GANDHINAGAR,"2406020003",CHHALA KUMAR,"24060201502",CHHALA KANYA PRI. SCHOOL,217,55,23,25,7,24,24,7
"2406020004",CHILODA,"2406",GANDHINAGAR,"240602",GANDHINAGAR,"2406020004",CHILODA,"24060202001",CHILODA PRI. SCHOOL,250,57,11,20,26,15,19,23
"2406020005",DABHODA KUMAR,"2406",GANDHINAGAR,"240602",GANDHINAGAR,"2406020005",DABHODA KUMAR,"24060211602",VADODARA  PRI. SCHOOL,443,55,10,23,22,10,21,24
"2406020018",DASHELA,"2406",GANDHINAGAR,"240602",GANDHINAGAR,"2406020018",DASHELA,"24060208201",PRANTIYA PRI. SCHOOL,222,53,6,27,20,6,21,26
"2406020006",KOLAVADA,"2406",GANDHINAGAR,"240602",GANDHINAGAR,"2406020006",KOLAVADA,"24060212201",VAVOL PRI. SCHOOL,244,56,8,29,19,4,32,20
"2406020007",KOTESHWAR,"2406",GANDHINAGAR,"240602",GANDHINAGAR,"2406020007",KOTESHWAR,"24060205401",KOTESHWAR  PRI. SCHOOL,158,52,12,18,22,13,19,20
"2406020008",NAVA KOBA,"2406",GANDHINAGAR,"240602",GANDHINAGAR,"2406020008",NAVA KOBA,"24060205701",KUDASAN PRI. SCHOOL,232,57,16,27,14,6,36,15
"2406020009",PETHAPUR KUMAR 1,"2406",GANDHINAGAR,"240602",GANDHINAGAR,"2406020009",PETHAPUR KUMAR 1,"24060207704",PMSHRI PETHAPUR KUMAR-2 PRIMARY SCHOOL,387,60,33,19,8,22,22,16
"2406020010",POR,"2406",GANDHINAGAR,"240602",GANDHINAGAR,"2406020010",POR,"24060205101",KHORAJ PRI. SCHOOL,325,60,15,37,8,18,30,12
"2406020011",RANDHEJA KUMAR,"2406",GANDHINAGAR,"240602",GANDHINAGAR,"2406020011",RANDHEJA KUMAR,"24060211405",UNAVA SHRESHTH PRATHMIK SHALA,364,60,7,38,15,10,28,22
"2406020012",SADARA,"2406",GANDHINAGAR,"240602",GANDHINAGAR,"2406020012",SADARA,"24060201506",SADRA PRI. SCHOOL,203,55,21,18,16,19,20,16
"2406020013",SEC 16 -1,"2406",GANDHINAGAR,"240602",GANDHINAGAR,"2406020013",SEC 16 -1,"24060202950",SARAKARI PRATHMIK SHALA SECTOR 13.2,320,60,28,24,8,20,32,8
"2406020014",SEC-21,"2406",GANDHINAGAR,"240602",GANDHINAGAR,"2406020014",SEC-21,"24060202903",PMSHRI BORIJ PRIMARY SCHOOL,455,60,19,20,21,19,20,21
"2406020015",SEC-23,"2406",GANDHINAGAR,"240602",GANDHINAGAR,"2406020015",SEC-23,"24060202926",SARAKARI PRATHMIK SHALA SECTOR - 24.1,216,60,20,29,11,14,35,11
"2406020016",SEC-28-1,"2406",GANDHINAGAR,"240602",GANDHINAGAR,"2406020016",SEC-28-1,"24060202922",GOVERNMENT ENGLISH MEDIUM SCHOOL SEC 29,250,55,16,27,12,11,33,11
"2406020017",SEC-7,"2406",GANDHINAGAR,"240602",GANDHINAGAR,"2406020017",SEC-7,"24060202984",SARKARI PRATHMIK SHALA DHOLAKUVA,401,60,10,12,38,7,19,34
"2406020019",TINTODA,"2406",GANDHINAGAR,"240602",GANDHINAGAR,"2406020019",TINTODA,"24060208301",PUNDHARASAN PRI. SCHOOL,282,54,8,15,31,4,19,31
"2406020020",UVARSAD KUMAR 1,"2406",GANDHINAGAR,"240602",GANDHINAGAR,"2406020020",UVARSAD KUMAR 1,"24060211501",UVARSAD KANYA PRI. SCHOOL,261,57,13,14,30,13,15,29
"2406020022",VALAD,"2406",GANDHINAGAR,"240602",GANDHINAGAR,"2406020022",VALAD,"24060211901",VALAD PRI. SCHOOL,252,52,11,18,23,10,20,22
"2406020021",VIRATALAVADI,"2406",GANDHINAGAR,"240602",GANDHINAGAR,"2406020021",VIRATALAVADI,"24060208401",RAIPUR PRI. SCHOOL,283,55,13,20,22,8,21,26
"2406030001",BHOYANMOTI,"2406",GANDHINAGAR,"240603",KALOL,"2406030001",BHOYANMOTI,"24060303601",HAJIPUR  PRI. SCHOOL,295,56,23,18,15,19,19,18
"2406030002",BORISANA,"2406",GANDHINAGAR,"240603",KALOL,"2406030002",BORISANA,"24060301902",BORISANA-2 PRI. SCHOOL,419,60,11,24,25,9,21,30
"2406030003",CHHATRAL,"2406",GANDHINAGAR,"240603",KALOL,"2406030003",CHHATRAL,"24060302201",CHHATRAL PRI. SCHOOL,326,56,13,19,24,12,19,25
"2406030005",KALOL-2,"2406",GANDHINAGAR,"240603",KALOL,"2406030005",KALOL-2,"24060308401",SAIJ PRI. SCHOOL,308,57,11,23,23,15,18,24
"2406030004",KALOL CITY-1,"2406",GANDHINAGAR,"240603",KALOL,"2406030004",KALOL CITY-1,"24060304402",PMSHRI KALOL PRIMARY SCHOOL NO.4,265,51,13,19,19,7,26,18
"2406030006",LIMBODARA,"2406",GANDHINAGAR,"240603",KALOL,"2406030006",LIMBODARA,"24060301101",BALVA PRI. SCHOOL,334,60,10,20,30,8,20,32
"2406030007",NARDIPUR,"2406",GANDHINAGAR,"240603",KALOL,"2406030007",NARDIPUR,"24060302501",DHAMASANA PRI. SCHOOL,219,60,12,27,21,10,24,26
"2406030008",PANSAR,"2406",GANDHINAGAR,"240603",KALOL,"2406030008",PANSAR,"24060307101",PANSAR PRI. SCHOOL,487,59,16,27,16,6,24,29
"2406030009",RANCHARDA,"2406",GANDHINAGAR,"240603",KALOL,"2406030009",RANCHARDA,"24060304301",JETHLAJ  PRI. SCHOOL,269,60,11,17,32,11,17,32
"2406030010",SHERISA,"2406",GANDHINAGAR,"240603",KALOL,"2406030010",SHERISA,"24060307001",PALSANA PRI. SCHOOL,353,52,9,23,20,8,29,15
"2406030011",SOJA,"2406",GANDHINAGAR,"240603",KALOL,"2406030011",SOJA,"24060303401",PMSHRI GOLTHARA PRIMARY SCHOOL,304,51,12,26,13,11,23,17
"2406030012",VADSAR,"2406",GANDHINAGAR,"240603",KALOL,"2406030012",VADSAR,"24060308601",SANTEJ PRIMARY SCHOOL PMSHRI GUJARAT,388,55,9,22,24,11,17,27
"2406030013",VEDA,"2406",GANDHINAGAR,"240603",KALOL,"2406030013",VEDA,"24060310001",VEDA  PRI. SCHOOL,219,55,5,22,28,6,24,25
"2406040001",AAJOL,"2406",GANDHINAGAR,"240604",MANSA,"2406040001",AAJOL,"24060407501",VEDA  PRI. SCHOOL,208,58,14,27,17,11,28,19
"2406040002",BILODARA,"2406",GANDHINAGAR,"240604",MANSA,"2406040002",BILODARA,"24060401501",BILODARA PRIMARY SCHOOL NO 1 PMSHRI GUJARAT,292,52,15,13,24,13,21,18
"2406040003",CHARADA,"2406",GANDHINAGAR,"240604",MANSA,"2406040003",CHARADA,"24060405701",PADUSMA ABHINAV PRIMARY SCHOOL,157,55,16,24,15,14,26,15
"2406040004",GHANSHYAMNAGAR,"2406",GANDHINAGAR,"240604",MANSA,"2406040004",GHANSHYAMNAGAR,"24060402001",DELWAD PRI. SCHOOL,223,47,22,14,11,19,18,10
"2406040005",ITADRA,"2406",GANDHINAGAR,"240604",MANSA,"2406040005",ITADRA,"24060401701",VIDYADHAM BORU PRIMARY SCHOOL PMSHRI GUJARAT,246,53,17,15,21,14,14,25
"2406040006",LODRA,"2406",GANDHINAGAR,"240604",MANSA,"2406040006",LODRA,"24060404601",LAKRODA PRI. SCHOOL,159,56,18,22,16,20,20,16
"2406040007",MAHUDI,"2406",GANDHINAGAR,"240604",MANSA,"2406040007",MAHUDI,"24060404901",MAHUDI-1 PRI. SCHOOL,301,54,12,28,14,12,20,22
"2406040008",MANSA-1,"2406",GANDHINAGAR,"240604",MANSA,"2406040008",MANSA-1,"24060402501",GALTHARA  PRI. SCHOOL,153,53,6,17,30,8,20,25
"2406040009",MANSA-2,"2406",GANDHINAGAR,"240604",MANSA,"2406040009",MANSA-2,"24060405301",PMSHRI MANSA PRATHMIK KUMAR SHALA NO 2,336,60,22,25,13,23,26,11
"2406040010",SOLAIYA,"2406",GANDHINAGAR,"240604",MANSA,"2406040010",SOLAIYA,"24060407201",PMSHRI SOLAIYA PRIMARYSCHOOL,255,58,10,26,22,9,29,20
"2406040011",VALLABHNAGAR,"2406",GANDHINAGAR,"240604",MANSA,"2406040011",VALLABHNAGAR,"24060402301",DHOLAKUVA PRI.SCHOOL,283,58,17,27,14,15,26,17
"2430060001",BODIDAR KUMAR PRA SHALA,"2430",GIR SOMNATH,"243006",GIRGADHADA,"2430060001",BODIDAR KUMAR PRA SHALA,"24300603901",VELAKOT PRA SHALA,154,50,13,22,15,13,19,18
"2430060002",DHOKADAVA KUMAR PAY CEN SHALA,"2430",GIR SOMNATH,"243006",GIRGADHADA,"2430060002",DHOKADAVA KUMAR PAY CEN SHALA,"24300600803",DHOKADAVA KANYA SHALA,209,50,9,22,19,10,23,17
"2430060003",GIR GADHADA PAY CEN KUMAR SHALA,"2430",GIR SOMNATH,"243006",GIRGADHADA,"2430060003",GIR GADHADA PAY CEN KUMAR SHALA,"24300603801",SANVAV PRA SHALA,296,55,6,19,30,6,14,35
"2430060004",ITAVAYA PRA SHALA,"2430",GIR SOMNATH,"243006",GIRGADHADA,"2430060004",ITAVAYA PRA SHALA,"24300601201",KODIYA PRA SHALA,348,53,21,18,14,12,26,15
"2430060005",JASHADHAR PRA SHALA,"2430",GIR SOMNATH,"243006",GIRGADHADA,"2430060005",JASHADHAR PRA SHALA,"24300600101",NITLI PRA SHALA,69,49,11,23,15,12,22,15
"2430060006",MOTA SAMADHIYALA PAY CEN SHALA,"2430",GIR SOMNATH,"243006",GIRGADHADA,"2430060006",MOTA SAMADHIYALA PAY CEN SHALA,"24300620001",SHANA VANKIYA PRA SHALA,202,56,6,19,31,7,27,22
"2430060007",RASULPARA PRA SHALA,"2430",GIR SOMNATH,"243006",GIRGADHADA,"2430060007",RASULPARA PRA SHALA,"24300618001",FAREDA PRA SHALA,273,50,2,5,43,0,4,46
"2430060008",VAD VIYALA PAY CEN SHALA,"2430",GIR SOMNATH,"243006",GIRGADHADA,"2430060008",VAD VIYALA PAY CEN SHALA,"24300601701",FATSAR PRA SHALA,249,58,9,23,26,13,26,19
"2430050001",AALIDAR KUMAR PAY CEN,"2430",GIR SOMNATH,"243005",KODINAR,"2430050001",AALIDAR KUMAR PAY CEN,"24300506401",VITHALPUR PRA SHALA,164,50,5,9,36,3,16,31
"2430050002",DEVDI KUMAR PRA SHALA,"2430",GIR SOMNATH,"243005",KODINAR,"2430050002",DEVDI KUMAR PRA SHALA,"24300508302",CHHARA KANYA PRA SHALA,247,54,13,28,13,10,29,15
"2430050003",DOLASA KUMAR PRA SHALA,"2430",GIR SOMNATH,"243005",KODINAR,"2430050003",DOLASA KUMAR PRA SHALA,"24300501603",GONDARAPARA PRA SHALA,205,50,3,4,43,1,8,41
"2430050004",GHANTVAD KUMAR PRA SHALA,"2430",GIR SOMNATH,"243005",KODINAR,"2430050004",GHANTVAD KUMAR PRA SHALA,"24300504101",NAGADALA PRA SHALA,249,50,7,12,31,6,16,28
"2430050005",KAJ PRA SHALA,"2430",GIR SOMNATH,"243005",KODINAR,"2430050005",KAJ PRA SHALA,"24300506201",VELAN PRA SHALA,384,54,9,22,23,10,11,33
"2430050006",KANYA PAY CENTER KODINAR,"2430",GIR SOMNATH,"243005",KODINAR,"2430050006",KANYA PAY CENTER KODINAR,"24300503416",KANYA PAY CENTER KODINAR,302,58,7,14,37,31,8,19
"2430050007",KUMAR SHALA KODINAR,"2430",GIR SOMNATH,"243005",KODINAR,"2430050007",KUMAR SHALA KODINAR,"24300508901",MUL DWARKA PRA SHALA,421,57,20,25,12,20,24,13
"2430050008",RAMNAGAR PAY CEN SHALA,"2430",GIR SOMNATH,"243005",KODINAR,"2430050008",RAMNAGAR PAY CEN SHALA,"24300503419",RAMNAGAR PAY CEN SHALA,332,60,8,21,31,8,18,34
"2430050009",SHINDHAJ KUMAR PRA SHALA,"2430",GIR SOMNATH,"243005",KODINAR,"2430050009",SHINDHAJ KUMAR PRA SHALA,"24300509201",SHINDHAJ KUMAR PRA SHALA,145,53,4,20,29,1,6,46
"2430030001",CHETAN HANUMAN PAY CEN SHALA,"2430",GIR SOMNATH,"243003",SUTRAPADA,"2430030001",CHETAN HANUMAN PAY CEN SHALA,"24300304201",SINGSAR PRA SHALA,243,51,9,15,27,14,20,17
"2430030002",DHAMLEJ PAY CEN SHALA,"2430",GIR SOMNATH,"243003",SUTRAPADA,"2430030002",DHAMLEJ PAY CEN SHALA,"24300304402",DHAMLEJ BANDAR PRA SHALA,302,53,21,21,11,45,6,2
"2430030003",GORAKHMADHI PAY CEN SHALA,"2430",GIR SOMNATH,"243003",SUTRAPADA,"2430030003",GORAKHMADHI PAY CEN SHALA,"24300301502",NAVAPARA PLOT PRA SHALA,154,52,9,17,26,9,16,27
"2430030004",KADVAR PAY CEN SHALA,"2430",GIR SOMNATH,"243003",SUTRAPADA,"2430030004",KADVAR PAY CEN SHALA,"24300303105",SUTRAPADA PAY CEN SHALA 2,284,55,13,17,25,12,21,22
"2430030005",LODHAVA PAY CEN SHALA,"2430",GIR SOMNATH,"243003",SUTRAPADA,"2430030005",LODHAVA PAY CEN SHALA,"24300304002",VIR SHAHID BHAVSINHJI KANYA PRA SHALA-PRASHNAVADA,193,56,8,18,30,10,11,35
"2430030006",MORASA PRA SHALA,"2430",GIR SOMNATH,"243003",SUTRAPADA,"2430030006",MORASA PRA SHALA,"24300304801",THARELI PRA SHALA,139,51,19,15,17,20,16,15
"2430030007",PRANCHI PRA SHALA,"2430",GIR SOMNATH,"243003",SUTRAPADA,"2430030007",PRANCHI PRA SHALA,"24300302301",VANSAVAD PRA SHALA,139,53,2,7,44,2,6,45
"2430030008",PRANSLI PAY CEN SHALA,"2430",GIR SOMNATH,"243003",SUTRAPADA,"2430030008",PRANSLI PAY CEN SHALA,"24300300901",PIPALAVA PRA SHALA,130,28,6,12,10,0,12,16
"2430030009",SUTRAPADA PAY CEN SHALA 1,"2430",GIR SOMNATH,"243003",SUTRAPADA,"2430030009",SUTRAPADA PAY CEN SHALA 1,"24300303124",SHIVSAGAR PRA SHALA,287,51,8,27,16,6,28,17
"2430010001",ANKOLWADI PAY CEN SHALA,"2430",GIR SOMNATH,"243001",TALALA,"2430010001",ANKOLWADI PAY CEN SHALA,"24300102404",ANKOLVADI KANYA SHALA,108,50,0,14,36,2,13,35
"2430010002",CHITRAVAD PAY CEN SHALA,"2430",GIR SOMNATH,"243001",TALALA,"2430010002",CHITRAVAD PAY CEN SHALA,"24300101601",RAMLECHI PRA SHALA,526,55,0,17,38,1,12,42
"2430010003",DHAVA PAY CEN SHALA,"2430",GIR SOMNATH,"243001",TALALA,"2430010003",DHAVA PAY CEN SHALA,"24300101301",DHAVA PAY CEN SHALA,184,52,5,19,28,6,18,28
"2430010004",GHUSIYA PAY CEN SHALA,"2430",GIR SOMNATH,"243001",TALALA,"2430010004",GHUSIYA PAY CEN SHALA,"24300103104",GHUSIYA PAY CEN SHALA,243,55,13,32,10,15,32,8
"2430010005",MADHUPUR PAY CEN SHALA,"2430",GIR SOMNATH,"243001",TALALA,"2430010005",MADHUPUR PAY CEN SHALA,"24300102101",GUNDRAN PRA SHALA,154,52,10,11,31,7,15,30
"2430010006",RAYDI PRA SHALA,"2430",GIR SOMNATH,"243001",TALALA,"2430010006",RAYDI PRA SHALA,"24300104401",SEMLIYA PRA SHALA,136,50,6,9,35,2,5,43
"2430010007",TALALA KANYA PAY CEN SHALA,"2430",GIR SOMNATH,"243001",TALALA,"2430010007",TALALA KANYA PAY CEN SHALA,"24300110008",NARSINH TEKRI PRA SHALA,191,55,3,19,33,7,25,23
"2430040001",AMODRA PAY CEN KUMAR SHALA,"2430",GIR SOMNATH,"243004",UNA,"2430040001",AMODRA PAY CEN KUMAR SHALA,"24300408904",BHUTADADADA  SIM SHALA,181,54,11,16,27,6,19,29
"2430040002",DELVADA PAY CEN KUMAR SHALA,"2430",GIR SOMNATH,"243004",UNA,"2430040002",DELVADA PAY CEN KUMAR SHALA,"24300412001",NAVA BANDAR KANYA PRA SHALA,451,60,12,20,28,12,28,20
"2430040003",KANSARI PRA SHALA,"2430",GIR SOMNATH,"243004",UNA,"2430040003",KANSARI PRA SHALA,"24300405201",CHACHKVAD PRA SHALA,253,54,5,18,31,4,15,35
"2430040004",KUMAR PAY CEN 1,"2430",GIR SOMNATH,"243004",UNA,"2430040004",KUMAR PAY CEN 1,"24300406501",VARSINGPUR PRA SHALA,259,50,10,27,13,12,23,15
"2430040005",MADHAGAM PRA SHALA,"2430",GIR SOMNATH,"243004",UNA,"2430040005",MADHAGAM PRA SHALA,"24300411101",CHIKHLI PRA SHALA,312,55,8,29,18,8,23,24
"2430040006",NATHAL  PRA SHALA,"2430",GIR SOMNATH,"243004",UNA,"2430040006",NATHAL  PRA SHALA,"24300408402",NATHAL NAVAPARA PRA SHALA,447,56,4,22,30,7,19,30
"2430040007",PAY CEN SHALA NO 2,"2430",GIR SOMNATH,"243004",UNA,"2430040007",PAY CEN SHALA NO 2,"24300408601",LAMDHAR PRA SHALA,260,54,18,20,16,14,25,15
"2430040008",PAY CEN SHALA NO 3 KANYA,"2430",GIR SOMNATH,"243004",UNA,"2430040008",PAY CEN SHALA NO 3 KANYA,"24300410001",ANJAR PRA SHALA,207,52,3,14,35,3,12,37
"2430040009",SAMTER PAY CEN SHALA,"2430",GIR SOMNATH,"243004",UNA,"2430040009",SAMTER PAY CEN SHALA,"24300405001",UMEJ PRA SHALA,150,50,11,23,16,4,16,30
"2430040010",SANKHDA KUMAR PAY CEN SHALA,"2430",GIR SOMNATH,"243004",UNA,"2430040010",SANKHDA KUMAR PAY CEN SHALA,"24300407401",KHATRIVADA PRA SHALA,316,53,14,24,15,14,25,14
"2430040011",SIMAR KUMAR PAY CEN SHALA,"2430",GIR SOMNATH,"243004",UNA,"2430040011",SIMAR KUMAR PAY CEN SHALA,"24300409401",SAIYAD RAJPARA PRA SHALA,1144,60,31,27,2,26,31,3
"2430040012",TAD PAY CEN SHALA,"2430",GIR SOMNATH,"243004",UNA,"2430040012",TAD PAY CEN SHALA,"24300411501",PALDI PRA SHALA,509,51,8,24,19,6,23,22
"2430020001",ADRI PAY CEN SHALA,"2430",GIR SOMNATH,"243002",VERAVAL,"2430020001",ADRI PAY CEN SHALA,"24300201601",ADRI PAY CEN SHALA,151,52,11,17,24,9,20,23
"2430020002",AJOTHA PAY CENTER SHALA,"2430",GIR SOMNATH,"243002",VERAVAL,"2430020002",AJOTHA PAY CENTER SHALA,"24300205301",BIJ PRA SHALA,305,50,4,18,28,4,16,30
"2430020003",BHETALI PAY CENTER SHALA,"2430",GIR SOMNATH,"243002",VERAVAL,"2430020003",BHETALI PAY CENTER SHALA,"24300204601",RAMPARA PRA SHALA,208,50,6,14,30,1,21,28
"2430020004",BHIDIYA PAY CENTER SHALA,"2430",GIR SOMNATH,"243002",VERAVAL,"2430020004",BHIDIYA PAY CENTER SHALA,"24300205638",BHIDIYA KANYA PRA SHALA,495,59,16,26,17,13,27,19
"2430020005",CHANDUVAV PAY CENTER SHALA,"2430",GIR SOMNATH,"243002",VERAVAL,"2430020005",CHANDUVAV PAY CENTER SHALA,"24300201812",NAVA PLOT DARI PRA SHALA,340,52,8,19,25,8,30,14
"2430020006",INAJ PAY CENTER SHALA,"2430",GIR SOMNATH,"243002",VERAVAL,"2430020006",INAJ PAY CENTER SHALA,"24300203802",GOVINDPARA KANYA SHALA,152,50,7,22,21,8,16,26
"2430020007",MALONDHA PRA SHALA,"2430",GIR SOMNATH,"243002",VERAVAL,"2430020007",MALONDHA PRA SHALA,"24300202201",AAMBLIYALA PRA SHALA,93,50,4,27,19,4,26,20
"2430020008",PRABHAS PATAN PAY CEN SHALA,"2430",GIR SOMNATH,"243002",VERAVAL,"2430020008",PRABHAS PATAN PAY CEN SHALA,"24300205604",PRABHAS PATAN KANYA SHALA,424,60,11,25,24,12,16,32
"2430020009",SONARIYA PAY CEN SHALA,"2430",GIR SOMNATH,"243002",VERAVAL,"2430020009",SONARIYA PAY CEN SHALA,"24300204401",NAVADRA PRA SHALA,242,50,11,12,27,8,14,28
"2430020010",SUPASI PAY CEN SHALA,"2430",GIR SOMNATH,"243002",VERAVAL,"2430020010",SUPASI PAY CEN SHALA,"24300201201",VAVDI PRA SHALA,139,50,15,13,22,13,14,23
"2430020011",VERAVAL PAY CEN SHALA NO 1,"2430",GIR SOMNATH,"243002",VERAVAL,"2430020011",VERAVAL PAY CEN SHALA NO 1,"24300203901",TATIVELA PRA SHALA,404,60,2,11,47,1,15,44
"2430020012",VERAVAL PAY CEN SHALA NO 2,"2430",GIR SOMNATH,"243002",VERAVAL,"2430020012",VERAVAL PAY CEN SHALA NO 2,"24300205606",VERAVAL PAY CEN SHALA NO 2,274,50,10,16,24,9,18,23
"2410020001",DHROL TALUKA SHALA-1,"2410",JAMNAGAR,"241002",DHROL,"2410020001",DHROL TALUKA SHALA-1,"24100200606",DHROL PRATHMIK SHALA-2,228,60,11,18,31,5,27,28
"2410020002",DHROL TALUKA SHALA-2,"2410",JAMNAGAR,"241002",DHROL,"2410020002",DHROL TALUKA SHALA-2,"24100200607",CHAMUNDA PLOT PRIMARY SCHOOL,293,57,3,12,42,3,18,36
"2410020003",JAYVA TALUKA SHALA,"2410",JAMNAGAR,"241002",DHROL,"2410020003",JAYVA TALUKA SHALA,"24100201501",JAYVA TALUKA SHALA,151,58,11,16,31,9,32,17
"2410020004",KHARVA PRIMARY SCHOOL,"2410",JAMNAGAR,"241002",DHROL,"2410020004",KHARVA PRIMARY SCHOOL,"24100201901",KHARVA PRIMARY SCHOOL,265,60,13,15,32,15,22,23
"2410020005",KHENGARKA TALUKA SHALA,"2410",JAMNAGAR,"241002",DHROL,"2410020005",KHENGARKA TALUKA SHALA,"24100204201",SUMARA PRIMARY SCHOOL,148,60,15,18,27,11,22,27
"2410020006",LATIPUR TALUKA SHALA,"2410",JAMNAGAR,"241002",DHROL,"2410020006",LATIPUR TALUKA SHALA,"24100202301",LATIPUR TALUKA SHALA,223,60,25,24,11,23,33,4
"2410040001",DHRAFA TALUKA SHALA,"2410",JAMNAGAR,"241004",JAMJODHPUR,"2410040001",DHRAFA TALUKA SHALA,"24100407601",VALASAN PRIMARY SCHOOL,72,53,19,32,2,16,29,8
"2410040002",GINGANI TALUKA SHALA,"2410",JAMNAGAR,"241004",JAMJODHPUR,"2410040002",GINGANI TALUKA SHALA,"24100402901",GINGANI TALUKA SHALA,109,53,12,19,22,2,22,29
"2410040003",JAMJODHPUR TALUKA SHALA-1,"2410",JAMNAGAR,"241004",JAMJODHPUR,"2410040003",JAMJODHPUR TALUKA SHALA-1,"24100403301",JAMJODHPUR TALUKA SHALA-1,252,60,7,15,38,8,20,32
"2410040004",JAMJODHPUR TALUKA SHALA-2,"2410",JAMNAGAR,"241004",JAMJODHPUR,"2410040004",JAMJODHPUR TALUKA SHALA-2,"24100403305",JAMJODHPUR KANYA SHALA-1,175,60,18,24,18,19,19,22
"2410040005",JAMJODHPUR TALUKA SHALA-3,"2410",JAMNAGAR,"241004",JAMJODHPUR,"2410040005",JAMJODHPUR TALUKA SHALA-3,"24100403303",JAMJODHPUR TALUKA SHALA-3,97,56,9,24,23,13,21,22
"2410040006",NANDANA TALUKA SHALA,"2410",JAMNAGAR,"241004",JAMJODHPUR,"2410040006",NANDANA TALUKA SHALA,"24100403201",ISWARIYA  PRIMARY SCHOOL,125,48,8,7,33,6,11,31
"2410040007",SADODAR TALUKA SHALA,"2410",JAMNAGAR,"241004",JAMJODHPUR,"2410040007",SADODAR TALUKA SHALA,"24100401601",BUTAVADAR PRIMARY SCHOOL,150,50,8,14,28,7,16,27
"2410040008",SHETHVADALA TALUKA SHALA,"2410",JAMNAGAR,"241004",JAMJODHPUR,"2410040008",SHETHVADALA TALUKA SHALA,"24100406801",SHETHVADALA TALUKA SHALA,168,56,21,23,12,23,22,11
"2410040009",SONVADIYA TALUKA SHALA,"2410",JAMNAGAR,"241004",JAMJODHPUR,"2410040009",SONVADIYA TALUKA SHALA,"24100405302",MOTIGOP TALUKA SHALA,149,51,7,18,26,3,18,30
"2410040010",TARSAI TALUKA SHALA,"2410",JAMNAGAR,"241004",JAMJODHPUR,"2410040010",TARSAI TALUKA SHALA,"24100407302",TARSAI KANYA SHALA,124,51,19,26,6,16,28,7
"2410070001",ALIYA TALUKA SHALA,"2410",JAMNAGAR,"241007",JAMNAGAR,"2410070001",ALIYA TALUKA SHALA,"24100709901",VIJARAKHI PRIMARY SCHOOL,153,55,10,11,34,3,21,31
"2410070002",AMRA KUMAR PRATHMIK SHALA,"2410",JAMNAGAR,"241007",JAMNAGAR,"2410070002",AMRA KUMAR PRATHMIK SHALA,"24100700603",BED RASULNAGAR PRIMARY SCHOOL,207,54,18,22,14,22,23,9
"2410070003",DARED TALUKA SHALA,"2410",JAMNAGAR,"241007",JAMNAGAR,"2410070003",DARED TALUKA SHALA,"24100701616",DARED PRATHMIK SHALA NO.1,354,60,17,24,19,15,31,14
"2410070004",DCC TALUKA SHALA,"2410",JAMNAGAR,"241007",JAMNAGAR,"2410070004",DCC TALUKA SHALA,"24100708815",KANYA VIDHYALAYA-1 SIKKA,376,58,15,27,16,15,22,21
"2410070005",DHINCHDA VADI SHALA,"2410",JAMNAGAR,"241007",JAMNAGAR,"2410070005",DHINCHDA VADI SHALA,"24100700702",BEDI KANYA TALUKA SHALA,407,60,20,25,15,16,25,19
"2410070006",DHUNVAV KANYA SHALA,"2410",JAMNAGAR,"241007",JAMNAGAR,"2410070006",DHUNVAV KANYA SHALA,"24100709801",VIBHAPAR PRIMARY SCHOOL,330,60,13,21,26,14,21,25
"2410070007",DHUTARPUR TALUKA SHALA,"2410",JAMNAGAR,"241007",JAMNAGAR,"2410070007",DHUTARPUR TALUKA SHALA,"24100702001",DHUDASHIYA PRIMARY SCHOOL,145,60,27,14,19,23,29,8
"2410070008",FALLA TALUKA SHALA,"2410",JAMNAGAR,"241007",JAMNAGAR,"2410070008",FALLA TALUKA SHALA,"24100702502",FALLA TALUKA SHALA,223,60,28,21,11,25,30,5
"2410070009",GOPALDAS VADI SHALA,"2410",JAMNAGAR,"241007",JAMNAGAR,"2410070009",GOPALDAS VADI SHALA,"24100705802",MORKANDA KANYA SHALA,123,50,12,16,22,6,17,27
"2410070010",HADMATIYA TALUKA SHALA,"2410",JAMNAGAR,"241007",JAMNAGAR,"2410070010",HADMATIYA TALUKA SHALA,"24100700801",BERAJA PRIMARY SCHOOL,153,60,5,23,32,7,27,26
"2410070011",JAMBUDA TALUKA SHALA,"2410",JAMNAGAR,"241007",JAMNAGAR,"2410070011",JAMBUDA TALUKA SHALA,"24100708305",SACHANA KANYA SHALA,280,54,19,30,5,14,34,6
"2410070012",JAMVANTHLI TALUKA SHALA,"2410",JAMNAGAR,"241007",JAMNAGAR,"2410070012",JAMVANTHLI TALUKA SHALA,"24100709501",VARANA PRIMARY SCHOOL,114,60,19,22,19,21,25,14
"2410070013",JUNANAGANA PRIMARY SCHOOL,"2410",JAMNAGAR,"241007",JAMNAGAR,"2410070013",JUNANAGANA PRIMARY SCHOOL,"24100708003",NAGESHWAR PRI. SCH.,169,52,2,21,29,3,18,31
"2410070014",LAKHABAVAL KUMAR SHALA,"2410",JAMNAGAR,"241007",JAMNAGAR,"2410070014",LAKHABAVAL KUMAR SHALA,"24100705204",MASITYA KANYA TALUKA SHALA,197,52,13,19,20,8,18,26
"2410070015",MAHAPRABHUJIBETHAK TA. SCH.,"2410",JAMNAGAR,"241007",JAMNAGAR,"2410070015",MAHAPRABHUJIBETHAK TA. SCH.,"24100706519",LALVADI PRI. SCH.,157,60,19,15,26,12,21,27
"2410070016",MOTI KHAVDI KANYA TALUKA SHALA,"2410",JAMNAGAR,"241007",JAMNAGAR,"2410070016",MOTI KHAVDI KANYA TALUKA SHALA,"24100707001",NANI KHAVDI PRIMARY SCHOOL,219,60,5,28,27,4,24,32
"2410070017",NAGAR PRIMARY SCHOOL NO.  10,"2410",JAMNAGAR,"241007",JAMNAGAR,"2410070017",NAGAR PRIMARY SCHOOL NO.  10,"24100703453",NAGAR PRIMARY SCHOOL NO.  37,236,60,16,15,29,10,21,29
"2410070018",NAGAR PRIMARY SCHOOL NO.  12,"2410",JAMNAGAR,"241007",JAMNAGAR,"2410070018",NAGAR PRIMARY SCHOOL NO.  12,"24100710496",SHALA NO 18,328,60,14,20,26,9,26,25
"2410070023",NAGAR PRIMARY SCHOOL NO. 20,"2410",JAMNAGAR,"241007",JAMNAGAR,"2410070023",NAGAR PRIMARY SCHOOL NO. 20,"24100703446",NAGAR PRIMARY SCHOOL NO.  4,288,60,6,17,37,3,16,41
"2410070024",NAGAR PRIMARY SCHOOL NO. 26,"2410",JAMNAGAR,"241007",JAMNAGAR,"2410070024",NAGAR PRIMARY SCHOOL NO. 26,"24100703011",NAGAR PRIMARY SCHOOL NO 1(LALVADI),299,58,3,30,25,2,31,25
"2410070019",NAGAR PRIMARY SCHOOL NO.  27,"2410",JAMNAGAR,"241007",JAMNAGAR,"2410070019",NAGAR PRIMARY SCHOOL NO.  27,"24100703434",NAGAR PRIMARY SCHOOL NO.  51,435,60,11,24,25,12,20,28
"2410070020",NAGAR PRIMARY SCHOOL NO.  31,"2410",JAMNAGAR,"241007",JAMNAGAR,"2410070020",NAGAR PRIMARY SCHOOL NO.  31,"24100703421",NAGAR PRIMARY SCHOOL NO.  31,300,60,26,21,13,22,26,12
"2410070021",NAGAR PRIMARY SCHOOL NO.  42,"2410",JAMNAGAR,"241007",JAMNAGAR,"2410070021",NAGAR PRIMARY SCHOOL NO.  42,"24100703424",NAGAR PRIMARY SCHOOL NO.  32,232,60,21,17,22,14,21,25
"2410070022",NAGAR PRIMARY SCHOOL NO.  6,"2410",JAMNAGAR,"241007",JAMNAGAR,"2410070022",NAGAR PRIMARY SCHOOL NO.  6,"24100703440",NAGAR PRIMARY SCHOOL NO.  59,247,56,9,28,19,9,28,19
"2410070025",NARANPAR PRIMARY SCHOOL,"2410",JAMNAGAR,"241007",JAMNAGAR,"2410070025",NARANPAR PRIMARY SCHOOL,"24100701501",DADIYA PRIMARY SCHOOL,212,55,6,28,21,7,33,15
"2410070026",SHRI NAGHEDI KANYA SHALA,"2410",JAMNAGAR,"241007",JAMNAGAR,"2410070026",SHRI NAGHEDI KANYA SHALA,"24100706527",NAGHEDI KANYA TALUKA SHALA,232,53,11,26,16,12,21,20
"2410070027",WOOLEN MILL KANYA SHALA,"2410",JAMNAGAR,"241007",JAMNAGAR,"2410070027",WOOLEN MILL KANYA SHALA,"24100703802",KANSUMARA VADI SHALA,239,60,4,15,41,3,15,42
"2410080001",HADIYANA TALUKA SHALA,"2410",JAMNAGAR,"241008",JODIYA,"2410080001",HADIYANA TALUKA SHALA,"24100805701",VAVDI PRIMARY SCHOOL,170,57,15,9,33,20,16,21
"2410080002",JAMDUDHAI TALUKA SHALA,"2410",JAMNAGAR,"241008",JODIYA,"2410080002",JAMDUDHAI TALUKA SHALA,"24100805301",TARANADHAR PRIMARY SCHOOL,121,44,11,22,11,25,10,9
"2410080003",JODIYA TALUKA SHALA,"2410",JAMNAGAR,"241008",JODIYA,"2410080003",JODIYA TALUKA SHALA,"24100802305",LAXMIPARA TALUKA SHALA-2,217,60,22,24,14,10,32,18
"2410080004",KESHIYA TALUKA SHALA,"2410",JAMNAGAR,"241008",JODIYA,"2410080004",KESHIYA TALUKA SHALA,"24100802601",KESHIYA TALUKA SHALA,247,51,11,26,14,12,22,17
"2410080005",PITHAD TALUKA SHALA,"2410",JAMNAGAR,"241008",JODIYA,"2410080005",PITHAD TALUKA SHALA,"24100804501",PITHAD TALUKA SHALA,204,60,27,19,14,27,31,2
"2410090001",BERAJA TALUKA SHALA,"2410",JAMNAGAR,"241009",KALAVAD,"2410090001",BERAJA TALUKA SHALA,"24100900901",BERAJA TALUKA SHALA,137,60,27,17,16,26,15,19
"2410090002",CHHATTAR TALUKA SHALA,"2410",JAMNAGAR,"241009",KALAVAD,"2410090002",CHHATTAR TALUKA SHALA,"24100900201",ARLA PRIMARY SCHOOL,121,50,10,19,21,9,20,21
"2410090003",KALAVAD TALUKA SHALA NO. 1,"2410",JAMNAGAR,"241009",KALAVAD,"2410090003",KALAVAD TALUKA SHALA NO. 1,"24100903901",KALAVAD TALUKA SHALA NO. 1,204,50,11,31,8,9,31,10
"2410090004",KHANDHERA TALUKA SHALA,"2410",JAMNAGAR,"241009",KALAVAD,"2410090004",KHANDHERA TALUKA SHALA,"24100902201",DEVPUR PRIMARY SCHOOL,132,55,50,5,0,42,13,0
"2410090005",KHAREDI TALUKA SHALA,"2410",JAMNAGAR,"241009",KALAVAD,"2410090005",KHAREDI TALUKA SHALA,"24100904401",KHAREDI TALUKA SHALA,211,60,25,19,16,11,34,15
"2410090006",MOTA VADALA TALUKA SHALA,"2410",JAMNAGAR,"241009",KALAVAD,"2410090006",MOTA VADALA TALUKA SHALA,"24100906301",MOTA VADALA TALUKA SHALA,196,60,8,35,17,10,28,22
"2410090007",MOTI NAGAZAR TALUKA SHALA,"2410",JAMNAGAR,"241009",KALAVAD,"2410090007",MOTI NAGAZAR TALUKA SHALA,"24100909201",SATIYA PRIMARY SCHOOL,127,55,5,16,34,3,7,45
"2410090008",NANA VADALA TALUKA SHALA,"2410",JAMNAGAR,"241009",KALAVAD,"2410090008",NANA VADALA TALUKA SHALA,"24100907101",NANA VADALA TALUKA SHALA,98,54,9,31,14,7,33,14
"2410090009",NAVAGAM TALUKA SHALA,"2410",JAMNAGAR,"241009",KALAVAD,"2410090009",NAVAGAM TALUKA SHALA,"24100902401",DHUN DHORAJI PRIMARY SCHOOL,117,60,13,13,34,3,25,32
"2410090010",NIKAVA TALUKA SHALA,"2410",JAMNAGAR,"241009",KALAVAD,"2410090010",NIKAVA TALUKA SHALA,"24100900101",ANANDPAR KUMAR SHALA,130,60,12,30,18,12,29,19
"2410090011",R.B.TALUKA SHALA NO.2,"2410",JAMNAGAR,"241009",KALAVAD,"2410090011",R.B.TALUKA SHALA NO.2,"24100903601",JASHAPAR PRIMARY SCHOOL,153,60,19,18,23,13,21,26
"2410100001",GOVANA  PRIMARY SCHOOL,"2410",JAMNAGAR,"241010",LALPUR,"2410100001",GOVANA  PRIMARY SCHOOL,"24101000501",BABARZAR  PRIMARY SCHOOL,124,53,17,31,5,14,23,16
"2410100002",HARIPAR TALUKA SHALA,"2410",JAMNAGAR,"241010",LALPUR,"2410100002",HARIPAR TALUKA SHALA,"24101001801",HARIPAR TALUKA SHALA,112,60,14,24,22,14,20,26
"2410100003",KANALUS TALUKA SHALA,"2410",JAMNAGAR,"241010",LALPUR,"2410100003",KANALUS TALUKA SHALA,"24101002201",KANALUS TALUKA SHALA,175,54,19,15,20,17,21,16
"2410100004",LALPUR KANYA SHALA,"2410",JAMNAGAR,"241010",LALPUR,"2410100004",LALPUR KANYA SHALA,"24101003302",LALPUR KANYA SHALA,284,50,0,20,30,0,34,16
"2410100005",LALPUR TALUKA SHALA,"2410",JAMNAGAR,"241010",LALPUR,"2410100005",LALPUR TALUKA SHALA,"24101003301",LALPUR TALUKA SHALA,251,50,15,17,18,8,27,15
"2410100006",MODPUR TALUKA SHALA,"2410",JAMNAGAR,"241010",LALPUR,"2410100006",MODPUR TALUKA SHALA,"24101004001",MODPUR TALUKA SHALA,119,51,15,12,24,11,18,22
"2410100007",MOTI RAFUDAD TALUKA SHALA,"2410",JAMNAGAR,"241010",LALPUR,"2410100007",MOTI RAFUDAD TALUKA SHALA,"24101003401",MACHCHHU BERAJA  PRIMARY SCHOO,164,56,17,27,12,12,30,14
"2410100008",NANDURI TALUKA SHALA,"2410",JAMNAGAR,"241010",LALPUR,"2410100008",NANDURI TALUKA SHALA,"24101006101",RINJPAR  PRIMARY SCHOOL,97,51,25,26,0,22,29,0
"2410100009",PADANA TALUKA SHALA,"2410",JAMNAGAR,"241010",LALPUR,"2410100009",PADANA TALUKA SHALA,"24101002002",JOGVAD PATIYA  PRIMARY SCHOOL,212,60,24,25,11,17,28,15
"2410100010",PIPARTODA TALUKA SHALA,"2410",JAMNAGAR,"241010",LALPUR,"2410100010",PIPARTODA TALUKA SHALA,"24101005601",PIPARTODA TALUKA SHALA,170,60,17,20,23,18,38,4
"2410100011",SANOSARI  TALUKA SHALA,"2410",JAMNAGAR,"241010",LALPUR,"2410100011",SANOSARI  TALUKA SHALA,"24101007701",BHANGOR PRIMARY SCHOOL,171,53,7,14,32,8,12,33
"2410100012",ZANKHAR  PRIMARY SCHOOL,"2410",JAMNAGAR,"241010",LALPUR,"2410100012",ZANKHAR  PRIMARY SCHOOL,"24101007401",ZANKHAR  PRIMARY SCHOOL,243,54,15,22,17,10,19,25
"2412110001",CHANAKA PLOT P.C.,"2412",JUNAGADH,"241211",BHESAN,"2412110001",CHANAKA PLOT P.C.,"24121102303",CHANAKA PLOT PAY CEN SHALA,205,57,8,24,25,9,16,32
"2412110002",CHUDA P.C.,"2412",JUNAGADH,"241211",BHESAN,"2412110002",CHUDA P.C.,"24121100701",CHUDA PAY CEN KUMAR SHALA,106,45,7,30,8,5,25,15
"2412110003",JIN PLOT P.C.,"2412",JUNAGADH,"241211",BHESAN,"2412110003",JIN PLOT P.C.,"24121102305",JIN PLOT PAY  CEN SHALA,208,60,23,19,18,21,19,20
"2412110004",JUNI DHARI GUNDALI P.C.,"2412",JUNAGADH,"241211",BHESAN,"2412110004",JUNI DHARI GUNDALI P.C.,"24121103201",MORVADA PRA SHALA,67,48,11,20,17,8,23,17
"2412110005",KHARACHIYA P.C.,"2412",JUNAGADH,"241211",BHESAN,"2412110005",KHARACHIYA P.C.,"24121100101",VISHAL HADMATIYA PRA SHALA,123,42,12,20,10,11,26,5
"2412010001",BAGADU KUMAR PAY CENTRE SHALA,"2412",JUNAGADH,"241201",JUNAGADH,"2412010001",BAGADU KUMAR PAY CENTRE SHALA,"24120106401",JAMKA PRA SHALA,94,51,8,15,28,8,18,25
"2412010002",BILKHA KANYA PAY CENTRE SHALA,"2412",JUNAGADH,"241201",JUNAGADH,"2412010002",BILKHA KANYA PAY CENTRE SHALA,"24120104901",NAVAGAM PRA SHALA,230,53,8,21,24,6,16,31
"2412010003",BILKHA KUMAR PAY CENTRE SHALA,"2412",JUNAGADH,"241201",JUNAGADH,"2412010003",BILKHA KUMAR PAY CENTRE SHALA,"24120103701",BANDHALA PRA SHALA,72,52,10,19,23,14,13,25
"2412010004",CHOKI PAY CENTRE SHALA,"2412",JUNAGADH,"241201",JUNAGADH,"2412010004",CHOKI PAY CENTRE SHALA,"24120100901",KATHROTA PRA SHALA,118,57,5,14,38,8,3,46
"2412010005",GALIYAVADA PAY CENTRE SHALA,"2412",JUNAGADH,"241201",JUNAGADH,"2412010005",GALIYAVADA PAY CENTRE SHALA,"24120102601",VADHAVI PRA SHALA,130,50,2,17,31,4,14,32
"2412010006",KHADIYA KANYA PAY CENTRE SHALA,"2412",JUNAGADH,"241201",JUNAGADH,"2412010006",KHADIYA KANYA PAY CENTRE SHALA,"24120106901",DUNGARPUR PRA SHALA,204,57,9,20,28,9,18,30
"2412010007",MAKHIYALA KUMAR PAY CENTRE SHALA,"2412",JUNAGADH,"241201",JUNAGADH,"2412010007",MAKHIYALA KUMAR PAY CENTRE SHALA,"24120101301",MAJEVADI KUMAR SHALA,130,37,3,28,6,7,18,12
"2412010008",VIJAPUR PAY CENTRE SHALA,"2412",JUNAGADH,"241201",JUNAGADH,"2412010008",VIJAPUR PAY CENTRE SHALA,"24120103801",PADRIYA PRA SHALA,216,51,9,13,29,9,17,25
"2412160001",JOSHIPARA,"2412",JUNAGADH,"241216",JUNAGADH CORPORATION,"2412160001",JOSHIPARA,"24121607902",JOSHIPARA PAY CEN SHALA,222,56,13,24,19,17,21,18
"2412160002",KANYA SHALA NO.4,"2412",JUNAGADH,"241216",JUNAGADH CORPORATION,"2412160002",KANYA SHALA NO.4,"24121608006",KANYA SHALA NO 4 PRA SHALA,389,60,18,27,15,20,27,13
"2412160003",KUMAR SHALA NO.7,"2412",JUNAGADH,"241216",JUNAGADH CORPORATION,"2412160003",KUMAR SHALA NO.7,"24121603001",DOLATPARA PRIMARY SCHOOL,327,54,14,23,17,11,28,15
"2412160004",PRAYOGIK,"2412",JUNAGADH,"241216",JUNAGADH CORPORATION,"2412160004",PRAYOGIK,"24121608031",DR AMBEDKARNAGAR PRIMARY SCHOOL,366,60,22,24,14,15,25,20
"2412160005",TIMBAVADI,"2412",JUNAGADH,"241216",JUNAGADH CORPORATION,"2412160005",TIMBAVADI,"24121603301",TIMBAVADI PRIMARY SCHOOL,210,54,15,30,9,18,23,13
"2412160006",ZALORAPA,"2412",JUNAGADH,"241216",JUNAGADH CORPORATION,"2412160006",ZALORAPA,"24121608011",MARI PRIMARY SCHOOL,292,60,19,18,23,20,17,23
"2412160007",ZANZARDA,"2412",JUNAGADH,"241216",JUNAGADH CORPORATION,"2412160007",ZANZARDA,"24121603101",ZANZARDA PRIMARY SCHOOL,256,59,12,16,31,13,23,23
"2412080001",AGATRAY KUMAR PRA SHALA,"2412",JUNAGADH,"241208",KESHOD,"2412080001",AGATRAY KUMAR PRA SHALA,"24120801301",AGATRAY KUMAR PRA SHALA,122,53,8,20,25,8,21,24
"2412080002",BAMNASA KANYA SHALA,"2412",JUNAGADH,"241208",KESHOD,"2412080002",BAMNASA KANYA SHALA,"24120800301",SAROD PRA SHALA,84,47,6,5,36,6,9,32
"2412080003",CHAR PAY CEN SHALA,"2412",JUNAGADH,"241208",KESHOD,"2412080003",CHAR PAY CEN SHALA,"24120804201",CHAR PAY CEN SHALA,161,50,0,20,30,0,12,38
"2412080004",GODAVARI BAI KANYA SHALA,"2412",JUNAGADH,"241208",KESHOD,"2412080004",GODAVARI BAI KANYA SHALA,"24120805402",GODAVARI BAI KANYA SHALA,93,47,8,18,21,9,21,17
"2412080005",INDIRANAGAR PRA SHALA,"2412",JUNAGADH,"241208",KESHOD,"2412080005",INDIRANAGAR PRA SHALA,"24120805416",INDIRANAGAR PRA SHALA,297,52,5,34,13,1,32,19
"2412080006",KANERI PRA SHALA,"2412",JUNAGADH,"241208",KESHOD,"2412080006",KANERI PRA SHALA,"24120803601",KANERI PRA SHALA,132,51,8,10,33,4,7,40
"2412080007",KESHOD KUMAR SHALA,"2412",JUNAGADH,"241208",KESHOD,"2412080007",KESHOD KUMAR SHALA,"24120805401",KESHOD KUMAR SHALA,208,60,11,17,32,6,22,32
"2412080008",MESVAN KUMAR SHALA,"2412",JUNAGADH,"241208",KESHOD,"2412080008",MESVAN KUMAR SHALA,"24120803901",MESVAN KUMAR PAY CEN SHALA,178,50,14,13,23,21,9,20
"2412080009",PANCHALA PRA SHALA,"2412",JUNAGADH,"241208",KESHOD,"2412080009",PANCHALA PRA SHALA,"24120802101",KHAMIDANA PRA SHALA,141,52,7,13,32,3,12,37
"2412080010",VASAVADI PRA SHALA,"2412",JUNAGADH,"241208",KESHOD,"2412080010",VASAVADI PRA SHALA,"24120805417",VASAVADI PRA SHALA,300,49,6,14,29,10,16,23
"2412060001",AMRAPUR  PAY CEN SHALA,"2412",JUNAGADH,"241206",MALIYA HATINA,"2412060001",AMRAPUR  PAY CEN SHALA,"24120601001",JALANDHAR  PRA SHALA,121,51,3,19,29,1,22,28
"2412060002",BARULA PAY CEN SHALA,"2412",JUNAGADH,"241206",MALIYA HATINA,"2412060002",BARULA PAY CEN SHALA,"24120606301",ACHHIDRA  PRA SHALA,74,44,9,7,28,12,13,19
"2412060003",BHANDURI  PAY CEN SHALA,"2412",JUNAGADH,"241206",MALIYA HATINA,"2412060003",BHANDURI  PAY CEN SHALA,"24120603101",BHANDURI  PAY CEN SHALA,246,57,9,25,23,11,19,27
"2412060004",CHORVAD PAY CEN,"2412",JUNAGADH,"241206",MALIYA HATINA,"2412060004",CHORVAD PAY CEN,"24120605601",KANYA SHALA CHORVAD,369,54,13,19,22,10,18,26
"2412060005",GADU PAY CEN SHALA,"2412",JUNAGADH,"241206",MALIYA HATINA,"2412060005",GADU PAY CEN SHALA,"24120605701",VISANVEL  PRA SHALA,207,33,3,10,20,6,5,22
"2412060006",JANGAR PAY CEN SHALA,"2412",JUNAGADH,"241206",MALIYA HATINA,"2412060006",JANGAR PAY CEN SHALA,"24120602301",BABRA (GIR)  PRA SHALA,99,50,6,34,10,8,21,21
"2412060007",KHERA PAY CEN SHALA,"2412",JUNAGADH,"241206",MALIYA HATINA,"2412060007",KHERA PAY CEN SHALA,"24120603501",KUKASVADA  KANYA SHALA,173,55,6,22,27,4,22,29
"2412060008",KHORASA PAY CEN SHALA,"2412",JUNAGADH,"241206",MALIYA HATINA,"2412060008",KHORASA PAY CEN SHALA,"24120605001",KHORASA PAY CEN SHALA,147,50,5,15,30,3,15,32
"2412060009",KUMAR PAY CEN SHALA,"2412",JUNAGADH,"241206",MALIYA HATINA,"2412060009",KUMAR PAY CEN SHALA,"24120606402",TALUKA PAY CENTER SHALA,368,57,12,15,30,7,32,18
"2412060010",LATHODRA PRA SHALA,"2412",JUNAGADH,"241206",MALIYA HATINA,"2412060010",LATHODRA PRA SHALA,"24120600201",PANIDHRA  PRA SHALA,125,50,3,15,32,4,18,28
"2412060012",MATARVANIYA PAY CEN,"2412",JUNAGADH,"241206",MALIYA HATINA,"2412060012",MATARVANIYA PAY CEN,"24120601202",VIRDI KANYA SHALA,133,50,8,21,21,8,24,18
"2412060011",VADIYA PAY CEN SHALA,"2412",JUNAGADH,"241206",MALIYA HATINA,"2412060011",VADIYA PAY CEN SHALA,"24120604201",PANKAVA  PRA SHALA,101,50,0,3,47,0,5,45
"2412090001",BANTWA PAY CEN,"2412",JUNAGADH,"241209",MANAVADAR,"2412090001",BANTWA PAY CEN,"24120905601",BANTVA PAY CEN,130,50,9,17,24,11,16,23
"2412090002",KOYLANA PAY CEN,"2412",JUNAGADH,"241209",MANAVADAR,"2412090002",KOYLANA PAY CEN,"24120905101",KOYLANA PAY CEN SHALA,138,50,2,12,36,3,9,38
"2412090003",MANAVADAR PAY  CEN,"2412",JUNAGADH,"241209",MANAVADAR,"2412090003",MANAVADAR PAY  CEN,"24120905702",KANYA PRA SHALA,105,55,2,12,41,5,9,41
"2412090004",NANDIYA PAY CEN,"2412",JUNAGADH,"241209",MANAVADAR,"2412090004",NANDIYA PAY CEN,"24120905604",RAJPUTPARA PRA SHALA,88,51,9,15,27,8,14,29
"2412090005",PAJOD PRA SHALA,"2412",JUNAGADH,"241209",MANAVADAR,"2412090005",PAJOD PRA SHALA,"24120900101",VEKRI PRA SHALA,110,51,0,8,43,1,4,46
"2412090006",PANCHVATI PRA SHALA,"2412",JUNAGADH,"241209",MANAVADAR,"2412090006",PANCHVATI PRA SHALA,"24120905708",RAGHUVIRPARA PRATHMIK SHALA-MANAVADAR,163,50,17,15,18,13,14,23
"2412090007",SANOSARA PAY CEN,"2412",JUNAGADH,"241209",MANAVADAR,"2412090007",SANOSARA PAY CEN,"24120903801",KATAKPARA PRA SHALA,118,46,27,12,7,25,14,7
"2412090008",SHERADI PRA SHALA,"2412",JUNAGADH,"241209",MANAVADAR,"2412090008",SHERADI PRA SHALA,"24120900501",BHINDORA PRA SHALA,66,41,2,3,36,1,16,24
"2412070001",ANTROLI,"2412",JUNAGADH,"241207",MANGROL,"2412070001",ANTROLI,"24120702801",DIVASA PRA SHALA,184,48,3,19,26,0,29,19
"2412070002",ARENA,"2412",JUNAGADH,"241207",MANGROL,"2412070002",ARENA,"24120706007",SHERIYAJ PRA SHALA,176,46,5,18,23,7,25,14
"2412070003",BHATHROT,"2412",JUNAGADH,"241207",MANGROL,"2412070003",BHATHROT,"24120700401",MITI  PRA SHALA,168,50,7,5,38,3,9,38
"2412070004",CHANDVANA,"2412",JUNAGADH,"241207",MANGROL,"2412070004",CHANDVANA,"24120703301",CHANDVANA PAY CEN SHALA,114,50,1,14,35,3,17,30
"2412070005",DHELANA SIM,"2412",JUNAGADH,"241207",MANGROL,"2412070005",DHELANA SIM,"24120705201",DHELANA PAY CEN SHALA,183,53,5,19,29,4,20,29
"2412070006",KALEJ,"2412",JUNAGADH,"241207",MANGROL,"2412070006",KALEJ,"24120701301",SARSALI  PRA SHALA,124,52,8,26,18,10,17,25
"2412070007",KAMNATH,"2412",JUNAGADH,"241207",MANGROL,"2412070007",KAMNATH,"24120706413",JETKHAM VISTAR SIM PRA SHALA,216,53,20,26,7,24,23,6
"2412070008",LIMDA,"2412",JUNAGADH,"241207",MANGROL,"2412070008",LIMDA,"24120706421",LALBAG SIM VISTAR PRA SHALA,381,56,1,22,33,0,20,36
"2412070009",LOAJ,"2412",JUNAGADH,"241207",MANGROL,"2412070009",LOAJ,"24120703901",LOEJ PRA SHALA,163,50,12,12,26,6,26,18
"2412070010",MEKHADI,"2412",JUNAGADH,"241207",MANGROL,"2412070010",MEKHADI,"24120701502",MEKHADI KANYA SHALA,115,50,7,22,21,3,25,22
"2412070011",NAGICHANA,"2412",JUNAGADH,"241207",MANGROL,"2412070011",NAGICHANA,"24120702501",NAGICHANA PAY CEN SHALA,154,51,1,11,39,1,18,32
"2412070012",SHIL,"2412",JUNAGADH,"241207",MANGROL,"2412070012",SHIL,"24120702701",ZARIYAVADA PRA SHALA,150,52,8,19,25,4,22,26
"2412070013",SULTANPUR,"2412",JUNAGADH,"241207",MANGROL,"2412070013",SULTANPUR,"24120704301",SULTANPUR PAY CEN SHALA,153,54,4,15,35,1,17,36
"2412070014",TOWER,"2412",JUNAGADH,"241207",MANGROL,"2412070014",TOWER,"24120706411",BHUTADIKADI SIM PRA SHALA,156,53,10,27,16,6,18,29
"2412020001",ALIDHRA,"2412",JUNAGADH,"241202",MENDARDA,"2412020001",ALIDHRA,"24120206104",SIM PRA SHALA MENDARDA,245,54,6,13,35,4,21,29
"2412020003",KANYA MENDARDA,"2412",JUNAGADH,"241202",MENDARDA,"2412020003",KANYA MENDARDA,"24120202901",AMBALA PRA SHALA,115,50,6,24,20,4,24,22
"2412020004",KUMAR MENDARDA,"2412",JUNAGADH,"241202",MENDARDA,"2412020004",KUMAR MENDARDA,"24120206105",PLOT PRA SHALA,125,60,20,29,11,13,31,16
"2412020005",MALANAKA,"2412",JUNAGADH,"241202",MENDARDA,"2412020005",MALANAKA,"24120201401",NANI KHODIYAR PRA SHALA,92,46,9,15,22,8,23,15
"2412020006",MOTI KHODIYAR,"2412",JUNAGADH,"241202",MENDARDA,"2412020006",MOTI KHODIYAR,"24120201201",CHIRODA PRA SHALA,123,40,8,17,15,8,16,16
"2412020007",SAMADHIYALA,"2412",JUNAGADH,"241202",MENDARDA,"2412020007",SAMADHIYALA,"24120200801",ARNIYALA PRA SHALA,76,49,11,19,19,6,21,22
"2412020008",SASAN,"2412",JUNAGADH,"241202",MENDARDA,"2412020008",SASAN,"24120206401",SASAN PAY CEN SHALA,258,55,7,23,25,7,19,29
"2412100001",KANZA PAY CEN SHALA,"2412",JUNAGADH,"241210",VANTHALI,"2412100001",KANZA PAY CEN SHALA,"24121002704",KANZA DHAR PRA SHALA,132,48,6,12,30,6,5,37
"2412100002",KOYLI PAY CEN SHALA,"2412",JUNAGADH,"241210",VANTHALI,"2412100002",KOYLI PAY CEN SHALA,"24121000601",VIR BHIMSHIBAPA THAPALIYA PRATHMIK SHALA,206,58,9,13,36,8,26,24
"2412100003",MAHOBATPUR PAY CEN SHALA,"2412",JUNAGADH,"241210",VANTHALI,"2412100003",MAHOBATPUR PAY CEN SHALA,"24121004401",MAHOBATPUR PAY CEN SHALA,65,50,4,29,17,6,26,18
"2412100004",NAREDI PAY CEN SHALA,"2412",JUNAGADH,"241210",VANTHALI,"2412100004",NAREDI PAY CEN SHALA,"24121000301",BANTIYA PAY CEN SHALA,98,51,5,17,29,8,15,28
"2412100005",SHAPUR KUMAR PAY CEN SHALA,"2412",JUNAGADH,"241210",VANTHALI,"2412100005",SHAPUR KUMAR PAY CEN SHALA,"24121004601",SHAPUR PAY CEN SHALA,390,60,10,24,26,9,21,30
"2412100006",THANAPIPLI PAY CEN SHALA,"2412",JUNAGADH,"241210",VANTHALI,"2412100006",THANAPIPLI PAY CEN SHALA,"24121003601",LUSHALA PRA SHALA,129,52,5,20,27,5,18,29
"2412100007",TINMAS PAY CEN SHALA,"2412",JUNAGADH,"241210",VANTHALI,"2412100007",TINMAS PAY CEN SHALA,"24121003201",TINMAS PAY CEN SHALA,154,53,6,27,20,8,36,9
"2412100008",VANTHALI KANYA PAY CEN SHALA,"2412",JUNAGADH,"241210",VANTHALI,"2412100008",VANTHALI KANYA PAY CEN SHALA,"24121001001",BALOT PRA SHALA,156,50,6,15,29,4,17,29
"2412120001",BARDIYA PAY CEN,"2412",JUNAGADH,"241212",VISAVADAR,"2412120001",BARDIYA PAY CEN,"24121206601",LIMDHRA PRA SHALA,148,56,15,15,26,17,17,22
"2412120002",BHALGAM PAY CEN,"2412",JUNAGADH,"241212",VISAVADAR,"2412120002",BHALGAM PAY CEN,"24121202501",DHEBAR PRA SHALA,127,56,5,18,33,5,19,32
"2412120003",KALASARI PAY CEN,"2412",JUNAGADH,"241212",VISAVADAR,"2412120003",KALASARI PAY CEN,"24121205501",KALSARI PAY CEN SHALA,293,60,14,23,23,9,21,30
"2412120004",KANYA SHALA VISAVADAR,"2412",JUNAGADH,"241212",VISAVADAR,"2412120004",KANYA SHALA VISAVADAR,"24121210303",HANUMANPARA PRA SHALA,204,55,9,34,12,8,34,13
"2412120005",KHAMBHALIYA PAY CEN,"2412",JUNAGADH,"241212",VISAVADAR,"2412120005",KHAMBHALIYA PAY CEN,"24121204801",CHAPARDA PRA SHALA,65,51,11,14,26,10,14,27
"2412120006",KUMAR SHALA VISAVADAR,"2412",JUNAGADH,"241212",VISAVADAR,"2412120006",KUMAR SHALA VISAVADAR,"24121203601",RAVNI (KUBA) PRA SHALA,97,50,1,10,39,2,6,42
"2412120007",LALPUR PAY CEN,"2412",JUNAGADH,"241212",VISAVADAR,"2412120007",LALPUR PAY CEN,"24121205701",LALPUR PAY CEN SHALA,137,51,10,24,17,10,13,28
"2412120008",MOTA KOTADA PAY CEN,"2412",JUNAGADH,"241212",VISAVADAR,"2412120008",MOTA KOTADA PAY CEN,"24121200801",MOTI PINDAKHAI PRA SHALA,83,46,11,21,14,11,20,15
"2412120009",MOTI MONPARI PAY CEN,"2412",JUNAGADH,"241212",VISAVADAR,"2412120009",MOTI MONPARI PAY CEN,"24121206003",MOTI MONPARI PAY CEN SHALA,123,51,2,11,38,4,10,37
"2412120010",NANA KOTADA PAY CEN,"2412",JUNAGADH,"241212",VISAVADAR,"2412120010",NANA KOTADA PAY CEN,"24121201001",NANA KOTADA PAY CEN SHALA,73,51,9,31,11,4,31,16
"2401070001",BUTTA,"2401",KACHCHH,"240107",ABDASA,"2401070001",BUTTA,"24010701201",VALSRA PRIMARY SHALA,102,53,13,28,12,8,36,9
"2401070002",DUMRA KUMAR,"2401",KACHCHH,"240107",ABDASA,"2401070002",DUMRA KUMAR,"24010714902",DUMRA KANYA SHALA,99,52,20,18,14,29,18,5
"2401070003",HAJAPAR KUMAR,"2401",KACHCHH,"240107",ABDASA,"2401070003",HAJAPAR KUMAR,"24010712401",NUNDHATAD PRIMARY SHALA,127,50,15,16,19,15,10,25
"2401070004",JAKHO KUMAR,"2401",KACHCHH,"240107",ABDASA,"2401070004",JAKHO KUMAR,"24010708002",JAKHAU KANYA SHALA,183,57,38,14,5,18,31,8
"2401070005",KOTHARA KUMAR,"2401",KACHCHH,"240107",ABDASA,"2401070005",KOTHARA KUMAR,"24010713101",VARADIYA PRIMARY SHALA,208,54,25,23,6,20,28,6
"2401070006",MANPURA,"2401",KACHCHH,"240107",ABDASA,"2401070006",MANPURA,"24010713701",BERA HADAPAR PRIMARY SHALA,94,50,43,7,0,23,25,2
"2401070007",MOTHALA GROUP,"2401",KACHCHH,"240107",ABDASA,"2401070007",MOTHALA GROUP,"24010709901",MOTHALA KUMAR GROUP SHALA,122,54,7,32,15,12,26,16
"2401070008",MOTIBER,"2401",KACHCHH,"240107",ABDASA,"2401070008",MOTIBER,"24010700201",MOTI BER GROUP SHALA,82,52,33,14,5,14,33,5
"2401070009",NALIYA 2,"2401",KACHCHH,"240107",ABDASA,"2401070009",NALIYA 2,"24010705301",NALIYA GROUP SHALA-3,193,54,6,19,29,4,19,31
"2401070010",NALIYA GROUP-1,"2401",KACHCHH,"240107",ABDASA,"2401070010",NALIYA GROUP-1,"24010705306",NALIYA KANYA SHALA-1,140,54,11,20,23,6,26,22
"2401070011",NANI VAMOTI,"2401",KACHCHH,"240107",ABDASA,"2401070011",NANI VAMOTI,"24010706801",BITTA GROUP SHALA,83,47,6,20,21,9,17,21
"2401070012",RAMPAR,"2401",KACHCHH,"240107",ABDASA,"2401070012",RAMPAR,"24010703601",KER VANDH PANCHAYATI PRIMARY S,129,52,9,36,7,14,27,11
"2401070013",SANDHAN,"2401",KACHCHH,"240107",ABDASA,"2401070013",SANDHAN,"24010713801",SUTHARI PRIMARY SHALA,208,56,20,22,14,11,35,10
"2401070014",SANDHAV,"2401",KACHCHH,"240107",ABDASA,"2401070014",SANDHAV,"24010711701",KANAKPAR PRIMARY SHALA,135,60,3,13,44,4,16,40
"2401070015",SANOSARA,"2401",KACHCHH,"240107",ABDASA,"2401070015",SANOSARA,"24010712101",NAREDI PRIMARY SHALA,128,45,10,26,9,4,26,15
"2401070016",TERA KUMAR,"2401",KACHCHH,"240107",ABDASA,"2401070016",TERA KUMAR,"24010705801",TERA KUMAR GROUP SHALA,193,54,20,19,15,17,24,13
"2401070017",USHTIYA,"2401",KACHCHH,"240107",ABDASA,"2401070017",USHTIYA,"24010702401",BANDIYA PRIMARY SHALA,93,55,11,14,30,0,13,42
"2401070018",VANKU,"2401",KACHCHH,"240107",ABDASA,"2401070018",VANKU,"24010708401",LALA PRIMARY SHALA,191,50,17,21,12,17,21,12
"2401070019",VAYOR,"2401",KACHCHH,"240107",ABDASA,"2401070019",VAYOR,"24010700601",VAYOR GROUP SHALA,176,51,9,23,19,8,24,19
"2401040001",ANJAR 11,"2401",KACHCHH,"240104",ANJAR,"2401040001",ANJAR 11,"24010407403",ANJAR NAGARPALIKA SHALA NO.3,303,59,10,25,24,12,24,23
"2401040002",ANJAR 4,"2401",KACHCHH,"240104",ANJAR,"2401040002",ANJAR 4,"24010407406",ANJAR NAGARPALIKA SHALA NO.6,406,60,14,18,28,12,18,30
"2401040003",ANJAR 7,"2401",KACHCHH,"240104",ANJAR,"2401040003",ANJAR 7,"24010407415",ANJAR NAGAR PRI.SHALA NO.15,246,60,25,15,20,7,31,22
"2401040004",BHIMASAR,"2401",KACHCHH,"240104",ANJAR,"2401040004",BHIMASAR,"24010403301",BHIMASAR PRIMARY SHALA,244,60,9,22,29,19,24,17
"2401040005",DEVLIYA,"2401",KACHCHH,"240104",ANJAR,"2401040005",DEVLIYA,"24010406601",VIRA PRIMARY SHALA,142,52,3,23,26,2,20,30
"2401040006",DHAMDKA,"2401",KACHCHH,"240104",ANJAR,"2401040006",DHAMDKA,"24010400601",DHAMADKA PRIMARY SHALA,126,52,23,15,14,20,19,13
"2401040007",DUDHAI KUMAR,"2401",KACHCHH,"240104",ANJAR,"2401040007",DUDHAI KUMAR,"24010400707",INDRAPRASTH PRI SHALA,160,56,15,28,13,7,34,15
"2401040008",KHAMBHARA,"2401",KACHCHH,"240104",ANJAR,"2401040008",KHAMBHARA,"24010404301",CHANDIYA PAY CENTRE SHALA,141,53,7,10,36,7,19,27
"2401040009",KHEDOI KANYA,"2401",KACHCHH,"240104",ANJAR,"2401040009",KHEDOI KANYA,"24010405601",MINDIYALA PRIMARY SHALA,376,60,15,31,14,15,35,10
"2401040010",LAKHAPAR,"2401",KACHCHH,"240104",ANJAR,"2401040010",LAKHAPAR,"24010402901",SATAPAR PRIMARY SHALA,139,57,8,26,23,7,30,20
"2401040011",NAVAGAM,"2401",KACHCHH,"240104",ANJAR,"2401040011",NAVAGAM,"24010400901",NAVAGAM PRIMARY SHALA,182,53,3,19,31,2,5,46
"2401040012",RATNAL KUMAR,"2401",KACHCHH,"240104",ANJAR,"2401040012",RATNAL KUMAR,"24010402203",RATNAL KANYA SHALA,232,54,11,10,33,8,17,29
"2401040013",SAPEDA,"2401",KACHCHH,"240104",ANJAR,"2401040013",SAPEDA,"24010401901",JARU PRIMARY SHALA,211,60,8,37,15,7,23,30
"2401040014",TUNA,"2401",KACHCHH,"240104",ANJAR,"2401040014",TUNA,"24010407201",VANDI PRI SHALA,271,60,17,30,13,3,43,14
"2401040015",VARSAMEDI KANYA,"2401",KACHCHH,"240104",ANJAR,"2401040015",VARSAMEDI KANYA,"24010403603",SHANTIDHAM PRI SHALA,251,59,11,31,17,11,22,26
"2401040016",VIDI GRUP,"2401",KACHCHH,"240104",ANJAR,"2401040016",VIDI GRUP,"24010405301",MEGHPAR (BORICHI) PRIMARY SHAL,227,58,32,24,2,15,38,5
"2401030001",ADHOI,"2401",KACHCHH,"240103",BHACHAU,"2401030001",ADHOI,"24010303909",JUNA GAMATAL ADHOI PIRI SHALA,223,60,27,24,9,20,24,16
"2401030002",BHACHAU 1,"2401",KACHCHH,"240103",BHACHAU,"2401030002",BHACHAU 1,"24010308513",BHACHAU PRIMARY SHALA-6,322,60,20,25,15,16,24,20
"2401030003",BHACHAU 2,"2401",KACHCHH,"240103",BHACHAU,"2401030003",BHACHAU 2,"24010308501",BHACHAU PRIMARY SHALA-4,219,55,11,23,21,8,24,23
"2401030004",CHIRAI,"2401",KACHCHH,"240103",BHACHAU,"2401030004",CHIRAI,"24010305201",NANI CHIRAI PRIMARY SHALA,230,59,10,33,16,6,28,25
"2401030005",CHOBARI,"2401",KACHCHH,"240103",BHACHAU,"2401030005",CHOBARI,"24010301101",BHARUDIA PRIMARY SHALA,179,57,22,34,1,22,34,1
"2401030006",GADHADA,"2401",KACHCHH,"240103",BHACHAU,"2401030006",GADHADA,"24010300801",GANESHPAR (KHADIR) PRI SHALA,88,53,4,46,3,2,30,21
"2401030007",JANGI,"2401",KACHCHH,"240103",BHACHAU,"2401030007",JANGI,"24010306611",JANGI KANYA PRIMARY SALA,285,54,10,26,18,5,28,21
"2401030008",JUNA KATARIYA,"2401",KACHCHH,"240103",BHACHAU,"2401030008",JUNA KATARIYA,"24010306201",JUNA KATARIYA PRIMARY SHALA,257,57,18,18,21,19,19,19
"2401030009",KALYANPAR,"2401",KACHCHH,"240103",BHACHAU,"2401030009",KALYANPAR,"24010300301",KALYANPAR PRIMARY SHALA,135,59,15,31,13,12,34,13
"2401030010",KANTHKOT,"2401",KACHCHH,"240103",BHACHAU,"2401030010",KANTHKOT,"24010301701",KANTHKOT PRIMARY SHALA,180,60,34,26,0,34,26,0
"2401030011",KHAROI,"2401",KACHCHH,"240103",BHACHAU,"2401030011",KHAROI,"24010307801",KHAROI PRIMARY SHALA,132,56,10,40,6,15,22,19
"2401030012",LAKDIYA,"2401",KACHCHH,"240103",BHACHAU,"2401030012",LAKDIYA,"24010304305",GAYATRINAGAR (LAKADIYA) PRIMARY SHALA,310,57,20,24,13,22,23,12
"2401030013",MANFARA,"2401",KACHCHH,"240103",BHACHAU,"2401030013",MANFARA,"24010301307",MOMAYMORA(CHO) PRIMARY SHALA,158,52,19,29,4,14,23,15
"2401030014",MORGAR,"2401",KACHCHH,"240103",BHACHAU,"2401030014",MORGAR,"24010303301",SIKARA PRIMARY SHALA,180,54,2,39,13,4,30,20
"2401030015",SAMAKHIYARI,"2401",KACHCHH,"240103",BHACHAU,"2401030015",SAMAKHIYARI,"24010305505",KRUSHNANAGAR PRI SHALA,235,58,29,21,8,24,27,7
"2401030016",SHIKARPUR,"2401",KACHCHH,"240103",BHACHAU,"2401030016",SHIKARPUR,"24010307201",SHIKARPUR PRIMARY SHALA,246,60,22,24,14,23,29,8
"2401030017",UDEPUR,"2401",KACHCHH,"240103",BHACHAU,"2401030017",UDEPUR,"24010303902",UDEPUR (ADHOI) PRIMARY SHALA,205,60,17,32,11,15,32,13
"2401030018",VONDH,"2401",KACHCHH,"240103",BHACHAU,"2401030018",VONDH,"24010304601",VIJPASAR PRIMARY SHALA,213,49,14,18,17,14,18,17
"2401050001",BHARAPAR,"2401",KACHCHH,"240105",BHUJ,"2401050001",BHARAPAR,"24010513602",SURAJPAR KANYA PRIMARY SHALA,183,50,3,18,29,5,12,33
"2401050002",BHIRANDIYARA,"2401",KACHCHH,"240105",BHUJ,"2401050002",BHIRANDIYARA,"24010502701",MISARIYADO PRIMARY SHALA,88,0,0,0,0,0,0,0
"2401050005",BHUJ-17,"2401",KACHCHH,"240105",BHUJ,"2401050005",BHUJ-17,"24010520040",BHIMRAVNAGAR PRI SHALA-15,243,60,13,25,22,12,25,23
"2401050003",BHUJ SHALA GROUP-3,"2401",KACHCHH,"240105",BHUJ,"2401050003",BHUJ SHALA GROUP-3,"24010520030",PANCH. PRI SHALA NO.6 BHUJ,372,60,21,23,16,28,15,17
"2401050004",BHUJ TALUKA-1,"2401",KACHCHH,"240105",BHUJ,"2401050004",BHUJ TALUKA-1,"24010520044",PANCH. PRI SHALA NO.1 BHUJ,387,60,14,31,15,12,30,18
"2401050006",DAHISARA,"2401",KACHCHH,"240105",BHUJ,"2401050006",DAHISARA,"24010514202",DAHINSARA KANYA PRIMARY SHALA,169,55,11,14,30,6,27,22
"2401050007",DESHALPAR,"2401",KACHCHH,"240105",BHUJ,"2401050007",DESHALPAR,"24010512301",SAMATRA PRIMARY SHALA,260,53,5,25,23,6,25,22
"2401050008",DHANETI,"2401",KACHCHH,"240105",BHUJ,"2401050008",DHANETI,"24010505301",NADAPA PRIMARY SHALA,209,56,8,22,26,1,22,33
"2401050010",DHORI,"2401",KACHCHH,"240105",BHUJ,"2401050010",DHORI,"24010503201",DHORI KANYA PRIMARY SHALA,134,50,9,15,26,3,19,28
"2401050009",DHROBANA,"2401",KACHCHH,"240105",BHUJ,"2401050009",DHROBANA,"24010500803",DHROBANA PRIMARY SHALA,295,60,26,27,7,22,31,7
"2401050011",GOREVALI,"2401",KACHCHH,"240105",BHUJ,"2401050011",GOREVALI,"24010500407",GOREWALI -2 PRIM.SHALA,65,40,11,13,16,11,13,16
"2401050012",HAJIPIR,"2401",KACHCHH,"240105",BHUJ,"2401050012",HAJIPIR,"24010502001",BHAGADIO PRIMARY SHALA,145,49,41,8,0,48,1,0
"2401050013",HATHISTHAN,"2401",KACHCHH,"240105",BHUJ,"2401050013",HATHISTHAN,"24010520014",SHANTINAGAR PRI SCHOOL-24,395,57,16,21,20,12,30,15
"2401050014",HODAKO,"2401",KACHCHH,"240105",BHUJ,"2401050014",HODAKO,"24010502201",HODKA PRIMARY SHALA,71,44,0,32,12,1,35,8
"2401050015",JUNA,"2401",KACHCHH,"240105",BHUJ,"2401050015",JUNA,"24010517701",DEDHIYA PRIMARY SHALA,78,45,43,2,0,34,11,0
"2401050016",KANIYABE,"2401",KACHCHH,"240105",BHUJ,"2401050016",KANIYABE,"24010508201",KANAIYABE PRIMARY SHALA,197,56,44,7,5,46,4,6
"2401050017",KERA,"2401",KACHCHH,"240105",BHUJ,"2401050017",KERA,"24010515601",KERA KUMAR SHALA,124,50,20,17,13,17,23,10
"2401050018",KHARI,"2401",KACHCHH,"240105",BHUJ,"2401050018",KHARI,"24010501301",ANDHAU PRIMARY SHALA,94,51,17,25,9,27,17,7
"2401050019",KHAVDA,"2401",KACHCHH,"240105",BHUJ,"2401050019",KHAVDA,"24010500502",KHAVDA KANYA SHALA,142,54,23,23,8,8,34,12
"2401050020",KODAKI,"2401",KACHCHH,"240105",BHUJ,"2401050020",KODAKI,"24010509301",KODKI NO.1 PRIMARY SHALA,138,56,10,25,21,10,18,28
"2401050021",KOTDA (CH),"2401",KACHCHH,"240105",BHUJ,"2401050021",KOTDA (CH),"24010515001",VARLI PRIMARY SHALA,208,52,5,23,24,3,32,17
"2401050022",KUKMA,"2401",KACHCHH,"240105",BHUJ,"2401050022",KUKMA,"24010510501",KUKMA PRIMARY SHALA,529,60,28,24,8,21,25,14
"2401050023",LODAI,"2401",KACHCHH,"240105",BHUJ,"2401050023",LODAI,"24010504401",LODAI PRIMARY SHALA,253,55,9,27,19,5,25,25
"2401050024",LORIYA,"2401",KACHCHH,"240105",BHUJ,"2401050024",LORIYA,"24010503302",SUMARASAR-SHEKH PRIMARY SHALA,293,60,12,29,19,11,29,20
"2401050025",LUDIYA,"2401",KACHCHH,"240105",BHUJ,"2401050025",LUDIYA,"24010501503",LUDIYA PRIMARY SHALA,147,53,32,21,0,35,18,0
"2401050026",MADHAPAR,"2401",KACHCHH,"240105",BHUJ,"2401050026",MADHAPAR,"24010515903",MADHAPAR KANYA PRIMARY SHALA,282,56,5,32,19,6,18,32
"2401050027",MANKUVA,"2401",KACHCHH,"240105",BHUJ,"2401050027",MANKUVA,"24010511801",NAGIYARI PRIMARY SHALA,211,52,20,32,0,21,27,4
"2401050028",MIRJAPAR,"2401",KACHCHH,"240105",BHUJ,"2401050028",MIRJAPAR,"24010511502",MIRJHAPAR KANYA SHALA,227,57,10,20,27,10,21,26
"2401050029",MOTA DINARA,"2401",KACHCHH,"240105",BHUJ,"2401050029",MOTA DINARA,"24010500701",MOTA DINARA PRIMARY SHALA,266,59,28,25,6,28,27,4
"2401050030",NAGOR,"2401",KACHCHH,"240105",BHUJ,"2401050030",NAGOR,"24010507601",NANA VARNORA PRIMARY SHALA,285,60,44,12,4,33,23,4
"2401050031",PADDHAR,"2401",KACHCHH,"240105",BHUJ,"2401050031",PADDHAR,"24010508603",PADDHAR KANYA SHALA,179,53,3,7,43,3,9,41
"2401050032",R.T.O,"2401",KACHCHH,"240105",BHUJ,"2401050032",R.T.O,"24010520054",HITEN DHOLKIYA VIDHALAY,338,60,26,27,7,16,35,9
"2401050033",SHALA NO-10,"2401",KACHCHH,"240105",BHUJ,"2401050033",SHALA NO-10,"24010520037",DARBARGADH KANYA SHALA NO.1,226,55,14,22,19,14,22,19
"2401050034",TUGA,"2401",KACHCHH,"240105",BHUJ,"2401050034",TUGA,"24010501401",DHORAVAR PRIMARY SHALA,114,60,50,10,0,43,17,0
"2401100001",ADIPUR,"2401",KACHCHH,"240110",GANDHIDHAM,"2401100001",ADIPUR,"24011000901",ADIPUR KANYA PAN. PRI. SCH.NO 1,388,60,22,24,14,16,21,23
"2401100002",ANTARJAL,"2401",KACHCHH,"240110",GANDHIDHAM,"2401100002",ANTARJAL,"24011000707",KIDANA KANYA SHALA,296,60,11,22,27,7,33,20
"2401100003",GALPADAR,"2401",KACHCHH,"240110",GANDHIDHAM,"2401100003",GALPADAR,"24011000403",GAYATRI KRUPA SOCIETY,384,60,4,23,33,12,13,35
"2401100004",GANDHIDHAM-1,"2401",KACHCHH,"240110",GANDHIDHAM,"2401100004",GANDHIDHAM-1,"24011001125",NAVI  SUNDARPURI KANYA PRIMARY SCHOOL,343,60,22,25,13,16,29,15
"2401100005",KANDLA THARMAL,"2401",KACHCHH,"240110",GANDHIDHAM,"2401100005",KANDLA THARMAL,"24011001029",GIDC JUPADPATTI PRI SC,277,58,14,31,13,11,34,13
"2401100006",MAHESHWARINAGAR,"2401",KACHCHH,"240110",GANDHIDHAM,"2401100006",MAHESHWARINAGAR,"24011001018",KAILASHNAGAR P.PRIMARY SHALA,293,60,15,21,24,12,34,14
"2401100007",MITHIROHAR,"2401",KACHCHH,"240110",GANDHIDHAM,"2401100007",MITHIROHAR,"24011000303",MITHI ROHAR PRIMARY SHALA,314,60,14,19,27,20,11,29
"2401100008",SARVODAY,"2401",KACHCHH,"240110",GANDHIDHAM,"2401100008",SARVODAY,"24011001014",SARVODAY SO.PA.PRI.SHALA,259,60,13,27,20,10,29,21
"2401010001",BARANDA,"2401",KACHCHH,"240101",LAKHAPAT,"2401010001",BARANDA,"24010108901",KHARAI PRIMARY SHALA,114,52,5,36,11,0,23,29
"2401010002",DAYAPAR,"2401",KACHCHH,"240101",LAKHAPAT,"2401010002",DAYAPAR,"24010104502",DAYAPAR PRI. KANYA SHALA,125,41,8,11,22,8,23,10
"2401010003",DOLATPAR,"2401",KACHCHH,"240101",LAKHAPAT,"2401010003",DOLATPAR,"24010106801",RAVARESHWAR PRIMARY SCHOOL,105,45,19,26,0,18,27,0
"2401010004",GHADULI,"2401",KACHCHH,"240101",LAKHAPAT,"2401010004",GHADULI,"24010102801",GHADULI PRIMARY SCHOOL,162,52,44,7,1,46,6,0
"2401010005",LAKHAPAT,"2401",KACHCHH,"240101",LAKHAPAT,"2401010005",LAKHAPAT,"24010100101",CHHER NANI PRIMARY SCHOOL,93,55,39,13,3,22,32,1
"2401010006",MATA NA MADH,"2401",KACHCHH,"240101",LAKHAPAT,"2401010006",MATA NA MADH,"24010109701",KOTDA PRIMARY SCHOOL,289,58,32,22,4,30,25,3
"2401010007",MEGHPAR,"2401",KACHCHH,"240101",LAKHAPAT,"2401010007",MEGHPAR,"24010104701",HARODA PRIMARY SHALA,138,59,30,27,2,27,32,0
"2401010008",NARA,"2401",KACHCHH,"240101",LAKHAPAT,"2401010008",NARA,"24010104901",NARA GROUP SHALA,86,52,32,20,0,31,21,0
"2401010009",NARAYAN SAROVAR,"2401",KACHCHH,"240101",LAKHAPAT,"2401010009",NARAYAN SAROVAR,"24010102001",KAPURASI PRIMARY SHALA,157,51,8,22,21,8,11,32
"2401010010",PANDHRO,"2401",KACHCHH,"240101",LAKHAPAT,"2401010010",PANDHRO,"24010102301",SHREE PANDARO PRIMARY SHALA,271,46,5,19,22,7,11,28
"2401010011",PIPAR,"2401",KACHCHH,"240101",LAKHAPAT,"2401010011",PIPAR,"24010108601",GUNAU PRIMARY SHALA,52,42,0,42,0,0,42,0
"2401080001",BAYATH,"2401",KACHCHH,"240108",MANDVI,"2401080001",BAYATH,"24010804604",BAYATH PRIMARY SCHOOL,131,50,12,24,14,9,29,12
"2401080002",BIDADA -2,"2401",KACHCHH,"240108",MANDVI,"2401080002",BIDADA -2,"24010807801",BIDADA PRIMARY SCHOOL,230,53,5,16,32,3,19,31
"2401080003",DARSHADI,"2401",KACHCHH,"240108",MANDVI,"2401080003",DARSHADI,"24010803201",MAMAY MORA PRIMARY SCHOOL,194,60,7,20,33,7,11,42
"2401080004",DURGAPUR,"2401",KACHCHH,"240108",MANDVI,"2401080004",DURGAPUR,"24010808301",DURGAPUR PRIMARY SCHOOL,273,53,8,11,34,4,13,36
"2401080005",GADHSHISHA,"2401",KACHCHH,"240108",MANDVI,"2401080005",GADHSHISHA,"24010801301",GADHSISA KANYA PRIMARY SCHOOL,224,47,5,16,26,5,25,17
"2401080006",GODHARA,"2401",KACHCHH,"240108",MANDVI,"2401080006",GODHARA,"24010806704",B.K.BHEDA GODHARA GROUP SHALA,241,58,18,28,12,12,28,18
"2401080007",GOKULDAS BAMBHADAI,"2401",KACHCHH,"240108",MANDVI,"2401080007",GOKULDAS BAMBHADAI,"24010810210",MASKA OCTROI PRIMARY SHALA,284,58,23,28,7,17,29,12
"2401080008",GUNDIYALI,"2401",KACHCHH,"240108",MANDVI,"2401080008",GUNDIYALI,"24010808902",GUNDIYALI PRIMARY SCHOOL,272,57,15,32,10,11,32,14
"2401080009",KHALFAN DAMANI,"2401",KACHCHH,"240108",MANDVI,"2401080009",KHALFAN DAMANI,"24010810217",(JAIN NUTAN) MANDVI SHALA-3,153,56,18,15,23,16,12,28
"2401080010",KOTDI,"2401",KACHCHH,"240108",MANDVI,"2401080010",KOTDI,"24010801801",SAMBHARAI MOTI PRIMARY SCHOOL,131,50,15,21,14,9,25,16
"2401080011",MANDVI SHALA-1,"2401",KACHCHH,"240108",MANDVI,"2401080011",MANDVI SHALA-1,"24010810212",KAMDHENU PRIMARY SCHOOL,74,48,6,24,18,10,26,12
"2401080012",MASKA,"2401",KACHCHH,"240108",MANDVI,"2401080012",MASKA,"24010810216",SALAYA PRIMARY SHALA-1,212,56,10,45,1,19,36,1
"2401080013",NAGALPAR,"2401",KACHCHH,"240108",MANDVI,"2401080013",NAGALPAR,"24010807501",RAYAN MOTI PRIMARY SCHOOL,296,57,20,27,10,17,31,9
"2401080014",NANA  ASAMBIYA,"2401",KACHCHH,"240108",MANDVI,"2401080014",NANA  ASAMBIYA,"24010806301",MOTA ASHMBIYA PRIMARY SCHOOL,179,52,23,17,12,16,18,18
"2401080015",RAMPAR,"2401",KACHCHH,"240108",MANDVI,"2401080015",RAMPAR,"24010803301",RAMPAR KUMAR PRIMARY SCHOOL,122,48,4,15,29,0,16,32
"2401080016",SHERDI,"2401",KACHCHH,"240108",MANDVI,"2401080016",SHERDI,"24010806601",DON PRIMARY SCHOOL,163,51,16,29,6,12,30,9
"2401080017",SHIRVA,"2401",KACHCHH,"240108",MANDVI,"2401080017",SHIRVA,"24010807101",KATHDA PRIMARY SHALA,123,50,9,14,27,5,15,30
"2401080018",TALVANA,"2401",KACHCHH,"240108",MANDVI,"2401080018",TALVANA,"24010809201",MADANPURA PRIMARY SHALA,156,60,25,23,12,20,28,12
"2401090010",BERAJA,"2401",KACHCHH,"240109",MUNDRA,"2401090010",BERAJA,"24010901401",RAMANIYA PRIMARY SHALA,153,51,18,20,13,10,28,13
"2401090001",BHADRESHWAR KUMAR,"2401",KACHCHH,"240109",MUNDRA,"2401090001",BHADRESHWAR KUMAR,"24010902804",VAGHERVAS PRI SHALA,159,60,12,19,29,12,17,31
"2401090002",BHUJPUR,"2401",KACHCHH,"240109",MUNDRA,"2401090002",BHUJPUR,"24010904102",BHUJPUR KANYA SHALA,169,55,7,31,17,4,28,23
"2401090003",DESHALPAR,"2401",KACHCHH,"240109",MUNDRA,"2401090003",DESHALPAR,"24010903602",DESHALPAR(K) P.P.GROUP SHALA,208,57,10,30,17,20,26,11
"2401090004",GUNDALA KUMAR,"2401",KACHCHH,"240109",MUNDRA,"2401090004",GUNDALA KUMAR,"24010904503",GUNDALA KUMAR SHALA,143,52,0,17,35,1,18,33
"2401090005",JARPARA,"2401",KACHCHH,"240109",MUNDRA,"2401090005",JARPARA,"24010903801",MOTA KANDAGARA PRIMARY SHALA,170,52,12,9,31,5,21,26
"2401090006",KAPAYA,"2401",KACHCHH,"240109",MUNDRA,"2401090006",KAPAYA,"24010905102",MOTA KAPAYA KANYA SHALA,144,50,2,15,33,0,22,28
"2401090007",KUNDRODI,"2401",KACHCHH,"240109",MUNDRA,"2401090007",KUNDRODI,"24010902301",VOVAR PRIMARY SHALA,97,52,22,25,5,15,37,0
"2401090008",MUNDRA TALUKA SHALA,"2401",KACHCHH,"240109",MUNDRA,"2401090008",MUNDRA TALUKA SHALA,"24010906108",MAHESHNAGAR(MUNDRA) PRIM.SHALA,168,50,3,12,35,2,11,37
"2401090009",PATRI KUMAR,"2401",KACHCHH,"240109",MUNDRA,"2401090009",PATRI KUMAR,"24010901101",VANKI PRIMARY SHALA,156,56,3,15,38,1,17,38
"2401090011",SADAU,"2401",KACHCHH,"240109",MUNDRA,"2401090011",SADAU,"24010904701",LUNI PRIMARY SHALA,307,60,18,27,15,12,21,27
"2401060001",BIBAR,"2401",KACHCHH,"240106",NAKHATRANA,"2401060001",BIBAR,"24010605201",BIBAR PRIMARY SHALA,181,51,9,30,12,11,28,12
"2401060002",DESHALPAR(G),"2401",KACHCHH,"240106",NAKHATRANA,"2401060002",DESHALPAR(G),"24010604001",DESHALPAR PRIMARY GROUP SHALA,156,51,13,17,21,5,21,25
"2401060003",DEVISAR,"2401",KACHCHH,"240106",NAKHATRANA,"2401060003",DEVISAR,"24010606101",DEVISAR PRIMARY SHALA,134,48,23,16,9,21,22,5
"2401060004",JATAVIRA,"2401",KACHCHH,"240106",NAKHATRANA,"2401060004",JATAVIRA,"24010601501",TAL PRIMARY SHALA,150,55,14,26,15,11,21,23
"2401060005",JIYAPAR,"2401",KACHCHH,"240106",NAKHATRANA,"2401060005",JIYAPAR,"24010611302",MANJAL PRIMARY GROUP SHALA,125,54,10,24,20,4,17,33
"2401060006",KHOMBHADI MOTI,"2401",KACHCHH,"240106",NAKHATRANA,"2401060006",KHOMBHADI MOTI,"24010604403",MAFATNAGAR RASALIYA PRI.SHALA,83,50,18,22,10,16,25,9
"2401060007",KOTDA ROHA,"2401",KACHCHH,"240106",NAKHATRANA,"2401060007",KOTDA ROHA,"24010612801",SUKHPAR (ROHA) PRIMARY SHALA,149,56,17,14,25,14,15,27
"2401060008",MATHAL,"2401",KACHCHH,"240106",NAKHATRANA,"2401060008",MATHAL,"24010604702",MATHAL KANYA PRI SHALA,144,53,7,29,17,16,17,20
"2401060009",MOTA ANGIYA,"2401",KACHCHH,"240106",NAKHATRANA,"2401060009",MOTA ANGIYA,"24010608401",ANGIYA MOTA PRIMARY SHALA,97,50,7,28,15,5,32,13
"2401060010",NAKHATRANA,"2401",KACHCHH,"240106",NAKHATRANA,"2401060010",NAKHATRANA,"24010608019",NAVANAGAR(NAKHATRANA) KANYA SHALA,132,50,21,17,12,13,29,8
"2401060011",NETRA,"2401",KACHCHH,"240106",NAKHATRANA,"2401060011",NETRA,"24010604303",MAFATANAGAR(NETRA) PRIMARY SHALA,158,51,19,30,2,13,32,6
"2401060012",NIRONA,"2401",KACHCHH,"240106",NAKHATRANA,"2401060012",NIRONA,"24010605301",NIRONA KANYA SHALA,181,54,7,24,23,3,15,36
"2401060013",RAMPAR ROHA,"2401",KACHCHH,"240106",NAKHATRANA,"2401060013",RAMPAR ROHA,"24010609501",BERU PRIMARY SHALA,100,51,8,26,17,5,26,20
"2401060014",RAVAPAR,"2401",KACHCHH,"240106",NAKHATRANA,"2401060014",RAVAPAR,"24010614701",RAVAPAR PRIMARY SHALA,248,59,17,23,19,9,32,18
"2401060015",VIRANI MOTI,"2401",KACHCHH,"240106",NAKHATRANA,"2401060015",VIRANI MOTI,"24010608101",GANESHNAGAR PRI SCHOOL,133,56,16,34,6,14,33,9
"2401060016",VITHON,"2401",KACHCHH,"240106",NAKHATRANA,"2401060016",VITHON,"24010609801",DEVPAR (YAKSH) PRIMARY CENTRE,210,52,6,12,34,5,15,32
"2401020001",AANADPAR,"2401",KACHCHH,"240102",RAPAR,"2401020001",AANADPAR,"24010200701",VRAJVANI PRIMARY SHALA,145,60,9,19,32,5,12,43
"2401020002",ADESAR,"2401",KACHCHH,"240102",RAPAR,"2401020002",ADESAR,"24010204203",ADESAR PRIMARY KANYA SHALA,265,59,9,19,31,18,21,20
"2401020003",AYODHYAPURI KUMAR,"2401",KACHCHH,"240102",RAPAR,"2401020003",AYODHYAPURI KUMAR,"24010212905",RAPAR GELIVADI PRIMARY SHALA,211,55,11,29,15,4,31,20
"2401020004",BALASAR,"2401",KACHCHH,"240102",RAPAR,"2401020004",BALASAR,"24010200302",JATAVADA KANYA PRIMARY SCHOOL,186,53,13,23,17,8,27,18
"2401020005",BELA KUMAR,"2401",KACHCHH,"240102",RAPAR,"2401020005",BELA KUMAR,"24010200601",SHIVGADH PRIMARY SHALA,126,57,27,19,11,32,15,10
"2401020006",BHIMASAR,"2401",KACHCHH,"240102",RAPAR,"2401020006",BHIMASAR,"24010204507",BHIMASAR KUMAR SHALA,275,56,0,7,49,0,7,49
"2401020007",CHITROD,"2401",KACHCHH,"240102",RAPAR,"2401020007",CHITROD,"24010208405",NUTAN CHITROD PRIMARY SHALA,139,55,9,17,29,2,11,42
"2401020008",DAVARI,"2401",KACHCHH,"240102",RAPAR,"2401020008",DAVARI,"24010202403",DESHALPAR PRIMARY SCHOOL,130,53,11,24,18,11,25,17
"2401020009",FATEHGADH,"2401",KACHCHH,"240102",RAPAR,"2401020009",FATEHGADH,"24010201503",FATEHGADH KUMAR SHALA,211,60,15,29,16,2,26,32
"2401020010",GAGODAR,"2401",KACHCHH,"240102",RAPAR,"2401020010",GAGODAR,"24010209001",KANMER PRIMARY SHALA,343,58,17,20,21,15,28,15
"2401020011",GEDI,"2401",KACHCHH,"240102",RAPAR,"2401020011",GEDI,"24010201402",GEDI PRIMARY KANYA SHALA,233,53,17,22,14,16,18,19
"2401020012",KHIRAI,"2401",KACHCHH,"240102",RAPAR,"2401020012",KHIRAI,"24010205801",BADARGADH PRIMARY SHALA,208,57,30,14,13,30,14,13
"2401020013",KIDIYANAGAR,"2401",KACHCHH,"240102",RAPAR,"2401020013",KIDIYANAGAR,"24010207802",KIDIYANAGAR PRIMARY KANYA SHAL,158,55,22,32,1,20,33,2
"2401020014",MAKHEL,"2401",KACHCHH,"240102",RAPAR,"2401020014",MAKHEL,"24010206602",TAGA PRIMARY SHALA,187,60,9,34,17,10,34,16
"2401020015",MODA,"2401",KACHCHH,"240102",RAPAR,"2401020015",MODA,"24010203901",MODA PRIMARY SHALA,201,52,26,17,9,37,15,0
"2401020016",MOTI HAMIRPAR,"2401",KACHCHH,"240102",RAPAR,"2401020016",MOTI HAMIRPAR,"24010203802",MOTI HAMIRPAR PRIM KUMAR SHALA,109,52,44,8,0,43,9,0
"2401020017",MOTI RAV,"2401",KACHCHH,"240102",RAPAR,"2401020017",MOTI RAV,"24010202404",NANDASAR PRIMARY SCHOOL,280,60,33,23,4,27,28,5
"2401020018",NAGPUR,"2401",KACHCHH,"240102",RAPAR,"2401020018",NAGPUR,"24010200105",NAGPUR PRIMARY SCHOOL,194,58,17,13,28,18,17,23
"2401020019",PALASVA,"2401",KACHCHH,"240102",RAPAR,"2401020019",PALASVA,"24010207205",PALANSVA PRIMARY KUMAR SHALA,369,54,3,38,13,5,37,12
"2401020020",PRAGPAR,"2401",KACHCHH,"240102",RAPAR,"2401020020",PRAGPAR,"24010211105",BHUTAKIYA PAN. PRIMARY SHALA,162,54,28,17,9,14,34,6
"2401020021",RAMVAV,"2401",KACHCHH,"240102",RAPAR,"2401020021",RAMVAV,"24010205307",RAMVAV PRIMARY SHALA,161,53,14,37,2,12,29,12
"2401020022",RAPAR-1,"2401",KACHCHH,"240102",RAPAR,"2401020022",RAPAR-1,"24010212907",RAPAR KANYA PRIMARY SHALA,247,60,29,29,2,31,27,2
"2401020023",SAI,"2401",KACHCHH,"240102",RAPAR,"2401020023",SAI,"24010206002",SAI(KHIRAI) PRIMARY SHALA,219,58,18,24,16,12,34,12
"2401020024",SANVA,"2401",KACHCHH,"240102",RAPAR,"2401020024",SANVA,"24010204001",NUTAN SANVA PRIMARY SHALA,173,56,7,27,22,10,35,11
"2401020025",SELARI,"2401",KACHCHH,"240102",RAPAR,"2401020025",SELARI,"24010203604",UMAIYA PRIMARY SHALA,224,55,21,29,5,11,38,6
"2401020026",SUVAI,"2401",KACHCHH,"240102",RAPAR,"2401020026",SUVAI,"24010202601",NARANPAR PRIMARY SHALA,124,58,19,37,2,19,34,5
"2401020027",THORIYARI,"2401",KACHCHH,"240102",RAPAR,"2401020027",THORIYARI,"24010209601",MANABA PRIMARY SHALA,133,60,33,21,6,14,36,10
"2401020028",TRAMBO,"2401",KACHCHH,"240102",RAPAR,"2401020028",TRAMBO,"24010213103",NAVATRAMBO PRI SC,94,56,9,17,30,7,22,27
"2401020029",VIKASHVADI,"2401",KACHCHH,"240102",RAPAR,"2401020029",VIKASHVADI,"24010212906",VIKASVADI SHALA-2,288,56,11,44,1,16,34,6
"2416110001",AMBAV,"2416",KHEDA,"241611",GALTESHWAR,"2416110001",AMBAV,"24161100202",ANGHADI KASBA,142,50,21,25,4,20,28,2
"2416110002",MENPURA,"2416",KHEDA,"241611",GALTESHWAR,"2416110002",MENPURA,"24161105501",PADAL  P.S.,249,52,13,16,23,9,20,23
"2416110003",NEPALPURA,"2416",KHEDA,"241611",GALTESHWAR,"2416110003",NEPALPURA,"24161100208",NEPALPURA,222,52,12,22,18,1,39,12
"2416110004",SEVALIYA GAM,"2416",KHEDA,"241611",GALTESHWAR,"2416110004",SEVALIYA GAM,"24161106004",SEVA. STATION P.S.,326,60,17,42,1,19,40,1
"2416110005",THERMAL POWER STATION,"2416",KHEDA,"241611",GALTESHWAR,"2416110005",THERMAL POWER STATION,"24161107102",BALEVIYA P.S.,176,50,22,20,8,21,19,10
"2416110006",VADAD,"2416",KHEDA,"241611",GALTESHWAR,"2416110006",VADAD,"24161108601",VADAD P.S.,323,57,28,29,0,19,37,1
"2416110007",VAGHAROLI,"2416",KHEDA,"241611",GALTESHWAR,"2416110007",VAGHAROLI,"24161108701",VANGHROLI  P.S.,122,52,3,45,4,9,31,12
"2416110008",VANODA,"2416",KHEDA,"241611",GALTESHWAR,"2416110008",VANODA,"24161104406",VELA NA MUVADA,89,53,32,21,0,34,19,0
"2416020001",ALVA,"2416",KHEDA,"241602",KAPADVANJ,"2416020001",ALVA,"24160203601",KALAJI P.S.,165,51,6,16,29,5,18,28
"2416020002",AMBALIYARA,"2416",KHEDA,"241602",KAPADVANJ,"2416020002",AMBALIYARA,"24160200501",AMBALIYARA P.S.,124,50,0,15,35,0,15,35
"2416020003",ANTISAR,"2416",KHEDA,"241602",KAPADVANJ,"2416020003",ANTISAR,"24160200601",ANTISAR P.S.,137,54,11,34,9,4,36,14
"2416020004",ANTROLI,"2416",KHEDA,"241602",KAPADVANJ,"2416020004",ANTROLI,"24160200701",ANTROLI P.S.,253,50,13,24,13,13,27,10
"2416020005",ATARSUMBA,"2416",KHEDA,"241602",KAPADVANJ,"2416020005",ATARSUMBA,"24160204403",DHOLAKUVA P.S.,133,51,32,17,2,31,18,2
"2416020007",BETAVADA,"2416",KHEDA,"241602",KAPADVANJ,"2416020007",BETAVADA,"24160200901",BETAVADA P.S.,206,55,23,30,2,27,26,2
"2416020008",BHUNGLIYA,"2416",KHEDA,"241602",KAPADVANJ,"2416020008",BHUNGLIYA,"24160201204",KUMBHARIYA TIMBA P.S.,103,57,6,17,34,6,21,30
"2416020009",BHUTIYA,"2416",KHEDA,"241602",KAPADVANJ,"2416020009",BHUTIYA,"24160201309",VIRNIYA P.S.,92,41,3,18,20,2,20,19
"2416020010",CHAPTIYA,"2416",KHEDA,"241602",KAPADVANJ,"2416020010",CHAPTIYA,"24160208701",CHAPTIYA P.S.,160,55,6,33,16,9,30,16
"2416020011",CHIKHLOD,"2416",KHEDA,"241602",KAPADVANJ,"2416020011",CHIKHLOD,"24160206701",MOTA RAMPURA P.S.,99,48,10,19,19,6,22,20
"2416130011",CHIKHLOD,"2416",KHEDA,"241602",KAPADVANJ,"2416020011",CHIKHLOD,"24160208907",VADOL P.S.,183,52,14,21,17,13,23,16
"2416020012",DANTALI,"2416",KHEDA,"241602",KAPADVANJ,"2416020012",DANTALI,"24160208803",VADALI P.S.,100,53,10,16,27,10,16,27
"2416020013",DASALVADA,"2416",KHEDA,"241602",KAPADVANJ,"2416020013",DASALVADA,"24160208503",TORNA KUMAR SHALA,173,54,11,15,28,10,16,28
"2416020014",GAROD,"2416",KHEDA,"241602",KAPADVANJ,"2416020014",GAROD,"24160202803",GAROD  P.S.,123,50,4,21,25,2,21,27
"2416020015",GHADIYA,"2416",KHEDA,"241602",KAPADVANJ,"2416020015",GHADIYA,"24160209103",VAGHAS  P.S.,130,50,17,16,17,10,15,25
"2416020016",JALOYA,"2416",KHEDA,"241602",KAPADVANJ,"2416020016",JALOYA,"24160201001",BHAILA KUI P.S.,95,51,15,25,11,13,27,11
"2416020020",KAPADVANJ KANYA,"2416",KHEDA,"241602",KAPADVANJ,"2416020020",KAPADVANJ KANYA,"24160210102",BRANCH SHALA NO. 5,282,56,19,23,14,16,19,21
"2416130017",MAL ITADI,"2416",KHEDA,"241602",KAPADVANJ,"2416020017",MAL ITADI,"24160205205",MAL ITADI P.S.,137,54,5,17,32,5,21,28
"2416020018",MOTI ZER,"2416",KHEDA,"241602",KAPADVANJ,"2416020018",MOTI ZER,"24160205602",MOTIZER P.S.,177,55,20,14,21,21,15,19
"2416020019",NIRMALI,"2416",KHEDA,"241602",KAPADVANJ,"2416020019",NIRMALI,"24160204701",LALMANDVA P.S.,166,51,19,25,7,15,17,19
"2416020021",SORNA,"2416",KHEDA,"241602",KAPADVANJ,"2416020021",SORNA,"24160207001",SALOD P.S.,145,58,10,22,26,6,18,34
"2416020022",SUNDA,"2416",KHEDA,"241602",KAPADVANJ,"2416020022",SUNDA,"24160205004",VANZARIYA P.S.,121,38,6,14,18,5,10,23
"2416020023",TAIYABPURA,"2416",KHEDA,"241602",KAPADVANJ,"2416020023",TAIYABPURA,"24160204601",LADUJI NA MUVADA,121,50,11,22,17,7,20,23
"2416020024",VAGHJIPUR,"2416",KHEDA,"241602",KAPADVANJ,"2416020024",VAGHJIPUR,"24160209301",VAGHJIPUR P.S.,134,52,7,15,30,8,12,32
"2416030001",ANARA,"2416",KHEDA,"241603",KATHLAL,"2416030001",ANARA,"24160300105",ANARA P.C.,243,0,0,0,0,0,0,0
"2416030002",BHANER,"2416",KHEDA,"241603",KATHLAL,"2416030002",BHANER,"24160301003",BHANER P.S.,221,59,8,31,20,8,20,31
"2416030003",BHATERA,"2416",KHEDA,"241603",KATHLAL,"2416030003",BHATERA,"24160300902",BHATERA P.C.,185,51,31,15,5,21,25,5
"2416030004",CHARED,"2416",KHEDA,"241603",KATHLAL,"2416030004",CHARED,"24160301101",CHARED P.C.,245,54,5,16,33,2,27,25
"2416030005",CHHIPIYAL,"2416",KHEDA,"241603",KATHLAL,"2416030005",CHHIPIYAL,"24160301405",VADI NI MUVADI,234,52,15,15,22,11,16,25
"2416130007",FAGVEL,"2416",KHEDA,"241603",KATHLAL,"2416030006",FAGVEL,"24160301704",FAGVEL P.C.,193,54,29,19,6,25,18,11
"2416030007",GOGJIPURA,"2416",KHEDA,"241603",KATHLAL,"2416030007",GOGJIPURA,"24160301312",NAVA GOGJIPURA P.S.,245,50,4,14,32,4,16,30
"2416030008",KALESAR,"2416",KHEDA,"241603",KATHLAL,"2416030008",KALESAR,"24160303003",KANIYEL P.S.,246,55,35,20,0,29,26,0
"2416030009",KATHLAL KANYA,"2416",KHEDA,"241603",KATHLAL,"2416030009",KATHLAL KANYA,"24160302704",KATHLAL KANYA SHALA,182,57,17,30,10,18,33,6
"2416030010",KATHLAL KUMAR,"2416",KHEDA,"241603",KATHLAL,"2416030010",KATHLAL KUMAR,"24160302703",KATHLAL KUMAR SHALA,124,56,35,15,6,28,25,3
"2416030011",KHADAL,"2416",KHEDA,"241603",KATHLAL,"2416030011",KHADAL,"24160303202",KHADAL P.S.,140,51,15,24,12,16,20,15
"2416130012",LADVEL,"2416",KHEDA,"241603",KATHLAL,"2416030012",LADVEL,"24160303601",LADVEL P.C.,219,57,10,26,21,7,34,16
"2416030013",MOTI MUDEL,"2416",KHEDA,"241603",KATHLAL,"2416030013",MOTI MUDEL,"24160304203",MUDEL RATANPUR P.S.,172,52,19,21,12,10,28,14
"2416030014",PITHAI,"2416",KHEDA,"241603",KATHLAL,"2416030014",PITHAI,"24160304806",PITHAI P.C.,182,55,7,30,18,6,30,19
"2416030015",RAVDAVAT,"2416",KHEDA,"241603",KATHLAL,"2416030015",RAVDAVAT,"24160300404",APRUJI P.S.,221,59,9,23,27,10,24,25
"2416030016",SARKHEJ,"2416",KHEDA,"241603",KATHLAL,"2416030016",SARKHEJ,"24160305202",SARKHEJ P.C.,174,51,10,21,20,10,21,20
"2416040001",GOBLEJ,"2416",KHEDA,"241604",KHEDA,"2416040001",GOBLEJ,"24160401001",GOBLEJ P.S.,171,54,10,21,23,8,27,19
"2416040002",KHEDA,"2416",KHEDA,"241604",KHEDA,"2416040002",KHEDA,"24160404502",MUKHYA KUMAR SHALA KHEDA,214,60,10,24,26,7,23,30
"2416040003",KHEDA CAMP,"2416",KHEDA,"241604",KHEDA,"2416040003",KHEDA CAMP,"24160402401",PARASANTAJ P.S.,361,60,12,33,15,12,41,7
"2416040004",LALI,"2416",KHEDA,"241604",KHEDA,"2416040004",LALI,"24160400201",BIDAJ P.S.,182,49,15,20,14,8,25,16
"2416040005",NAVAGAM,"2416",KHEDA,"241604",KHEDA,"2416040005",NAVAGAM,"24160401601",KATHAVADA P.S.,175,54,5,22,27,5,24,25
"2416040006",RADHU,"2416",KHEDA,"241604",KHEDA,"2416040006",RADHU,"24160402602",KANYA SHALA RADHU,269,55,8,28,19,2,45,8
"2416040007",SANKHEJ,"2416",KHEDA,"241604",KHEDA,"2416040007",SANKHEJ,"24160402901",SANKHEJ P.S.,287,51,9,31,11,3,30,18
"2416040008",VASNA BUZARG,"2416",KHEDA,"241604",KHEDA,"2416040008",VASNA BUZARG,"24160400401",CHANDANA P.S.,226,54,19,29,6,13,26,15
"2416050001",AKALACHA,"2416",KHEDA,"241605",MAHEMDAVAD,"2416050001",AKALACHA,"24160504904",SARASAVANI P.S.,260,52,28,21,3,25,26,1
"2416050002",AMASARAN,"2416",KHEDA,"241605",MAHEMDAVAD,"2416050002",AMASARAN,"24160504302",RASKA P.S.,250,44,21,17,6,14,29,1
"2416050003",CHHAPARA,"2416",KHEDA,"241605",MAHEMDAVAD,"2416050003",CHHAPARA,"24160500801",CHHAPARA P.S.,241,53,0,10,43,1,14,38
"2416050004",DEVAKI VANSOL,"2416",KHEDA,"241605",MAHEMDAVAD,"2416050004",DEVAKI VANSOL,"24160501001",DEVAKI VANSOL P.S.,244,60,20,18,22,18,21,21
"2416050005",GHODASAR,"2416",KHEDA,"241605",MAHEMDAVAD,"2416050005",GHODASAR,"24160502503",ZABANI MUVADI,176,52,10,19,23,9,30,13
"2416050006",HALDHARVAS,"2416",KHEDA,"241605",MAHEMDAVAD,"2416050006",HALDHARVAS,"24160501601",HATHNOLI P.S.,229,51,4,25,22,4,25,22
"2416050007",JARAVAT,"2416",KHEDA,"241605",MAHEMDAVAD,"2416050007",JARAVAT,"24160500501",JARAVAT P.S.,307,51,14,19,18,12,21,18
"2416050008",KACHCHHAI,"2416",KHEDA,"241605",MAHEMDAVAD,"2416050008",KACHCHHAI,"24160502801",KACHCHAI P.S.,367,56,11,18,27,9,18,29
"2416050009",MANKAVA,"2416",KHEDA,"241605",MAHEMDAVAD,"2416050009",MANKAVA,"24160502603",KHATRAJ P.S.,246,53,9,16,28,7,17,29
"2416050010",MODAJ,"2416",KHEDA,"241605",MAHEMDAVAD,"2416050010",MODAJ,"24160503301",AMRAPURA P.S.,207,54,21,23,10,23,22,9
"2416050011",MU. KUMAR MAHEMDAVAD,"2416",KHEDA,"241605",MAHEMDAVAD,"2416050011",MU. KUMAR MAHEMDAVAD,"24160506603",KANYA SHALA MAHEMDAVAD,369,60,13,33,14,11,35,14
"2416050012",NENPUR,"2416",KHEDA,"241605",MAHEMDAVAD,"2416050012",NENPUR,"24160505101",SOJALI P.S.,284,52,15,20,17,8,25,19
"2416050013",RUDAN,"2416",KHEDA,"241605",MAHEMDAVAD,"2416050013",RUDAN,"24160502401",KAROLI P.S.,235,58,22,30,6,15,35,8
"2416050014",SINHUJ,"2416",KHEDA,"241605",MAHEMDAVAD,"2416050014",SINHUJ,"24160505901",VANSOL -SUNDHA P.S.,245,53,4,24,25,4,31,18
"2416050015",VANTHAVALI,"2416",KHEDA,"241605",MAHEMDAVAD,"2416050015",VANTHAVALI,"24160502701",KESRA P.S.,243,56,15,28,13,7,29,20
"2416060001",ALINA,"2416",KHEDA,"241606",MAHUDHA,"2416060001",ALINA,"24160601201",HERANJ P.S.,322,54,6,10,38,8,12,34
"2416060002",MAHISA,"2416",KHEDA,"241606",MAHUDHA,"2416060002",MAHISA,"24160602101",MAHISA P.S.,246,53,6,20,27,3,32,18
"2416060003",MAHUDHA KUMAR,"2416",KHEDA,"241606",MAHUDHA,"2416060003",MAHUDHA KUMAR,"24160604202",KANYA  SHALA,281,60,16,26,18,13,29,18
"2416060004",NANDGAM,"2416",KHEDA,"241606",MAHUDHA,"2416060004",NANDGAM,"24160602801",NANDGAM  P.S.,232,52,20,24,8,9,21,22
"2416060005",NANI KHADOL,"2416",KHEDA,"241606",MAHUDHA,"2416060005",NANI KHADOL,"24160602901",NANI KHADOL P.S.,233,50,11,11,28,5,27,18
"2416060006",SASTAPUR,"2416",KHEDA,"241606",MAHUDHA,"2416060006",SASTAPUR,"24160603301",SANALI P.S.,157,54,8,17,29,8,29,17
"2416060007",SINGHALI,"2416",KHEDA,"241606",MAHUDHA,"2416060007",SINGHALI,"24160601801",KHUNTAJ  P.S.,323,59,31,17,11,23,24,12
"2416060008",VADTHAL,"2416",KHEDA,"241606",MAHUDHA,"2416060008",VADTHAL,"24160604001",VADTHAL P.S.,243,55,8,28,19,8,27,20
"2416070001",LIMBASI,"2416",KHEDA,"241607",MATAR,"2416070001",LIMBASI,"24160702103",KANYA SHALA LIMBASI,209,51,13,13,25,8,12,31
"2416070002",MACHHIEL,"2416",KHEDA,"241607",MATAR,"2416070002",MACHHIEL,"24160702501",MACHHIEL P.S.,255,49,20,24,5,29,20,0
"2416070003",MALAVADA,"2416",KHEDA,"241607",MATAR,"2416070003",MALAVADA,"24160705401",MALAVADA P.S.,207,51,21,18,12,16,24,11
"2416070004",MATAR,"2416",KHEDA,"241607",MATAR,"2416070004",MATAR,"24160702302",KANYA SHALA MATAR,170,54,13,29,12,13,25,16
"2416070005",PALLA,"2416",KHEDA,"241607",MATAR,"2416070005",PALLA,"24160700401",ASAMALI P.S.,158,53,8,23,22,7,24,22
"2416070006",PARIEJ,"2416",KHEDA,"241607",MATAR,"2416070006",PARIEJ,"24160700602",BAMANGAM P.S.,209,51,27,18,6,16,29,6
"2416070007",RATANPUR,"2416",KHEDA,"241607",MATAR,"2416070007",RATANPUR,"24160703503",KANYA SHALA RATANPUR,260,52,17,22,13,11,22,19
"2416070008",SANDHANA,"2416",KHEDA,"241607",MATAR,"2416070008",SANDHANA,"24160704701",UNDHELA  P.S.,201,41,12,13,16,7,20,14
"2416070009",TRAJ,"2416",KHEDA,"241607",MATAR,"2416070009",TRAJ,"24160702402",KANYA SHALA MAHELAJ,242,53,8,22,23,5,22,26
"2416080001",AKHDOL,"2416",KHEDA,"241608",NADIAD,"2416080001",AKHDOL,"24160805302",VALETVA P.S.,219,50,13,18,19,14,21,15
"2416080002",ALINDRA,"2416",KHEDA,"241608",NADIAD,"2416080002",ALINDRA,"24160803003",MONGHROLI  P.S.,276,50,9,32,9,5,28,17
"2416080003",CENTER NO 1,"2416",KHEDA,"241608",NADIAD,"2416080003",CENTER NO 1,"24160807804",NAGAR PRI. SCHOOL NO.5,205,60,20,28,12,10,29,21
"2416080004",CENTER NO 2,"2416",KHEDA,"241608",NADIAD,"2416080004",CENTER NO 2,"24160808203",NAGAR PRI. SCHOOL NO.19,268,52,12,29,11,8,27,17
"2416080005",CENTER NO 3,"2416",KHEDA,"241608",NADIAD,"2416080005",CENTER NO 3,"24160807901",NAGAR PRI. SCHOOL NO.7,175,59,30,25,4,20,35,4
"2416080006",CENTER NO 4,"2416",KHEDA,"241608",NADIAD,"2416080006",CENTER NO 4,"24160807404",NAGAR PRI. SCHOOL NO.23,162,0,0,0,0,0,0,0
"2416080007",CHAKLASI,"2416",KHEDA,"241608",NADIAD,"2416080007",CHAKLASI,"24160806101",CHAKLASI BRANCH SHALA,243,56,12,15,29,9,13,34
"2416080008",DABHAN,"2416",KHEDA,"241608",NADIAD,"2416080008",DABHAN,"24160801405",DAVDA  P.S.,192,55,9,36,10,6,32,17
"2416080009",HATHAJ,"2416",KHEDA,"241608",NADIAD,"2416080009",HATHAJ,"24160802002",HATHAJ P.S.,252,53,10,21,22,7,25,21
"2416080010",JUNA BILODARA,"2416",KHEDA,"241608",NADIAD,"2416080010",JUNA BILODARA,"24160803102",MARIDA P.S.,231,52,4,18,30,4,15,33
"2416080011",KAMLA,"2416",KHEDA,"241608",NADIAD,"2416080011",KAMLA,"24160802602",KAMLA P.S.,244,60,17,22,21,17,26,17
"2416080012",KANJRI,"2416",KHEDA,"241608",NADIAD,"2416080012",KANJRI,"24160801801",GUTAL P.S.,255,59,16,21,22,10,31,18
"2416080013",MAHOLEL,"2416",KHEDA,"241608",NADIAD,"2416080013",MAHOLEL,"24160803303",NANAVAGA  P.S.,134,50,6,22,22,6,22,22
"2416080014",PIPLATA,"2416",KHEDA,"241608",NADIAD,"2416080014",PIPLATA,"24160803705",PIPLATA P.S.,244,52,14,22,16,14,20,18
"2416080015",RAGHUPURA,"2416",KHEDA,"241608",NADIAD,"2416080015",RAGHUPURA,"24160806803",RAGHUPURA  P.S.,165,50,8,29,13,11,25,14
"2416080016",SALUN,"2416",KHEDA,"241608",NADIAD,"2416080016",SALUN,"24160804705",SHANKARPURA P.S.,109,51,8,36,7,5,36,10
"2416080017",SODPUR,"2416",KHEDA,"241608",NADIAD,"2416080017",SODPUR,"24160804604",SODPUR P.S.,124,53,23,14,16,24,18,11
"2416080018",SURASHAMAL,"2416",KHEDA,"241608",NADIAD,"2416080018",SURASHAMAL,"24160802402",KANJODA P.S.,183,42,13,13,16,7,14,21
"2416080019",UTTARSANDA,"2416",KHEDA,"241608",NADIAD,"2416080019",UTTARSANDA,"24160801702",FATEPURA P.S.,141,51,28,8,15,20,21,10
"2416080020",VADTAL,"2416",KHEDA,"241608",NADIAD,"2416080020",VADTAL,"24160805408",KANYA SHALA VADTAL,159,0,0,0,0,0,0,0
"2416090001",AGRAVA,"2416",KHEDA,"241609",THASARA,"2416090001",AGRAVA,"24160900301",AGRVA P.S.,241,53,18,22,13,15,22,16
"2416090002",BRANCH MISHRA 2 DAKOR,"2416",KHEDA,"241609",THASARA,"2416090002",BRANCH MISHRA 2 DAKOR,"24160909701",BRANCH MISHRA GAUSHALA-1,95,50,29,18,3,30,16,4
"2416090003",CHETARSUMBA,"2416",KHEDA,"241609",THASARA,"2416090003",CHETARSUMBA,"24160901801",CHETARSUMBA P.S.,156,53,20,24,9,8,27,18
"2416090004",DAKOR MU. KUMAR,"2416",KHEDA,"241609",THASARA,"2416090004",DAKOR MU. KUMAR,"24160909201",VINZOL P.S.,129,54,6,17,31,6,20,28
"2416090005",DHUNADARA,"2416",KHEDA,"241609",THASARA,"2416090005",DHUNADARA,"24160903805",KALSAR KANYA SHALA,201,53,24,22,7,13,33,7
"2416090006",GUMADIYA,"2416",KHEDA,"241609",THASARA,"2416090006",GUMADIYA,"24160901101",BADHARPURA P.S.,151,55,17,24,14,11,29,15
"2416090007",MITHAPURA,"2416",KHEDA,"241609",THASARA,"2416090007",MITHAPURA,"24160902702",KANTHRAI P.S.,138,54,10,24,20,5,26,23
"2416090008",NANADARA,"2416",KHEDA,"241609",THASARA,"2416090008",NANADARA,"24160905201",NANADARA  P.S.,136,51,16,31,4,23,24,4
"241613241",NANADARA,"2416",KHEDA,"241609",THASARA,"2416090008",NANADARA,"24160903501",KHADGODHARA P.S.,125,52,24,24,4,23,26,3
"2416090009",NESH,"2416",KHEDA,"241609",THASARA,"2416090009",NESH,"24160901501",BHADRASA P.S.,206,54,16,23,15,13,20,21
"2416090010",PIPALVADA,"2416",KHEDA,"241609",THASARA,"2416090010",PIPALVADA,"24160905601",PIPALVADA P.S.,199,55,16,31,8,14,29,12
"2416090011",RASULPUR THASARA,"2416",KHEDA,"241609",THASARA,"2416090011",RASULPUR THASARA,"24160904501",MULIYAD P.S.,179,49,27,17,5,22,25,2
"2416090012",SANDHELI,"2416",KHEDA,"241609",THASARA,"2416090012",SANDHELI,"24160907501",SANDHELI  P.S.,187,54,13,27,14,10,27,17
"2416090013",SUI,"2416",KHEDA,"241609",THASARA,"2416090013",SUI,"24160903601",KHIJALPUR (TALPAD) P.S.,243,49,12,20,17,8,16,25
"2416090014",THASARA TALUKA SHALA,"2416",KHEDA,"241609",THASARA,"2416090014",THASARA TALUKA SHALA,"24160908204",BHATHIJI VARG P.S.,160,52,28,23,1,31,21,0
"2416090015",VANOTI,"2416",KHEDA,"241609",THASARA,"2416090015",VANOTI,"24160903001",JAKHED P.S.,166,50,15,25,10,17,20,13
"2416120001",ALINDRA,"2416",KHEDA,"241612",VASO,"2416120001",ALINDRA,"24161202601",MALIYATAJ P.S.,235,52,7,20,25,5,18,29
"2416120002",BAMROLI,"2416",KHEDA,"241612",VASO,"2416120002",BAMROLI,"24161200701",BAMROLI  P.S.,269,53,7,34,12,10,38,5
"2416120003",MITRAL,"2416",KHEDA,"241612",VASO,"2416120003",MITRAL,"24161202901",KALOLI P.S.,186,52,7,13,32,7,16,29
"2416120004",RAMOL,"2416",KHEDA,"241612",VASO,"2416120004",RAMOL,"24161206101",PETLI PRIMARY SCHOOL,241,52,19,24,9,18,23,11
"2416120005",VASO,"2416",KHEDA,"241612",VASO,"2416120005",VASO,"24161206001",DEVA KUMAR SHALA,187,52,11,24,17,7,19,26
"2404010001",AASJOL,"2404",MAHESANA,"240401",BECHARAJI,"2404010001",AASJOL,"24040104801",RUPPURA PRIMARY SCHOOL,242,51,11,14,26,8,17,26
"2404010002",BECHAR,"2404",MAHESANA,"240401",BECHARAJI,"2404010002",BECHAR,"24040100801",BECHAR PRIMARY SCHOOL,361,60,5,26,29,11,23,26
"2404010003",BECHARAJI KUMAR,"2404",MAHESANA,"240401",BECHARAJI,"2404010003",BECHARAJI KUMAR,"24040105101",PM SHRI SANKHALPUR PRIMARY SCHOOL,402,60,2,37,21,2,19,39
"2404010004",GANESHPURA KALARI,"2404",MAHESANA,"240401",BECHARAJI,"2404010004",GANESHPURA KALARI,"24040102201",DHARPURA (KHANT) PRIMARY SCH,180,56,26,19,11,24,26,6
"2404010005",MODHERA,"2404",MAHESANA,"240401",BECHARAJI,"2404010005",MODHERA,"24040103903",AMARPURA (M) PRIMARY SCHOOL,162,53,4,18,31,2,17,34
"2404010006",RANELA,"2404",MAHESANA,"240401",BECHARAJI,"2404010006",RANELA,"24040102901",JETPUR PRIMARY SCHOOL,143,54,5,14,35,5,13,36
"2404010007",SAMPAVADA,"2404",MAHESANA,"240401",BECHARAJI,"2404010007",SAMPAVADA,"24040105001",SAMPAVADA PRIMARY SCHOOL,224,59,16,19,24,10,23,26
"2404110001",JOTANA KUMAR,"2404",MAHESANA,"240411",JOTANA,"2404110001",JOTANA KUMAR,"24041107801",MANKANAJ PRIMARY SCHOOL,246,53,9,25,19,9,24,20
"2404110002",JOTANA MIX,"2404",MAHESANA,"240411",JOTANA,"2404110002",JOTANA MIX,"24041109301",MEMADPUR PRIMARY SCHOOL,188,53,14,30,9,12,26,15
"2404110003",KATOSAN,"2404",MAHESANA,"240411",JOTANA,"2404110003",KATOSAN,"24041106501",KATOSAN PAY CENTER SCHOOL,252,54,11,24,19,8,21,25
"2404110004",MUDARDA,"2404",MAHESANA,"240411",JOTANA,"2404110004",MUDARDA,"24041109901",MUDARADA PRIMARY SCHOOL,294,59,7,24,28,9,23,27
"2404110005",SURAJ,"2404",MAHESANA,"240411",JOTANA,"2404110005",SURAJ,"24041112004",RAMSHANKARPURA (SU) PRI SCH,197,56,16,16,24,10,20,26
"2404020001",DANGARWA,"2404",MAHESANA,"240402",KADI,"2404020001",DANGARWA,"24040202802",DANGARVA PRI KANYA SCHOOL,283,57,11,22,24,10,20,27
"2404020002",DARAN,"2404",MAHESANA,"240402",KADI,"2404020002",DARAN,"24040207801",KHAVAD PRIMARY SCHOOL,132,50,13,16,21,14,15,21
"2404020003",KADI KANYA SHALA - 4,"2404",MAHESANA,"240402",KADI,"2404020003",KADI KANYA SHALA - 4,"24040206401",ADARSH GANDHI SMARAK KANYA SCH,217,57,19,19,19,15,25,17
"2404020004",KADI KUMAR SHALA - 2,"2404",MAHESANA,"240402",KADI,"2404020004",KADI KUMAR SHALA - 2,"24040205801",PM SHRI KADI PAY CENTER SCHOOL - 2,366,60,15,27,18,11,31,18
"2404020005",KADI KUMAR SHALA - 3,"2404",MAHESANA,"240402",KADI,"2404020005",KADI KUMAR SHALA - 3,"24040206601",RAJIVNAGAR PRIMARY SCHOOL,247,60,10,22,28,7,28,25
"2404020006",KALYANPURA,"2404",MAHESANA,"240402",KADI,"2404020006",KALYANPURA,"24040213501",VARKHADIYA PRIMARY SCHOOL,179,50,5,28,17,4,25,21
"2404020007",KARANNAGAR,"2404",MAHESANA,"240402",KADI,"2404020007",KARANNAGAR,"24040204901",PM SHRI INDRAD PRIMARY SCHOOL GOG,585,60,2,18,40,2,16,42
"2404020008",KUNDAL,"2404",MAHESANA,"240402",KADI,"2404020008",KUNDAL,"24040207501",PM SHRI  KUNDAL PRIMARY SCHOOL,526,60,9,26,25,6,25,29
"2404020009",MEDA ADARAJ,"2404",MAHESANA,"240402",KADI,"2404020009",MEDA ADARAJ,"24040209001",MEDA ADARAJ PAY CENTER SCH,292,0,0,0,0,0,0,0
"2404020010",MEDHA,"2404",MAHESANA,"240402",KADI,"2404020010",MEDHA,"24040200401",AGOL PRIMARY SCHOOL,465,60,8,26,26,8,26,26
"2404020011",NAVAPURA (NA),"2404",MAHESANA,"240402",KADI,"2404020011",NAVAPURA (NA),"24040209701",NANDASAN PRIMARY KUMAR SCH,243,60,15,23,22,9,25,26
"2404020012",RAJPUR,"2404",MAHESANA,"240402",KADI,"2404020012",RAJPUR,"24040210804",RAJPUR PRIMARY SCHOOL,721,60,3,28,29,1,24,35
"2404020013",THOL,"2404",MAHESANA,"240402",KADI,"2404020013",THOL,"24040212501",THOL PAY CENTER SCHOOL,393,60,9,22,29,8,24,28
"2404020014",VISATPURA,"2404",MAHESANA,"240402",KADI,"2404020014",VISATPURA,"24040202601",CHAROL PRIMARY SCHOOL,131,0,0,0,0,0,0,0
"2404030001",CHADA,"2404",MAHESANA,"240403",KHERALU,"2404030001",CHADA,"24040301901",PM SHRI GORISANA PRIMARY SCHOOL GOG,155,56,8,14,34,3,19,34
"2404030002",CHOTIYA,"2404",MAHESANA,"240403",KHERALU,"2404030002",CHOTIYA,"24040303001",LALAVADA PRIMARY SCHOOL,185,55,20,11,24,19,16,20
"2404030003",DABHAD,"2404",MAHESANA,"240403",KHERALU,"2404030003",DABHAD,"24040301001",DABHAD PRIMARY SCHOOL,252,57,18,22,17,13,28,16
"2404030005",KHERALU KANYA-1,"2404",MAHESANA,"240403",KHERALU,"2404030005",KHERALU KANYA-1,"24040302301",KHERALU PRI KANYA SCHOOL - 1,216,54,24,27,3,16,33,5
"2404030006",KHERALU KANYA 2,"2404",MAHESANA,"240403",KHERALU,"2404030006",KHERALU KANYA 2,"24040300501",PM SHRI BALAD PRIMARY SCHOOL GOG,186,59,4,11,44,5,10,44
"2404030004",KHERALU KUMAR 1,"2404",MAHESANA,"240403",KHERALU,"2404030004",KHERALU KUMAR 1,"24040302201",KHERALU TALUKA SHALA,245,55,9,11,35,9,12,34
"2404030007",MANDALI ,"2404",MAHESANA,"240403",KHERALU,"2404030007",MANDALI ,"24040303201",LUNAVA PRI SCHOOL-1,222,56,7,27,22,1,28,27
"2404030008",NANI HIRAVANI ,"2404",MAHESANA,"240403",KHERALU,"2404030008",NANI HIRAVANI ,"24040306301",PM SHRI  SHREEMATI KAMALABEN BABULAL SHAH ANUPAM PRIMARY SCHOOL,264,59,0,3,56,0,3,56
"2404030009",VARETHA,"2404",MAHESANA,"240403",KHERALU,"2404030009",VARETHA,"24040301101",DABHODA ANUPAM PRI SCHOOL,385,7,1,2,4,3,3,1
"2404040001",AMBALIYASAN ST.,"2404",MAHESANA,"240404",MEHSANA,"2404040001",AMBALIYASAN ST.,"24040401801",CHALUVA PRIMARY SCHOOL,255,50,4,17,29,4,14,32
"2404040002",BHASARIYA,"2404",MAHESANA,"240404",MEHSANA,"2404040002",BHASARIYA,"24040407701",MANDALI PRIMARY SCHOOL,263,55,7,28,20,7,27,21
"2404040003",BORIYAVI,"2404",MAHESANA,"240404",MEHSANA,"2404040003",BORIYAVI,"24040413401",VADOSAN PRIMARY SCHOOL,248,60,16,19,25,16,20,24
"2404040004",GOZARIA,"2404",MAHESANA,"240404",MEHSANA,"2404040004",GOZARIA,"24040401901",CHARADU PRIMARY SCHOOL,332,60,19,26,15,16,29,15
"2404040005",JAGUDAN,"2404",MAHESANA,"240404",MEHSANA,"2404040005",JAGUDAN,"24040412501",SOBHASAN PRIMARY SCHOOL,167,52,11,18,23,11,25,16
"2404040006",KHERVA,"2404",MAHESANA,"240404",MEHSANA,"2404040006",KHERVA,"24040406902",KHERVA PRIMARY KUMAR SCHOOL,245,60,11,25,24,5,28,27
"2404040007",LAKHAVAD,"2404",MAHESANA,"240404",MEHSANA,"2404040007",LAKHAVAD,"24040408502",MEHSANA PRI KUMAR SCHOOL -1,447,60,17,27,16,10,25,25
"2404040008",LANGHNAJ,"2404",MAHESANA,"240404",MEHSANA,"2404040008",LANGHNAJ,"24040411901",SALDI PRIMARY  SCHOOL,209,51,9,18,24,8,19,24
"2404040009",MEHSANA-1,"2404",MAHESANA,"240404",MEHSANA,"2404040009",MEHSANA-1,"24040408501",MEHSANA PRI KANYA SCHOOL - 1,529,60,10,24,26,8,23,29
"2404040010",MEHSANA-3,"2404",MAHESANA,"240404",MEHSANA,"2404040010",MEHSANA-3,"24040409001",PM SHRI MEHSANA PRIMARY SCHOOL-3 GOG,539,60,11,25,24,16,23,21
"2404040011",MEHSANA-4,"2404",MAHESANA,"240404",MEHSANA,"2404040011",MEHSANA-4,"24040408801",PM SHRI MEHSANA PRIMARY SCHOOL - 7,605,59,7,25,27,2,35,22
"2404040012",MEHSANA-5,"2404",MAHESANA,"240404",MEHSANA,"2404040012",MEHSANA-5,"24040410207",NAGALPUR PRI KANYA SCHOOL,286,59,7,21,31,5,18,36
"2404040013",MEU,"2404",MAHESANA,"240404",MEHSANA,"2404040013",MEU,"24040409401",MEU PRIMARY SCHOOL,314,50,13,25,12,11,29,10
"2404040014",MITHA,"2404",MAHESANA,"240404",MEHSANA,"2404040014",MITHA,"24040406701",LAXMIPURA(KHARA) PRI SCHOOL,197,54,14,21,19,16,18,20
"2404040015",MOTIDAU,"2404",MAHESANA,"240404",MEHSANA,"2404040015",MOTIDAU,"24040410301",NANI DAU PRIMARY SCHOOL,196,52,16,23,13,12,24,16
"2404040016",PANCHOT,"2404",MAHESANA,"240404",MEHSANA,"2404040016",PANCHOT,"24040404301",GORAD PRIMARY SCHOOL,168,52,8,39,5,7,27,18
"2404040017",SAMETRA,"2404",MAHESANA,"240404",MEHSANA,"2404040017",SAMETRA,"24040410701",PM SHRI PALAVASANA ANUPAM PRI SCHOOL GOG,292,60,3,5,52,4,23,33
"2404050002",BHALUSANA,"2404",MAHESANA,"240405",SATLASANA,"2404050002",BHALUSANA,"24040500401",BHALUSANA PAY CENTER SCHOOL,243,53,14,17,22,8,22,23
"2404050003",DHARAVANIYA,"2404",MAHESANA,"240405",SATLASANA,"2404050003",DHARAVANIYA,"24040502901",KANEDIYA PRIMARY SCHOOL,179,55,11,22,22,14,20,21
"2404050004",DHAROI,"2404",MAHESANA,"240405",SATLASANA,"2404050004",DHAROI,"24040507501",PM SHRI  VAV ANUPAM PRIMARY SCHOOL,364,60,5,21,34,7,23,30
"2404050005",RANPUR,"2404",MAHESANA,"240405",SATLASANA,"2404050005",RANPUR,"24040506901",UMARI PRIMARY SCHOOL,195,52,22,20,10,7,33,12
"2404050001", SATLASANA KUMAR,"2404",MAHESANA,"240405",SATLASANA,"2404050001", SATLASANA KUMAR,"24040504101",MUMANVAS PRIMARY SCHOOL,176,50,9,16,25,11,14,25
"2404050006",SUDASANA,"2404",MAHESANA,"240405",SATLASANA,"2404050006",SUDASANA,"24040505801",SARDARPUR(CHI) PRIMARY SCHOOL,185,50,8,15,27,5,19,26
"2404050007",TIMBA,"2404",MAHESANA,"240405",SATLASANA,"2404050007",TIMBA,"24040500701",PM SHRI BHIMPUR PRIMARY SCHOOL GOG,273,50,4,25,21,7,36,7
"2404060001",AITHOR,"2404",MAHESANA,"240406",UNJHA,"2404060001",AITHOR,"24040600101",AITHOR ANUPAM PRI SCHOOL,365,60,15,20,25,18,22,20
"2404060002",BRAHMANWADA,"2404",MAHESANA,"240406",UNJHA,"2404060002",BRAHMANWADA,"24040600701",PM SHRI TALUKA PRIMARY SCHOOL - 1 GOG,249,58,3,17,38,3,16,39
"2404060003",DASAJ,"2404",MAHESANA,"240406",UNJHA,"2404060003",DASAJ,"24040601301",PM SHRI  KAHODA ANUPAM PRI KUMAR SCHOOL,287,60,3,16,41,1,13,46
"2404060004",KARLI ,"2404",MAHESANA,"240406",UNJHA,"2404060004",KARLI ,"24040602701",RANCHHODPURA PRI SCHOOL,161,55,10,24,21,7,22,26
"2404060005",PALI ,"2404",MAHESANA,"240406",UNJHA,"2404060005",PALI ,"24040600801",DABHI PRIMARY SCHOOL,215,53,1,28,24,2,21,30
"2404060006",UNAVA,"2404",MAHESANA,"240406",UNJHA,"2404060006",UNAVA,"24040602201",PATEL HIRABHAI AMATHARAM PARIVAR MAKTUPUR PRIMARY SCHOOL NO.1,204,50,5,19,26,7,21,22
"2404060007",UNJHA-1,"2404",MAHESANA,"240406",UNJHA,"2404060007",UNJHA-1,"24040604602",SHREE A.S.PATEL MUN.PRI.SCHOOL NO-5,222,59,11,16,32,5,22,32
"2404060008",UNJHA-2,"2404",MAHESANA,"240406",UNJHA,"2404060008",UNJHA-2,"24040604102",PM SHRI R.N.PATEL (MORARAJI) MUN.PRI.SHALA NO-6- BHARATNAGAR,283,60,2,10,48,0,15,45
"2404070001",ARJUNBARI,"2404",MAHESANA,"240407",VADNAGAR,"2404070001",ARJUNBARI,"24040702901",MOLIPUR PRIMARY SCHOOL,455,51,5,15,31,4,17,30
"2404070002",CHHABALIA ,"2404",MAHESANA,"240407",VADNAGAR,"2404070002",CHHABALIA ,"24040701001",CHHABALIA PRIMARY SCHOOL,137,59,11,21,27,7,23,29
"2404070003",KAHIPUR ,"2404",MAHESANA,"240407",VADNAGAR,"2404070003",KAHIPUR ,"24040702001",KARABATIA (PI) PRI SCHOOL,286,55,11,32,12,8,33,14
"2404070004",SIPOR,"2404",MAHESANA,"240407",VADNAGAR,"2404070004",SIPOR,"24040703701",SARANA PRIMARY SCHOOL,167,54,13,38,3,14,37,3
"2404070005",SULIPUR,"2404",MAHESANA,"240407",VADNAGAR,"2404070005",SULIPUR,"24040704301",SULIPUR PRIMARY SCHOOL,195,52,14,27,11,13,23,16
"2404070006",SUNDHIYA,"2404",MAHESANA,"240407",VADNAGAR,"2404070006",SUNDHIYA,"24040704504",HATHIPURA (SU) PRI SCHOOL,231,54,6,24,24,5,20,29
"2404070007",UNDHAI,"2404",MAHESANA,"240407",VADNAGAR,"2404070007",UNDHAI,"24040704401",SULTANPURA PRIMARY SCHOOL,374,60,4,14,42,2,15,43
"2404070008",VADNAGAR-1,"2404",MAHESANA,"240407",VADNAGAR,"2404070008",VADNAGAR-1,"24040705003",NADIOL (VAD) PRI SCHOOL,203,54,12,16,26,10,19,25
"2404070009",VALASANA ,"2404",MAHESANA,"240407",VADNAGAR,"2404070009",VALASANA ,"24040701101",DABU PRIMARY SCHOOL,173,59,6,17,36,1,31,27
"2404080001",DHANPURA,"2404",MAHESANA,"240408",VIJAPUR,"2404080001",DHANPURA,"24040801501",DHANPURA (GHATU) PAY CENTER SCHOOL,120,50,9,16,25,10,19,21
"2404080002",GERITA,"2404",MAHESANA,"240408",VIJAPUR,"2404080002",GERITA,"24040802201",GERITA PAY CENTER SCHOOL,200,53,22,14,17,17,22,14
"2404080003",GOVINDPURA (J.P),"2404",MAHESANA,"240408",VIJAPUR,"2404080003",GOVINDPURA (J.P),"24040802303",MOTIPURA (BHA) PRI SCHOOL,156,60,9,20,31,9,19,32
"2404080004",JANTRAL,"2404",MAHESANA,"240408",VIJAPUR,"2404080004",JANTRAL,"24040802903",JANTRAL PRIMARY SCHOOL,166,60,21,16,23,17,16,27
"2404080005",JEPUR,"2404",MAHESANA,"240408",VIJAPUR,"2404080005",JEPUR,"24040801701",PM SHRI FALU PRIMARY SCHOOL GOG,183,58,9,14,35,10,10,38
"2404080006",KHAROD,"2404",MAHESANA,"240408",VIJAPUR,"2404080006",KHAROD,"24040804002",MANDALI (KH) PRIMARY SCHOOL,156,51,9,10,32,10,16,25
"2404080007",KUKARVADA,"2404",MAHESANA,"240408",VIJAPUR,"2404080007",KUKARVADA,"24040804406",VIJAYNAGAR (K) PRI SCHOOL,157,51,2,16,33,7,30,14
"2404080008",LADOL,"2404",MAHESANA,"240408",VIJAPUR,"2404080008",LADOL,"24040804502",LADOL PRIMARY KANYA SCHOOL,224,55,9,13,33,11,17,27
"2404080009",NAVA RANSIPUR,"2404",MAHESANA,"240408",VIJAPUR,"2404080009",NAVA RANSIPUR,"24040807101",TECHAVA PRIMARY SCHOOL,157,54,16,20,18,20,18,16
"2404080010",PILVAI,"2404",MAHESANA,"240408",VIJAPUR,"2404080010",PILVAI,"24040803901",KHANUSA PAY CENTER SCHOOL,156,60,11,21,28,12,22,26
"2404080011",SARDARPUR,"2404",MAHESANA,"240408",VIJAPUR,"2404080011",SARDARPUR,"24040806401",SARDARPUR PAY CENTER SCHOOL,152,50,5,33,12,8,32,10
"2404080012",VADASAN,"2404",MAHESANA,"240408",VIJAPUR,"2404080012",VADASAN,"24040807301",UBKHAL PRIMARY SCHOOL,192,53,26,15,12,19,22,12
"2404080013",VASAI,"2404",MAHESANA,"240408",VIJAPUR,"2404080013",VASAI,"24040801001",PM SHRI  DABHALA PRIMARY SCHOOL,290,60,4,19,37,8,17,35
"2404080014",VIJAPUR - 1,"2404",MAHESANA,"240408",VIJAPUR,"2404080014",VIJAPUR - 1,"24040808102",VIJAPUR PRI KANYA SCHOOL,130,53,4,20,29,3,20,30
"2404080015",VIJAPUR - 2,"2404",MAHESANA,"240408",VIJAPUR,"2404080015",VIJAPUR - 2,"24040807702",PM SHRI VIJAPUR ANUPAM PRIMARY SCHOOL - 2,297,60,27,24,9,13,37,10
"2404090001",BHANDU,"2404",MAHESANA,"240409",VISNAGAR,"2404090001",BHANDU,"24040900601",BHANDU ANUPAM PRI KUMAR SCH,243,54,8,26,20,9,19,26
"2404090002",GOTHVA,"2404",MAHESANA,"240409",VISNAGAR,"2404090002",GOTHVA,"24040901901",PM SHRI  GOTHVA PAY CENTER SCHOOL,407,57,4,21,32,6,22,29
"2404090003",KAMANA,"2404",MAHESANA,"240409",VISNAGAR,"2404090003",KAMANA,"24040905201",SAVALA PRIMARY SCHOOL,259,53,20,15,18,23,11,19
"2404090004",KANSA,"2404",MAHESANA,"240409",VISNAGAR,"2404090004",KANSA,"24040903001",KANSA PRIMARY SCHOOL - 1,335,60,8,24,28,8,22,30
"2404090005",MAGRODA,"2404",MAHESANA,"240409",VISNAGAR,"2404090005",MAGRODA,"24040901101",DADHIYAL ANUPAM PRI SCHOOL,164,55,6,16,33,9,16,30
"2404090006",RALISANA,"2404",MAHESANA,"240409",VISNAGAR,"2404090006",RALISANA,"24040900502",BHALAK PRIMARY KANYA SCHOOL,255,56,9,14,33,9,17,30
"2404090007",UDALPUR,"2404",MAHESANA,"240409",VISNAGAR,"2404090007",UDALPUR,"24040905701",UDALPUR PRIMARY SCHOOL,300,55,18,20,17,20,15,20
"2404090008",UMTA,"2404",MAHESANA,"240409",VISNAGAR,"2404090008",UMTA,"24040905801",UMTA PRIMARY KUMAR  SCHOOL,154,50,6,12,32,5,15,30
"2404090009",VALAM,"2404",MAHESANA,"240409",VISNAGAR,"2404090009",VALAM,"24040905401",PM SHRI TARABH PRIMARY SCHOOL GOG,267,57,11,18,28,15,17,25
"2404090010",VISNAGAR-1,"2404",MAHESANA,"240409",VISNAGAR,"2404090010",VISNAGAR-1,"24040906501",VISNAGAR PRIMARY SCHOOL - 2,370,58,11,14,33,8,14,36
"2404090011",VISNAGAR-2,"2404",MAHESANA,"240409",VISNAGAR,"2404090011",VISNAGAR-2,"24040906102",PM SHRI VISNAGAR PRIMARY SCHOOL - 4,209,60,0,2,58,0,4,56
"2431050001",JANOD,"2431",MAHISAGAR,"243105",BALASINOR,"2431050001",JANOD,"24310503301",PILODARA P.S.,124,50,6,33,11,4,24,22
"2431050002",JETHOLI,"2431",MAHISAGAR,"243105",BALASINOR,"2431050002",JETHOLI,"24310503201",PARBIYA P.S.,122,51,13,31,7,17,22,12
"2431050003",JORAPURA,"2431",MAHISAGAR,"243105",BALASINOR,"2431050003",JORAPURA,"24310502903",MEGHLIYA P.S.,109,50,6,30,14,9,33,8
"2431050004",KAMBOPA,"2431",MAHISAGAR,"243105",BALASINOR,"2431050004",KAMBOPA,"24310502602",KAMBOPA  P.S.,89,51,7,23,21,6,27,18
"2431050005",M.N. BRANCH-1,"2431",MAHISAGAR,"243105",BALASINOR,"2431050005",M.N. BRANCH-1,"24310504404",KALUPUR  BR. 5 SHALA,339,53,25,28,0,24,18,11
"2431050006",OTHVAD,"2431",MAHISAGAR,"243105",BALASINOR,"2431050006",OTHVAD,"24310500201",OTHVAD P.S.,141,50,6,14,30,2,22,26
"2431050007",PANDVA,"2431",MAHISAGAR,"243105",BALASINOR,"2431050007",PANDVA,"24310503411",PATDIYA P.S.,89,56,27,16,13,22,21,13
"2431050008",RAIYOLI,"2431",MAHISAGAR,"243105",BALASINOR,"2431050008",RAIYOLI,"24310501601",GUNTHLI P.S.,184,60,17,28,15,16,33,11
"2431050009",SALIYAVADI,"2431",MAHISAGAR,"243105",BALASINOR,"2431050009",SALIYAVADI,"24310503903",SALIYAVADI P.S.,169,51,20,21,10,20,22,9
"2431050010",SARODA,"2431",MAHISAGAR,"243105",BALASINOR,"2431050010",SARODA,"24310503803",SARODA P.S.,116,53,19,32,2,19,30,4
"2431050011",SUTARIYA,"2431",MAHISAGAR,"243105",BALASINOR,"2431050011",SUTARIYA,"24310504101",SUTARIYA  P.S.,178,54,1,35,18,2,31,21
"2431050012",TALUKA SCH. BALASINOR,"2431",MAHISAGAR,"243105",BALASINOR,"2431050012",TALUKA SCH. BALASINOR,"24310504408",TALAV DARVAJA P.S.,204,50,13,25,12,14,27,9
"2431050013",VADADALA,"2431",MAHISAGAR,"243105",BALASINOR,"2431050013",VADADALA,"24310504210",VADADALA P.S.,188,54,12,31,11,14,27,13
"2431010001",AMTHANI,"2431",MAHISAGAR,"243101",KADANA,"2431010001",AMTHANI,"24310110601",TALVADA P.SHALA,219,56,5,23,28,4,23,29
"2431010002",ANKALIYA,"2431",MAHISAGAR,"243101",KADANA,"2431010002",ANKALIYA,"24310100403",PADHORA VARG ANKALIYA,117,57,14,21,22,6,22,29
"2431010003",DINTVAS,"2431",MAHISAGAR,"243101",KADANA,"2431010003",DINTVAS,"24310102304",DINTWAS MUKHYA P.SHALA,129,51,10,24,17,4,29,18
"2431010004",GHASAVADA,"2431",MAHISAGAR,"243101",KADANA,"2431010004",GHASAVADA,"24310103202",NAVI GODHAR UTTAR P.SHALA,159,60,11,35,14,5,40,15
"2431010005",KADANA,"2431",MAHISAGAR,"243101",KADANA,"2431010005",KADANA,"24310107901",NANA RAJANPUR P.SHALA,160,56,8,26,22,4,25,27
"2431010006",KAJALI,"2431",MAHISAGAR,"243101",KADANA,"2431010006",KAJALI,"24310101801",DADHALIYA P.SHALA,150,52,5,7,40,2,14,36
"2431010007",KELAMUL,"2431",MAHISAGAR,"243101",KADANA,"2431010007",KELAMUL,"24310105002",KURETA P. SHALA,98,51,17,23,11,5,32,14
"2431010008",LIMBHOLA,"2431",MAHISAGAR,"243101",KADANA,"2431010008",LIMBHOLA,"24310105501",LIMBHOLA P.SHALA,111,51,3,23,25,1,20,30
"2431010009",MALVAN,"2431",MAHISAGAR,"243101",KADANA,"2431010009",MALVAN,"24310106102",MALVAN MUKHYA P.SHALA,138,52,6,22,24,3,21,28
"2431010010",MOTA DHARODA,"2431",MAHISAGAR,"243101",KADANA,"2431010010",MOTA DHARODA,"24310101101",BHEMANI VAVO P.SHALA,98,47,5,2,40,0,24,23
"2431010011",MOTI RATH,"2431",MAHISAGAR,"243101",KADANA,"2431010011",MOTI RATH,"24310107102",MOTI RANTH MUKHYA P.SHALA,252,60,21,28,11,23,26,11
"2431010012",MUNPUR,"2431",MAHISAGAR,"243101",KADANA,"2431010012",MUNPUR,"24310107201",MUNPUR P. SHALA,99,52,4,7,41,2,7,43
"2431010013",SARASVA UTTAR,"2431",MAHISAGAR,"243101",KADANA,"2431010013",SARASVA UTTAR,"24310110305",PANIYAR F. VARG SARSVA UTTAR,138,55,22,23,10,18,28,9
"2431010014",SHIYAL,"2431",MAHISAGAR,"243101",KADANA,"2431010014",SHIYAL,"24310110502",SHIYAL P.SHALA,109,58,33,22,3,34,21,3
"2431010015",VELANVADA,"2431",MAHISAGAR,"243101",KADANA,"2431010015",VELANVADA,"24310100601",ANTALWADA P.SHALA,186,53,17,32,4,17,22,14
"2431010016",ZALASAG,"2431",MAHISAGAR,"243101",KADANA,"2431010016",ZALASAG,"24310111703",ZALSAG P.SHALA,203,44,14,16,14,7,15,22
"2431020001",BAKOR,"2431",MAHISAGAR,"243102",KHANPUR,"2431020001",BAKOR,"24310200202",NAVAGHARA P.SHALA,139,55,11,25,19,3,28,24
"2431020002",BHADROD,"2431",MAHISAGAR,"243102",KHANPUR,"2431020002",BHADROD,"24310202501",AMBALIGHANTI P.SHALA,102,52,8,27,17,5,22,25
"2431020003",BORVAI,"2431",MAHISAGAR,"243102",KHANPUR,"2431020003",BORVAI,"24310201101",BORVAI BUNIYADI P.SHALA,134,57,13,16,28,13,27,17
"2431020004",CHHANI,"2431",MAHISAGAR,"243102",KHANPUR,"2431020004",CHHANI,"24310201301",CHHANI P.SHALA,144,58,15,15,28,10,38,10
"2431020005",DHULETA,"2431",MAHISAGAR,"243102",KHANPUR,"2431020005",DHULETA,"24310201701",DHULETA P.SHALA,91,40,1,6,33,1,9,30
"2431020006",LIMADIYA,"2431",MAHISAGAR,"243102",KHANPUR,"2431020006",LIMADIYA,"24310204202",LIMADIYA P.SHALA,128,55,4,24,27,4,24,27
"2431020007",MOTA KHANPUR,"2431",MAHISAGAR,"243102",KHANPUR,"2431020007",MOTA KHANPUR,"24310204901",MOTA KHANPUR P.SHALA,162,53,13,24,16,15,20,18
"2431020008",MUDAVADEKH,"2431",MAHISAGAR,"243102",KHANPUR,"2431020008",MUDAVADEKH,"24310207501",VAVYO P.SHALA,57,34,15,12,7,18,11,5
"2431020009",PADEDI,"2431",MAHISAGAR,"243102",KHANPUR,"2431020009",PADEDI,"24310201001",BHUVABAR P.SHALA,97,53,24,22,7,21,24,8
"2431020010",PANDARWADA,"2431",MAHISAGAR,"243102",KHANPUR,"2431020010",PANDARWADA,"24310205402",NAVAGAM P.SHALA,153,49,32,11,6,24,21,4
"2431020011",VADAGAM,"2431",MAHISAGAR,"243102",KHANPUR,"2431020011",VADAGAM,"24310206902",MEDANA MUVADA P.SHALA,172,60,30,19,11,19,30,11
"2431030001",AAGARWADA,"2431",MAHISAGAR,"243103",LUNAWADA,"2431030001",AAGARWADA,"24310313201",NAMNAR P.SHALA,140,53,15,16,22,12,26,15
"2431030002",BRANCH-1,"2431",MAHISAGAR,"243103",LUNAWADA,"2431030002",BRANCH-1,"24310301801",BRANCH SHALA - 1,202,60,20,23,17,13,27,20
"2431030003",BRANCH-5,"2431",MAHISAGAR,"243103",LUNAWADA,"2431030003",BRANCH-5,"24310302101",BRANCH SHALA - 5,391,60,18,27,15,16,26,18
"2431030004",CHARANGAM (SALA),"2431",MAHISAGAR,"243103",LUNAWADA,"2431030004",CHARANGAM (SALA),"24310309401",KASLAL P.SHALA,163,54,27,22,5,24,26,4
"2431030005",DHESIYA,"2431",MAHISAGAR,"243103",LUNAWADA,"2431030005",DHESIYA,"24310301004",LOTI P.SHALA,81,53,39,12,2,37,14,2
"2431030006",DR. POLAN SCHOOL,"2431",MAHISAGAR,"243103",LUNAWADA,"2431030006",DR. POLAN SCHOOL,"24310302202",KANYA SHALA LUNAWADA,218,60,28,19,13,24,21,15
"2431030007",HARDASPUR,"2431",MAHISAGAR,"243103",LUNAWADA,"2431030007",HARDASPUR,"24310304702",DIAPATTAN P.SHALA,97,50,15,16,19,17,12,21
"2431080008",HATHIVAN,"2431",MAHISAGAR,"243103",LUNAWADA,"2431030008",HATHIVAN,"24310306901",HATHIVAN P. SHALA,212,60,34,17,9,33,18,9
"2431030009",JUFARALI,"2431",MAHISAGAR,"243103",LUNAWADA,"2431030009",JUFARALI,"24310310101",KHEMPUR P.SHALA,145,52,8,26,18,7,30,15
"2431080010",KHAROL,"2431",MAHISAGAR,"243103",LUNAWADA,"2431030010",KHAROL,"24310310001",KHAROL P.SHALA,204,52,13,29,10,13,28,11
"2431030011",KOLVAN,"2431",MAHISAGAR,"243103",LUNAWADA,"2431030011",KOLVAN,"24310310501",KOLVAN P.SHALA,121,60,7,26,27,8,27,25
"2431080012",KOTHAMBA,"2431",MAHISAGAR,"243103",LUNAWADA,"2431030012",KOTHAMBA,"24310310602",KOTHAMBA KANYA SHALA,141,51,8,32,11,7,32,12
"2431030013",LALSAR,"2431",MAHISAGAR,"243103",LUNAWADA,"2431030013",LALSAR,"24310310902",LAKADI POYADA P.SHALA,81,52,13,27,12,12,21,19
"2431030014",MADHVAS,"2431",MAHISAGAR,"243103",LUNAWADA,"2431030014",MADHVAS,"24310311202",NAVI VASAHAT P.SHALA,64,50,15,22,13,13,26,11
"2431080015",MAKHALIYA,"2431",MAHISAGAR,"243103",LUNAWADA,"2431030015",MAKHALIYA,"24310311301",MAKHALIYA P.SHALA,206,53,11,30,12,22,24,7
"2431030016",MALEKPUR,"2431",MAHISAGAR,"243103",LUNAWADA,"2431030016",MALEKPUR,"24310319101",VAGHJIBARIYANA MUVADA P.SHALA,177,55,15,20,20,9,26,20
"2431030018",NANA VADADALA,"2431",MAHISAGAR,"243103",LUNAWADA,"2431030018",NANA VADADALA,"24310315101",GADHA P.SHALA,101,52,4,21,27,3,19,30
"2431080019",NAPANIYA,"2431",MAHISAGAR,"243103",LUNAWADA,"2431030019",NAPANIYA,"24310310803",NAPANIYA (LADVEL) P.SHALA,180,52,6,29,17,6,15,31
"2431030017",NAVA MUVADA,"2431",MAHISAGAR,"243103",LUNAWADA,"2431030017",NAVA MUVADA,"24310301301",BHATPUR P.SHALA,117,52,19,15,18,14,20,18
"2431030020",RAMPATEL NA MUVADA,"2431",MAHISAGAR,"243103",LUNAWADA,"2431030020",RAMPATEL NA MUVADA,"24310312901",MOTI ZANZARI P.SHALA,65,48,18,20,10,25,13,10
"2431030021",RANPUR,"2431",MAHISAGAR,"243103",LUNAWADA,"2431030021",RANPUR,"24310315502",RANPUR P.SHALA,95,50,27,12,11,25,16,9
"2431030022",SENADARIYA GORADA,"2431",MAHISAGAR,"243103",LUNAWADA,"2431030022",SENADARIYA GORADA,"24310316601",SENADARIYA GORADA P.SHALA,72,50,3,6,41,3,11,36
"2431030023",SHAMNA,"2431",MAHISAGAR,"243103",LUNAWADA,"2431030023",SHAMNA,"24310303101",CHAVADIBAI NA MUVADA P.SHALA,68,46,10,9,27,8,10,28
"2431080024",THANASAVALI,"2431",MAHISAGAR,"243103",LUNAWADA,"2431030024",THANASAVALI,"24310315006",JAMANA MUVADA,107,52,30,20,2,27,23,2
"2431030025",UNDRA,"2431",MAHISAGAR,"243103",LUNAWADA,"2431030025",UNDRA,"24310308901",KANJAV P.SHALA,124,51,18,21,12,16,21,14
"2431030026",VARDHARI,"2431",MAHISAGAR,"243103",LUNAWADA,"2431030026",VARDHARI,"24310319601",VARDHARI P.SHALA,103,46,11,15,20,8,18,20
"2431030027",VIRANIYA,"2431",MAHISAGAR,"243103",LUNAWADA,"2431030027",VIRANIYA,"24310319904",VIRANIYA P.SHALA,99,51,10,23,18,6,29,16
"2431030028",ZARA,"2431",MAHISAGAR,"243103",LUNAWADA,"2431030028",ZARA,"24310320001",ZARA P.SHALA,74,0,0,0,0,0,0,0
"2431080028",ZARA,"2431",MAHISAGAR,"243103",LUNAWADA,"2431030028",ZARA,"24310300703",SAVALINA MUVADA P.SHALA,61,41,12,15,14,9,21,11
"2431070017",AMALIYAT,"2431",MAHISAGAR,"243104",SANTRAMPUR,"2431040017",AMALIYAT,"24310410201",PANCHMUVA P. SHALA,153,58,12,14,32,14,16,28
"2431040001",ANJANVA,"2431",MAHISAGAR,"243104",SANTRAMPUR,"2431040001",ANJANVA,"24310403501",FALAVA P.SHALA,131,0,0,0,0,0,0,0
"2431070001",ANJANVA,"2431",MAHISAGAR,"243104",SANTRAMPUR,"2431040001",ANJANVA,"24310414601",VENA P. SHALA,207,57,18,31,8,10,39,8
"2431040002",BABROL,"2431",MAHISAGAR,"243104",SANTRAMPUR,"2431040002",BABROL,"24310413002",SURPUR P. SHALA,109,51,11,25,15,16,20,15
"2431040003",BATAKWADA,"2431",MAHISAGAR,"243104",SANTRAMPUR,"2431040003",BATAKWADA,"24310401001",BATAKWADA MUKHYA P.SHALA,203,58,8,15,35,8,20,30
"2431040004",CHITVA,"2431",MAHISAGAR,"243104",SANTRAMPUR,"2431040004",CHITVA,"24310402701",CHITVA P. SHALA,139,54,8,19,27,9,14,31
"2431040005",DOLI,"2431",MAHISAGAR,"243104",SANTRAMPUR,"2431040005",DOLI,"24310405001",ZALDADA P.SHALA,293,60,19,29,12,19,26,15
"2431070006",GAMADI,"2431",MAHISAGAR,"243104",SANTRAMPUR,"2431040006",GAMADI,"24310404001",GAMDI P.SHALA,126,48,4,19,25,7,19,22
"2431040007",GOTHIB,"2431",MAHISAGAR,"243104",SANTRAMPUR,"2431040007",GOTHIB,"24310404403",GOTHIB P.SHALA,175,58,7,24,27,7,21,30
"2431040008",JANVAD,"2431",MAHISAGAR,"243104",SANTRAMPUR,"2431040008",JANVAD,"24310405101",JANVAD P. SHALA,142,57,14,22,21,16,23,18
"2431040009",KANYA SHALA,"2431",MAHISAGAR,"243104",SANTRAMPUR,"2431040009",KANYA SHALA,"24310412102",SANT SHIKSHANANUBHAV P.SHALA,192,60,10,28,22,10,29,21
"2431040010",MOTI KYAR,"2431",MAHISAGAR,"243104",SANTRAMPUR,"2431040010",MOTI KYAR,"24310401401",BHANASIMAL P .SHALA,132,44,14,20,10,14,19,11
"2431040011",MOTI SARSAN,"2431",MAHISAGAR,"243104",SANTRAMPUR,"2431040011",MOTI SARSAN,"24310404505",SUKIDEVI VARG P. SHALA  GOTHIBADA,74,0,0,0,0,0,0,0
"2431070011",MOTI SARSAN,"2431",MAHISAGAR,"243104",SANTRAMPUR,"2431040011",MOTI SARSAN,"24310408401",MOTI SARSAN P.SHALA,122,48,9,13,26,10,13,25
"2431040012",NANI BHUGEDI,"2431",MAHISAGAR,"243104",SANTRAMPUR,"2431040012",NANI BHUGEDI,"24310408902",NANI BHUGEDI P.SHALA,185,60,2,20,38,2,20,38
"2431040013",NANI SARSAN,"2431",MAHISAGAR,"243104",SANTRAMPUR,"2431040013",NANI SARSAN,"24310404501",GOTHIBADA BRANCH P.SHALA,64,45,20,16,9,10,30,5
"2431070013",NANI SARSAN,"2431",MAHISAGAR,"243104",SANTRAMPUR,"2431040013",NANI SARSAN,"24310409101",NANI SARSAN P. SHALA,101,0,0,0,0,0,0,0
"2431070014",NASIKPUR,"2431",MAHISAGAR,"243104",SANTRAMPUR,"2431040014",NASIKPUR,"24310407501",MANCHOD P.SHALA,99,51,27,18,6,11,23,17
"2431070015",NAVA KALIBEL,"2431",MAHISAGAR,"243104",SANTRAMPUR,"2431040015",NAVA KALIBEL,"24310405602",KALIBEL P. SHALA,112,52,12,22,18,10,27,15
"2431040016",PADARI FALIYA,"2431",MAHISAGAR,"243104",SANTRAMPUR,"2431040016",PADARI FALIYA,"24310409401",NARSINGPUR MUKHYA P. SHALA,134,53,15,18,20,13,19,21
"2431040018",PRATAPGADH,"2431",MAHISAGAR,"243104",SANTRAMPUR,"2431040018",PRATAPGADH,"24310406209",PRATAPGADH P.SHALA,193,49,16,22,11,6,32,11
"2431040019",PRATAPPURA,"2431",MAHISAGAR,"243104",SANTRAMPUR,"2431040019",PRATAPPURA,"24310410601",PRATAPPURA P. SHALA,122,50,2,24,24,9,30,11
"2431070020",SARASVA,"2431",MAHISAGAR,"243104",SANTRAMPUR,"2431040020",SARASVA,"24310414301",VANKADI P. SHALA,285,54,12,18,24,12,10,32
"2431040021",SHIR,"2431",MAHISAGAR,"243104",SANTRAMPUR,"2431040021",SHIR,"24310409002",NANI RAIL PASCHIM P. SHALA,156,0,0,0,0,0,0,0
"2431070021",SHIR,"2431",MAHISAGAR,"243104",SANTRAMPUR,"2431040021",SHIR,"24310414201",VANDARIYA PASCHIM P. SHALA,97,52,12,21,19,9,32,11
"2431040022",SIMALIYA,"2431",MAHISAGAR,"243104",SANTRAMPUR,"2431040022",SIMALIYA,"24310412709",SIMALIYA MUKHYA P.SHALA,162,57,17,36,4,16,40,1
"2431040023",TALUKA SHALA,"2431",MAHISAGAR,"243104",SANTRAMPUR,"2431040023",TALUKA SHALA,"24310413202",TALUKASHALA SANTRAMPUR,155,58,14,22,22,11,22,25
"2431040024",UKHARELI,"2431",MAHISAGAR,"243104",SANTRAMPUR,"2431040024",UKHARELI,"24310413602",GHANTIYA VARG P. SHALA UKHRELI,143,51,18,17,16,18,18,15
"2431040025",UMBER,"2431",MAHISAGAR,"243104",SANTRAMPUR,"2431040025",UMBER,"24310413705",UMBER P.SHALA,167,60,24,26,10,23,25,12
"2431040026",VAJIYAKHUNT,"2431",MAHISAGAR,"243104",SANTRAMPUR,"2431040026",VAJIYAKHUNT,"24310404901",HIRAPUR P. SHALA,122,52,10,30,12,14,23,15
"2431060001",BAR,"2431",MAHISAGAR,"243106",VIRPUR,"2431060001",BAR,"24310602601",JODHAPUR  P.S.,167,55,6,19,30,5,21,29
"2431060002",BHARODI,"2431",MAHISAGAR,"243106",VIRPUR,"2431060002",BHARODI,"24310602702",KHATA-1 P.S.,107,52,5,13,34,5,17,30
"2431060003",DEBHARI,"2431",MAHISAGAR,"243106",VIRPUR,"2431060003",DEBHARI,"24310602101",GHATDA P.S.,121,50,12,21,17,13,18,19
"2431060004",KHAROD,"2431",MAHISAGAR,"243106",VIRPUR,"2431060004",KHAROD,"24310600201",ASPUR P.S.,115,50,2,37,11,4,36,10
"2431060005",KHEROLI,"2431",MAHISAGAR,"243106",VIRPUR,"2431060005",KHEROLI,"24310603301",KUMBHARVADI  P.S.,111,55,3,15,37,3,15,37
"2431060006",KOYDAM,"2431",MAHISAGAR,"243106",VIRPUR,"2431060006",KOYDAM,"24310603105",JAMBUDI( KOYDAM) P.S.,78,45,8,14,23,8,14,23
"2431060007",KOYLA,"2431",MAHISAGAR,"243106",VIRPUR,"2431060007",KOYLA,"24310603204",NALA  P.S.,95,53,22,25,6,31,15,7
"2431060008",PAHADIYA,"2431",MAHISAGAR,"243106",VIRPUR,"2431060008",PAHADIYA,"24310604807",PAHADIYA  P.S.,127,51,14,29,8,6,41,4
"2431060009",PANSRODA,"2431",MAHISAGAR,"243106",VIRPUR,"2431060009",PANSRODA,"24310604901",SARIYA P.S.,100,55,17,21,17,23,19,13
"2431060010",RAJENA,"2431",MAHISAGAR,"243106",VIRPUR,"2431060010",RAJENA,"24310604001",RAJENA  P.S.,88,57,12,17,28,6,17,34
"2431060011",VAGHAS,"2431",MAHISAGAR,"243106",VIRPUR,"2431060011",VAGHAS,"24310601101",BHATPUR  P.S.,96,51,9,31,11,12,28,11
"2431060012",VIRPUR,"2431",MAHISAGAR,"243106",VIRPUR,"2431060012",VIRPUR,"24310605406",MAHEMUDPURA P.S.,136,51,18,32,1,13,24,14
"2433050001",DHANALA,"2433",MORBI,"243305",HALVAD,"2433050001",DHANALA,"24330507501",SURVADAR PRIMARY SCHOOL,161,58,15,20,23,5,30,23
"2433050002",DHAVANA,"2433",MORBI,"243305",HALVAD,"2433050002",DHAVANA,"24330501301",DHAVANA PAY CENTER SCHOOL,257,55,14,18,23,15,14,26
"2433050005",HALVAD-1,"2433",MORBI,"243305",HALVAD,"2433050005",HALVAD-1,"24330502120",HALVAD PRIMARY SCHOOL - 10,486,60,18,27,15,15,22,23
"2433050004",HALVAD-4,"2433",MORBI,"243305",HALVAD,"2433050004",HALVAD-4,"24330502104",HALVAD PAY CENTER  SCHOOL - 4,948,60,3,18,39,0,19,41
"2433050003",HALVAD-7,"2433",MORBI,"243305",HALVAD,"2433050003",HALVAD-7,"24330502115",HALVAD PAY CENTER   SCHOOL - 7,287,60,14,23,23,9,25,26
"2433050006",KADIYANA,"2433",MORBI,"243305",HALVAD,"2433050006",KADIYANA,"24330505901",RANCHHODGADH PRIMARY SCHOOL,298,58,14,38,6,8,39,11
"2433050007",MALANIYAD,"2433",MORBI,"243305",HALVAD,"2433050007",MALANIYAD,"24330506201",RANMALPUR PRIMARY SCHOOL,327,60,15,13,32,10,19,31
"2433050008",MATHAK,"2433",MORBI,"243305",HALVAD,"2433050008",MATHAK,"24330504201",MATHAK PAY CENTER SCHOOL,342,60,25,24,11,25,28,7
"2433050009",MERUPAR,"2433",MORBI,"243305",HALVAD,"2433050009",MERUPAR,"24330501501",DIGHDIYA PRIMARY SCHOOL,410,60,20,30,10,10,32,18
"2433050010",TIKAR-RAN,"2433",MORBI,"243305",HALVAD,"2433050010",TIKAR-RAN,"24330507801",TIKAR-RAN PAY CENTER SCHOOL-1,328,60,19,23,18,17,24,19
"2433020001",KHAKHRECHI,"2433",MORBI,"243302",MALIYA,"2433020001",KHAKHRECHI,"24330201704",KHAKHRECHI MISHRA PETA SCHOOL,220,58,8,27,23,6,23,29
"2433020002",KHIRAI,"2433",MORBI,"243302",MALIYA,"2433020002",KHIRAI,"24330201601",KAJARDA PRIMARY SCHOOL,233,60,11,47,2,4,53,3
"2433020003",MALIYA MIYANA,"2433",MORBI,"243302",MALIYA,"2433020003",MALIYA MIYANA,"24330202502",KANYA SCHOOL MALIYA MIYANA,311,60,20,33,7,20,32,8
"2433020005",MOTA DAHISARA,"2433",MORBI,"243302",MALIYA,"2433020005",MOTA DAHISARA,"24330204601",VAVANIYA TALUKA SCHOOL,200,53,8,23,22,7,23,23
"2433020004",NANI BARAR,"2433",MORBI,"243302",MALIYA,"2433020004",NANI BARAR,"24330202901",MOTA BHELA PRIMARY SCHOOL,78,47,6,9,32,5,8,34
"2433020006",SARVAD,"2433",MORBI,"243302",MALIYA,"2433020006",SARVAD,"24330202101",KUNTASI PRIMARY SCHOOL,126,53,20,24,9,27,15,11
"2433010002",AAMBAVADI,"2433",MORBI,"243301",MORBI,"2433010002",AAMBAVADI,"24330106533",VAJEPARVADI PRIMARY SCHOOL,310,50,6,15,29,4,15,31
"2433010001",AAMRAN,"2433",MORBI,"243301",MORBI,"2433010001",AAMRAN,"24330110801",ZINZUDA PRIMARY SCHOOL,121,58,37,20,1,32,20,6
"2433010003",BAGATHALA,"2433",MORBI,"243301",MORBI,"2433010003",BAGATHALA,"24330100701",BAGATHALA KUMAR TALUKA SCHOOL,134,58,15,14,29,8,26,24
"2433010004",BHARATNAGAR,"2433",MORBI,"243301",MORBI,"2433010004",BHARATNAGAR,"24330101501",BHARATNAGAR PRIMARY SCHOOL,145,53,12,13,28,11,10,32
"2433010005",CHANCHAPAR,"2433",MORBI,"243301",MORBI,"2433010005",CHANCHAPAR,"24330104901",KHANPAR KUMAR PRIMARY SCHOOL,164,60,24,16,20,25,18,17
"2433010006",DHUDKOT,"2433",MORBI,"243301",MORBI,"2433010006",DHUDKOT,"24330111801",DHUDKOT TALUKA SHALA,82,54,14,20,20,7,24,23
"2433010007",JUNA NAGDAVAS,"2433",MORBI,"243301",MORBI,"2433010007",JUNA NAGDAVAS,"24330104301",JUNA NAGDAVAS TALUKA SCHOOL,123,55,7,27,21,3,23,29
"2433010008",KHARIVADI,"2433",MORBI,"243301",MORBI,"2433010008",KHARIVADI,"24330106572",KAPORI VADI PRIMARY SCHOOL,322,60,8,25,27,7,22,31
"2433010009",MAHENDRANAGAR,"2433",MORBI,"243301",MORBI,"2433010009",MAHENDRANAGAR,"24330106102",INDIRANAGAR PRIMARY SCHOOL,418,60,19,23,18,19,21,20
"2433010017",MORBI TALUKA SHALA - 1,"2433",MORBI,"243301",MORBI,"2433010017",MORBI TALUKA SHALA - 1,"24330106502",TALUKA SCHOOL NO.2 MORBI,287,60,12,14,34,7,19,34
"2433010016",MORBI TALUKA SHALA - 3,"2433",MORBI,"243301",MORBI,"2433010016",MORBI TALUKA SHALA - 3,"24330110601",SHANTIVAN PRIMARY SCHOOL,345,60,15,28,17,21,22,17
"2433010010",NANI VAVDI,"2433",MORBI,"243301",MORBI,"2433010010",NANI VAVDI,"24330106802",NANI VAVDI KANYA TALUKA SCHOOL,336,60,7,20,33,7,16,37
"2433010011",NICHI MANDAL,"2433",MORBI,"243301",MORBI,"2433010011",NICHI MANDAL,"24330105002",KHAREDA TALUKA SCHOOL,227,58,21,17,20,19,19,20
"2433010012",RAFALESHVAR,"2433",MORBI,"243301",MORBI,"2433010012",RAFALESHVAR,"24330107801",PANELI PRIMARY SCHOOL,483,60,17,29,14,18,28,14
"2433010013",RAMKRUSHNA,"2433",MORBI,"243301",MORBI,"2433010013",RAMKRUSHNA,"24330106530",KALYANGRAM PRIMARY SCHOOL,325,60,26,23,11,17,30,13
"2433010014",RANGPAR,"2433",MORBI,"243301",MORBI,"2433010014",RANGPAR,"24330108701",RANGPAR PRIMARY SCHOOL,177,54,35,19,0,31,23,0
"2433010015",RAVAPAR,"2433",MORBI,"243301",MORBI,"2433010015",RAVAPAR,"24330102201",GHUNDA (S) PRIMARY SCHOOL,251,60,16,32,12,11,33,16
"2433010018",TIMBADI,"2433",MORBI,"243301",MORBI,"2433010018",TIMBADI,"24330109801",TIMBADI PRIMARY SCHOOL,277,60,4,30,26,7,24,29
"2433030001",LAJAI,"2433",MORBI,"243303",TANKARA,"2433030001",LAJAI,"24330304201",SAJJANPAR PRIMARY SCHOOL,249,59,13,28,18,10,36,13
"2433030002",MITANA,"2433",MORBI,"243303",TANKARA,"2433030002",MITANA,"24330300601",CHHATAR PRIMARY SCHOOL,182,52,10,23,19,7,20,25
"2433030003",NANA KHIJADIYA,"2433",MORBI,"243303",TANKARA,"2433030003",NANA KHIJADIYA,"24330303801",NESDA KHA PRIMARY SCHOOL,147,60,13,23,24,10,22,28
"2433030004",NEKNAM,"2433",MORBI,"243303",TANKARA,"2433030004",NEKNAM,"24330303701",NEKNAM KUMAR TALUKA SCHOOL,139,60,7,28,25,8,17,35
"2433030005",SARAYA,"2433",MORBI,"243303",TANKARA,"2433030005",SARAYA,"24330304001",OTALA  PRIMARY SCHOOL,166,60,3,37,20,4,42,14
"2433030006",TANKARA,"2433",MORBI,"243303",TANKARA,"2433030006",TANKARA,"24330301801",JABALPUR PRIMARY SCHOOL,288,60,4,14,42,0,16,44
"2433040001",DALDI,"2433",MORBI,"243304",WANKANER,"2433040001",DALDI,"24330403701",KACHIYAGALA PRIMARY SCHOOL,231,60,26,29,5,18,36,6
"2433040002",JAMSAR,"2433",MORBI,"243304",WANKANER,"2433040002",JAMSAR,"24330410601",VARDUSAR PRIMARY SCHOOL,248,57,40,13,4,33,17,7
"2433040003",JUNA KANKOT,"2433",MORBI,"243304",WANKANER,"2433040003",JUNA KANKOT,"24330404101",KHAKHANA PRIMARY SCHOOL,186,51,9,23,19,6,24,21
"2433040004",JUNCTION WANKANER,"2433",MORBI,"243304",WANKANER,"2433040004",JUNCTION WANKANER,"24330409401",SARDHARKA PRIMARY SCHOOL,215,54,7,28,19,1,24,29
"2433040005",KOTHI,"2433",MORBI,"243304",WANKANER,"2433040005",KOTHI,"24330404801",KOTHI TALUKA SCHOOL,295,56,15,20,21,13,23,20
"2433040006",LALPAR,"2433",MORBI,"243304",WANKANER,"2433040006",LALPAR,"24330401304",CHANDRAPUR PRIMARY SCHOOL,145,52,9,21,22,6,25,21
"2433040007",LUNSAR,"2433",MORBI,"243304",WANKANER,"2433040007",LUNSAR,"24330407401",PALANS PRIMARY SCHOOL,220,53,27,16,10,20,25,8
"2433040008",MAHIKA,"2433",MORBI,"243304",WANKANER,"2433040008",MAHIKA,"24330408901",RATDIYA PRIMARY SCHOOL,157,53,6,17,30,7,14,32
"2433040009",MESARIYA,"2433",MORBI,"243304",WANKANER,"2433040009",MESARIYA,"24330405701",MESARIYA TALUKA SCHOOL,222,57,26,26,5,15,32,10
"2433040010",NAVA DHUVA,"2433",MORBI,"243304",WANKANER,"2433040010",NAVA DHUVA,"24330405601",MATEL PRIMARY SCHOOL,447,60,23,23,14,14,35,11
"2433040011",PIPALIYA RAJ,"2433",MORBI,"243304",WANKANER,"2433040011",PIPALIYA RAJ,"24330410301",VALASAN PRIMARY SCHOOL,232,54,5,22,27,4,22,28
"2433040012",SINDHAVADAR,"2433",MORBI,"243304",WANKANER,"2433040012",SINDHAVADAR,"24330404501",KHIJADIYA PRIMARY SCHOOL,91,52,23,24,5,23,25,4
"2433040013",TALUKA SHALA NO. 1 WANKANER,"2433",MORBI,"243304",WANKANER,"2433040013",TALUKA SHALA NO. 1 WANKANER,"24330411409",RAMKRUSHNANAGAR KANYA SCHOOL,237,56,9,32,15,3,36,17
"2433040014",TALUKA SHALA NO.3 WANKANER,"2433",MORBI,"243304",WANKANER,"2433040014",TALUKA SHALA NO.3 WANKANER,"24330411408",DIGVIJAYNAGAR PRIMARY SCHOOL,179,59,12,13,34,10,21,28
"2433040015",TITHAVA,"2433",MORBI,"243304",WANKANER,"2433040015",TITHAVA,"24330410104",LALSHA PRIMARY SCHOOL,112,55,7,19,29,10,22,23
"2433040016",VANKIYA 1,"2433",MORBI,"243304",WANKANER,"2433040016",VANKIYA 1,"24330407701",PANCHASIYA PRIMARY SCHOOL,135,58,9,26,23,7,25,26
"2420020001",ALMAVADI,"2420",NARMADA,"242002",DEDIYAPADA,"2420020001",ALMAVADI,"24200207601",POMLAPADA PRIMARY SCHOOL,96,50,27,21,2,25,22,3
"2420060001",ALMAVADI,"2420",NARMADA,"242002",DEDIYAPADA,"2420020001",ALMAVADI,"24200213101",KHODAAMBA PRIMARY SCHOOL,53,0,0,0,0,0,0,0
"2420060002",AMBAVADI,"2420",NARMADA,"242002",DEDIYAPADA,"2420020002",AMBAVADI,"24200213001",KAMODVAV PRIMARY SCHOOL,140,53,27,20,6,23,24,6
"2420060003",BHARADA (RELVA),"2420",NARMADA,"242002",DEDIYAPADA,"2420020003",BHARADA (RELVA),"24200211001",BHARADA PRIMARY SCHOOL,171,54,33,19,2,31,21,2
"2420060004",CHIKDA,"2420",NARMADA,"242002",DEDIYAPADA,"2420020004",CHIKDA,"24200213401",BOMBAYCOMP NO-1 PRIMARY SCHOOL,97,0,0,0,0,0,0,0
"2420020005",DEDIYAPADA,"2420",NARMADA,"242002",DEDIYAPADA,"2420020005",DEDIYAPADA,"24200202301",MOTA SUKA AMBA PRIMARY SCHOOL,147,50,6,33,11,8,33,9
"2420020006",DUMKHAL,"2420",NARMADA,"242002",DEDIYAPADA,"2420020006",DUMKHAL,"24200217001",SARIBAR PRIMARY SCHOOL,190,51,12,17,22,12,15,24
"2420020007",FULSAR,"2420",NARMADA,"242002",DEDIYAPADA,"2420020007",FULSAR,"24200204901",KANZAL PRIMARY SCHOOL,174,51,27,22,2,29,22,0
"2420020008",GAJARGOTA,"2420",NARMADA,"242002",DEDIYAPADA,"2420020008",GAJARGOTA,"24200204101",GHATOLI PRIMARY SCHOOL,181,50,15,12,23,3,26,21
"2420060009",GOPALIYA,"2420",NARMADA,"242002",DEDIYAPADA,"2420020009",GOPALIYA,"24200210901",VADVA PRIMARY SCHOOL,193,53,2,32,19,7,29,17
"2420020010",JUNA MOSDA,"2420",NARMADA,"242002",DEDIYAPADA,"2420020010",JUNA MOSDA,"24200200401",GADI PRIMARY SCHOOL,90,53,29,23,1,7,19,27
"2420020011",KAKRPADA,"2420",NARMADA,"242002",DEDIYAPADA,"2420020011",KAKRPADA,"24200214701",MOTIKALBI PRIMARY SCHOOL,66,0,0,0,0,0,0,0
"2420060011",KAKRPADA,"2420",NARMADA,"242002",DEDIYAPADA,"2420020011",KAKRPADA,"24200214401",KAKRPADA PRIMARY SCHOOL,164,0,0,0,0,0,0,0
"2420020012",KANBUDI,"2420",NARMADA,"242002",DEDIYAPADA,"2420020012",KANBUDI,"24200200101",AMBAGAMSUKVAL PRIMARY SCHOOL,124,49,14,27,8,12,25,12
"2420020013",KEVDI,"2420",NARMADA,"242002",DEDIYAPADA,"2420020013",KEVDI,"24200218801",MOSIT PRIMARY SCHOOL,65,0,0,0,0,0,0,0
"2420060013",KEVDI,"2420",NARMADA,"242002",DEDIYAPADA,"2420020013",KEVDI,"24200218601",KEVDI PRIMARY SCHOOL,161,52,14,27,11,7,26,19
"2420020014",KHAIDIPADA,"2420",NARMADA,"242002",DEDIYAPADA,"2420020014",KHAIDIPADA,"24200206201",BHUTBEDA PRIMARY SCHOOL,109,50,6,35,9,3,28,19
"2420060014",KHAIDIPADA,"2420",NARMADA,"242002",DEDIYAPADA,"2420020014",KHAIDIPADA,"24200206001",BABDA PRIMARY SCHOOL,99,0,0,0,0,0,0,0
"2420020015",NAVAGAM (DEDI),"2420",NARMADA,"242002",DEDIYAPADA,"2420020015",NAVAGAM (DEDI),"24200202401",NAVAGAM DEDI. PRIMARY SCHOOL,179,51,6,18,27,5,16,30
"2420020016",NIVALDA,"2420",NARMADA,"242002",DEDIYAPADA,"2420020016",NIVALDA,"24200202601",NIVALDA PRIMARY SCHOOL,331,51,12,32,7,6,35,10
"2420020017",PIPLOD,"2420",NARMADA,"242002",DEDIYAPADA,"2420020017",PIPLOD,"24200217301",PIPLOD PRIMARY SCHOOL,173,50,40,9,1,34,15,1
"2420020018",SAMARPADA,"2420",NARMADA,"242002",DEDIYAPADA,"2420020018",SAMARPADA,"24200208401",SAMARPADA PRIMARY SCHOOL,99,51,13,22,16,13,18,20
"2420020019",SAMOT,"2420",NARMADA,"242002",DEDIYAPADA,"2420020019",SAMOT,"24200215601",SAMOT PRIMARY SCHOOL,291,53,6,30,17,0,18,35
"2420020020",ZARNAVADI,"2420",NARMADA,"242002",DEDIYAPADA,"2420020020",ZARNAVADI,"24200209601",ZARNAVADI PRIMARY SCHOOL,204,50,12,37,1,12,37,1
"2420050001",AMADLA,"2420",NARMADA,"242005",GARUDESHWAR,"2420050001",AMADLA,"24200504701",AMADLA PRIMARY SCHOOL,145,51,19,24,8,14,27,10
"2420050002",BORIYA,"2420",NARMADA,"242005",GARUDESHWAR,"2420050002",BORIYA,"24200520701",BARKHADI PRIMARY SCHOOL,85,41,11,30,0,5,36,0
"2420050003",CHICHADIYA,"2420",NARMADA,"242005",GARUDESHWAR,"2420050003",CHICHADIYA,"24200517101",MANKADAMBA PRIMARY SCHOOL,97,40,5,28,7,4,27,9
"2420050004",GARUDESHVER,"2420",NARMADA,"242005",GARUDESHWAR,"2420050004",GARUDESHVER,"24200513401",GARUDESHVER PRIMARY SCHOOL,89,50,17,23,10,12,28,10
"2420050005",GORA,"2420",NARMADA,"242005",GARUDESHWAR,"2420050005",GORA,"24200521201",MATHAVADI PRIMARY SCHOOL,81,51,32,19,0,26,25,0
"2420050006",HIRAPARA,"2420",NARMADA,"242005",GARUDESHWAR,"2420050006",HIRAPARA,"24200515901",JUNVAD PRIMARY SCHOOL,65,49,21,20,8,15,27,7
"2420050007",KARELI,"2420",NARMADA,"242005",GARUDESHWAR,"2420050007",KARELI,"24200504101",KARELI PRIMARY SCHOOL,159,51,7,17,27,0,14,37
"2420050008",PANTALAVDI,"2420",NARMADA,"242005",GARUDESHWAR,"2420050008",PANTALAVDI,"24200513001",VADI PRIMARY SCHOOL,52,27,4,14,9,4,8,15
"2420050009",SUKA N.PU.V.,"2420",NARMADA,"242005",GARUDESHWAR,"2420050009",SUKA N.PU.V.,"24200519401",SONGAM PRIMARY SCHOOL,59,46,38,8,0,38,8,0
"2420050010",VANJI,"2420",NARMADA,"242005",GARUDESHWAR,"2420050010",VANJI,"24200504001",JETPOR PRIMARY SCHOOL,84,50,27,20,3,30,20,0
"2420050011",VEER BHAGATSINH,"2420",NARMADA,"242005",GARUDESHWAR,"2420050011",VEER BHAGATSINH,"24200521802",VEER SUKHDEV PRIMARY SCHOOL - 2,331,56,9,27,20,7,32,17
"2420050012",ZARVANI,"2420",NARMADA,"242005",GARUDESHWAR,"2420050012",ZARVANI,"24200509002",BHANGRAFALIYA ZARVANI PRI.SCH.,69,53,47,6,0,50,3,0
"2420010001",BHADAM,"2420",NARMADA,"242001",NANDOD,"2420010001",BHADAM,"24200109501",LACHHARAS PRIMARY SCHOOL,147,51,6,23,22,1,11,39
"2420010002",BHUCHAD,"2420",NARMADA,"242001",NANDOD,"2420010002",BHUCHAD,"24200100801",VAGETHA PRIMARY SCHOOL,95,50,1,18,31,2,13,35
"2420010003",KHOJALVASA,"2420",NARMADA,"242001",NANDOD,"2420010003",KHOJALVASA,"24200114801",KHOJALVASA PRIMARY SCHOOL,89,50,24,18,8,14,34,2
"2420010004",KHUNTA AMBA,"2420",NARMADA,"242001",NANDOD,"2420010004",KHUNTA AMBA,"24200111001",GADIT PRIMARY SCHOOL,93,50,16,16,18,16,16,18
"2420010005",KOTHARA,"2420",NARMADA,"242001",NANDOD,"2420010005",KOTHARA,"24200107801",JEORPATI PRIMARY SCHOOL,122,50,18,18,14,16,18,16
"2420010006",MANGROL,"2420",NARMADA,"242001",NANDOD,"2420010006",MANGROL,"24200110401",SHEHRAV PRIMARY SCHOOL,84,52,7,7,38,1,18,33
"2420010007",MOTALIMTVADA,"2420",NARMADA,"242001",NANDOD,"2420010007",MOTALIMTVADA,"24200110701",BORIDRA PRIMARY SCHOOL,64,48,18,19,11,19,18,11
"2420010008",NAVA RAJUVADIYA,"2420",NARMADA,"242001",NANDOD,"2420010008",NAVA RAJUVADIYA,"24200122601",NAVARAJUVADIYA PRIMARY SCHOOL,62,40,2,24,14,1,19,20
"2420010009",ORI,"2420",NARMADA,"242001",NANDOD,"2420010009",ORI,"24200106101",SISODRA PRIMARY SCHOOL,100,50,23,25,2,15,34,1
"2420010010",PRATAPNAGAR,"2420",NARMADA,"242001",NANDOD,"2420010010",PRATAPNAGAR,"24200124001",SMT A S AGRAWAL PRIMARY SCHOOL PRATAPNAGAR,132,52,10,30,12,1,24,27
"2420010011",RAJPIPLA CRC-1,"2420",NARMADA,"242001",NANDOD,"2420010011",RAJPIPLA CRC-1,"24200124305",PRAYOGIK PRATHMIK SHALA,73,52,6,21,25,10,25,17
"2420010012",RAJPIPLA CRC-2,"2420",NARMADA,"242001",NANDOD,"2420010012",RAJPIPLA CRC-2,"24200124311",ZANSINI RANI LAXMIBAI PRIMARY SCHOOL,233,53,15,18,20,11,24,18
"2420010013",TAROPA,"2420",NARMADA,"242001",NANDOD,"2420010013",TAROPA,"24200101801",AMLETHA PRIMARY SCHOOL,155,50,2,24,24,3,39,8
"2420010014",VAVDI,"2420",NARMADA,"242001",NANDOD,"2420010014",VAVDI,"24200103101",JUNARAJ PRIMARY SCHOOL,123,50,15,35,0,15,35,0
"2420010015",VIRPOR,"2420",NARMADA,"242001",NANDOD,"2420010015",VIRPOR,"24200101001",DHOLAR PRIMARY SCHOOL,68,45,19,15,11,17,15,13
"2420030001",CHOPADVAV,"2420",NARMADA,"242003",SAGBARA,"2420030001",CHOPADVAV,"24200300901",CHOPADVAV PRIMARY SCHOOL,130,53,21,28,4,6,41,6
"2420030002",DEVMOGARA,"2420",NARMADA,"242003",SAGBARA,"2420030002",DEVMOGARA,"24200300501",KANAPADA PRIMARY SCHOOL,137,58,32,26,0,25,33,0
"2420030003",DHAVLIVER,"2420",NARMADA,"242003",SAGBARA,"2420030003",DHAVLIVER,"24200308601",BHADOD PRIMARY SCHOOL,137,51,15,31,5,5,32,14
"2420030004",MAHUPADA,"2420",NARMADA,"242003",SAGBARA,"2420030004",MAHUPADA,"24200305101",DEVSAKI PRIMARY SCHOOL,126,51,1,46,4,1,34,16
"2420030005",NAL,"2420",NARMADA,"242003",SAGBARA,"2420030005",NAL,"24200305701",KHOPI PRIMARY SCHOOL,191,59,24,29,6,24,30,5
"2420030006",NANAKAKDIYAMBA,"2420",NARMADA,"242003",SAGBARA,"2420030006",NANAKAKDIYAMBA,"24200301901",MOVI PRIMARY SCHOOL,147,53,14,28,11,13,23,17
"2420030007",NANIDEVRUPAN,"2420",NARMADA,"242003",SAGBARA,"2420030007",NANIDEVRUPAN,"24200303801",BHORAMLI PRIMARY SCHOOL,98,50,29,21,0,42,8,0
"2420030008",PAT,"2420",NARMADA,"242003",SAGBARA,"2420030008",PAT,"24200302901",SORAPADA PRIMARY SCHOOL,115,44,12,15,17,12,15,17
"2420030009",RANIPUR,"2420",NARMADA,"242003",SAGBARA,"2420030009",RANIPUR,"24200306601",JAVLI PRIMARY SCHOOL,217,54,28,15,11,16,30,8
"2420030010",SAGBARA,"2420",NARMADA,"242003",SAGBARA,"2420030010",SAGBARA,"24200310301",GHODADEVI PRIMARY SCHOOL,117,52,25,27,0,19,33,0
"2420030011",SELAMBA,"2420",NARMADA,"242003",SAGBARA,"2420030011",SELAMBA,"24200309101",GOTPADA PRIMARY SCHOOL,318,54,8,20,26,16,22,16
"2420040001",AGAR,"2420",NARMADA,"242004",TILAKVADA,"2420040001",AGAR,"24200407101",AGAR PRIMARY SCHOOL,99,27,21,6,0,17,10,0
"2420040002",DEVALIYA,"2420",NARMADA,"242004",TILAKVADA,"2420040002",DEVALIYA,"24200405301",UCHAD PRIMARY SCHOOL,66,44,27,8,9,21,19,4
"2420040004",KANTHARPURA,"2420",NARMADA,"242004",TILAKVADA,"2420040004",KANTHARPURA,"24200404601",KANTHARPURA PRIMARY SCHOOL,60,46,33,12,1,33,12,1
"2420040005",SHIRA,"2420",NARMADA,"242004",TILAKVADA,"2420040005",SHIRA,"24200402501",SAVLI PRIMARY SCHOOL,102,51,13,23,15,3,39,9
"2420040006",TILAKWADA,"2420",NARMADA,"242004",TILAKVADA,"2420040006",TILAKWADA,"24200400101",TILAKWADA PRIMARY SCHOOL,112,49,8,26,15,4,30,15
"2420040007",VAGHELI,"2420",NARMADA,"242004",TILAKVADA,"2420040007",VAGHELI,"24200403301",VAGHELI PRIMARY SCHOOL,62,38,7,20,11,5,26,7
"2420040008",VAJIRIYA,"2420",NARMADA,"242004",TILAKVADA,"2420040008",VAJIRIYA,"24200408301",VAJIRIYA PRIMARY SCHOOL,69,44,18,24,2,18,24,2
"2424010010",AAMDHARA,"2424",NAVSARI,"242401",CHIKHLI,"2424010010",AAMDHARA,"24240106205",PIPALGABHAN MUKHYASHALA,98,50,8,15,27,8,12,30
"2424010002",BODVANK,"2424",NAVSARI,"242401",CHIKHLI,"2424010002",BODVANK,"24240105604",PRIMARY SCHOOL NOGAMA,102,50,14,36,0,14,30,6
"2424010003",CHIKHLI,"2424",NAVSARI,"242401",CHIKHLI,"2424010003",CHIKHLI,"24240100804",BAMANVEL MAIN SCHOOL,225,55,10,22,23,1,27,27
"2424010004",DEGAM,"2424",NAVSARI,"242401",CHIKHLI,"2424010004",DEGAM,"24240102001",DEGAM KUMARSHALA,159,50,10,20,20,1,24,25
"2424010005",FADVEL,"2424",NAVSARI,"242401",CHIKHLI,"2424010005",FADVEL,"24240103101",HARANGAM PRATHMIK SHALA,151,50,19,20,11,18,23,9
"2424010006",GHEJ,"2424",NAVSARI,"242401",CHIKHLI,"2424010006",GHEJ,"24240107501",SOLDHARA PRI SCHOOL,126,50,4,17,29,3,16,31
"2424010007",GODTHAL,"2424",NAVSARI,"242401",CHIKHLI,"2424010007",GODTHAL,"24240109101",MIYAZARI PRIMARY SCHOOL,146,50,5,18,27,2,23,25
"2424010008",MALIYADHARA,"2424",NAVSARI,"242401",CHIKHLI,"2424010008",MALIYADHARA,"24240104802",NAI TALIM VIDYAMANDIR MALIYADHARA,233,54,1,10,43,1,8,45
"2424010012",RANKUVA,"2424",NAVSARI,"242401",CHIKHLI,"2424010012",RANKUVA,"24240106301",RANKUVA KUMARSHALA,88,50,4,29,17,1,22,27
"2424010009",RANVERIKHURD,"2424",NAVSARI,"242401",CHIKHLI,"2424010009",RANVERIKHURD,"24240106401",NAHER FALIA PRIMARY SCHOOL,100,50,2,7,41,4,8,38
"2424010001",RUMLA,"2424",NAVSARI,"242401",CHIKHLI,"2424010001",RUMLA,"24240106806",ADARSH VIDYAMANDIR RUMLA,129,51,2,38,11,1,30,20
"2424010015",SADKPORE,"2424",NAVSARI,"242401",CHIKHLI,"2424010015",SADKPORE,"24240100901",BAMANWADA PRATHMIK SHALA,91,51,4,5,42,3,8,40
"2424010014",SAMROLI,"2424",NAVSARI,"242401",CHIKHLI,"2424010014",SAMROLI,"24240107101",VIDYAKUNJ PRATHMIK SHALA,94,50,3,12,35,1,11,38
"2424010011",SARVANI,"2424",NAVSARI,"242401",CHIKHLI,"2424010011",SARVANI,"24240100501",AMBACH PRIMARY SCHOOL,130,50,8,19,23,3,18,29
"2424010013",VANZANA,"2424",NAVSARI,"242401",CHIKHLI,"2424010013",VANZANA,"24240105001",PRATHMIK VIDYAMANDIR MANEKPORE,127,56,17,27,12,19,24,13
"2424020001",AMALSAD,"2424",NAVSARI,"242402",GANDEVI,"2424020001",AMALSAD,"24240200305",SARISTATION KANYASHALA NO-1,104,54,1,17,36,1,12,41
"2424020002",ANDHAL,"2424",NAVSARI,"242402",GANDEVI,"2424020002",ANDHAL,"24240200601",ANDHAL PRIMARY SCHOOL,177,49,13,15,21,9,16,24
"2424020010",ANTALIYA,"2424",NAVSARI,"242402",GANDEVI,"2424020010",ANTALIYA,"24240200401",PRATHMIK VIDYAMANDIR AMBHETA,152,50,10,12,28,6,11,33
"2424020003",BHATHA,"2424",NAVSARI,"242402",GANDEVI,"2424020003",BHATHA,"24240207101",SARI KHURD PRI. SCH.,121,50,8,19,23,10,18,22
"2424020006",BIGRI,"2424",NAVSARI,"242402",GANDEVI,"2424020006",BIGRI,"24240204101",BUNIYADI MISHRA SHALA- KHAPARVADA,155,51,0,10,41,0,7,44
"2424020008",BILIMORA,"2424",NAVSARI,"242402",GANDEVI,"2424020008",BILIMORA,"24240201201",SHAH KESARICHAND BHANABHAI MUKHYA KANYASHALA,169,57,10,12,35,5,16,36
"2424020005",GADAT,"2424",NAVSARI,"242402",GANDEVI,"2424020005",GADAT,"24240203302",PRATHMIK VIDHYAMANDIR KACHHOLI,167,52,14,29,9,17,29,6
"2424020004",GANDEVI,"2424",NAVSARI,"242402",GANDEVI,"2424020004",GANDEVI,"24240207802",TALODH PRIMARY SCHOOL,256,54,8,22,24,7,23,24
"2424020007",SARISTATION,"2424",NAVSARI,"242402",GANDEVI,"2424020007",SARISTATION,"24240207004",SARISTATION KUMARSHALA,127,50,0,22,28,0,17,33
"2424020009",VADSAGAL,"2424",NAVSARI,"242402",GANDEVI,"2424020009",VADSAGAL,"24240204201",KHAPARIYA PRIMARY SCHOOL,156,50,10,20,20,9,18,23
"2424030007",AAT,"2424",NAVSARI,"242403",JALALPOR,"2424030007",AAT,"24240305001",V  M ONJAL MACHHIVAD,78,50,1,9,40,0,2,48
"2424030001",ABRAMA,"2424",NAVSARI,"242403",JALALPOR,"2424030001",ABRAMA,"24240300402",ABRAMA PRATHMIK SHALA,145,53,3,15,35,4,8,41
"2424030003",CHHINAM,"2424",NAVSARI,"242403",JALALPOR,"2424030003",CHHINAM,"24240301501",CHHINAM PRIMARY SCHOOL,71,55,8,29,18,2,35,18
"2424030005",JALALPOR,"2424",NAVSARI,"242403",JALALPOR,"2424030005",JALALPOR,"24240302502",KESARBA KANYAVIDYALAYA,78,50,7,30,13,6,23,21
"2424030010",KRUSHI CAMPUS,"2424",NAVSARI,"242403",JALALPOR,"2424030010",KRUSHI CAMPUS,"24240307404",MARUTINAGAR PRIMARY SCHOOL,508,60,6,20,34,1,14,45
"2424030008",MAHUVAR,"2424",NAVSARI,"242403",JALALPOR,"2424030008",MAHUVAR,"24240304102",MAHUVAR PRIMARY SCHOOL,174,60,25,28,7,19,31,10
"2424030004",PANAR,"2424",NAVSARI,"242403",JALALPOR,"2424030004",PANAR,"24240303702",KRUSHANPUR PRIMARY SCHOOL,91,51,7,24,20,6,25,20
"2424030006",VESMA,"2424",NAVSARI,"242403",JALALPOR,"2424030006",VESMA,"24240302701",PRIMARY SCHOOL KALAKACHHA,109,45,27,15,3,26,19,0
"2424060001",BAHEJ,"2424",NAVSARI,"242406",KHERGAM,"2424060001",BAHEJ,"24240600602",KRUTIKHADAK PRI SCHOOL,114,50,3,16,31,0,12,38
"2424060002",KHERGAM,"2424",NAVSARI,"242406",KHERGAM,"2424060002",KHERGAM,"24240604205",KANYASHALA KHERGAM,122,54,8,11,35,6,11,37
"2424060003",PANIKHADAK,"2424",NAVSARI,"242406",KHERGAM,"2424060003",PANIKHADAK,"24240606001",PANIKHADAK PRATHMIK SCHOOL,91,50,4,23,23,4,18,28
"2424060004",PATI,"2424",NAVSARI,"242406",KHERGAM,"2424060004",PATI,"24240608201",PRATHMIK SHALA TORANVERA,160,50,9,29,12,2,21,27
"2424060005",SAMALA FALIYA,"2424",NAVSARI,"242406",KHERGAM,"2424060005",SAMALA FALIYA,"24240605302",NANDHAI PRIMARY SCHOOL,142,50,1,16,33,1,12,37
"2424040006",BHATTAI,"2424",NAVSARI,"242404",NAVSARI,"2424040006",BHATTAI,"24240403901",PERA PRIMARY SCHOOL,102,50,10,19,21,7,23,20
"2424040002",JAMALPORE,"2424",NAVSARI,"242404",NAVSARI,"2424040002",JAMALPORE,"24240401301",CHHAPARA PRIMARY SCHOOL,404,60,8,19,33,9,20,31
"2424040003",KALIYAVADI,"2424",NAVSARI,"242404",NAVSARI,"2424040003",KALIYAVADI,"24240408101",MOTICHOVISI PRIMARY SCHOOL,286,60,6,29,25,16,28,16
"2424040004",KHADSUPA,"2424",NAVSARI,"242404",NAVSARI,"2424040004",KHADSUPA,"24240402301",KHADSUPA PRIMARY SCHOOL,146,51,6,16,29,7,21,23
"2424040005",NAVSARI MADHYA,"2424",NAVSARI,"242404",NAVSARI,"2424040005",NAVSARI MADHYA,"24240406602",NAGAR PRA  KANYASHALA 4,406,60,6,17,37,4,18,38
"2424040007",NAVSARI PASHCHIM,"2424",NAVSARI,"242404",NAVSARI,"2424040007",NAVSARI PASHCHIM,"24240407301",NAGAR PRA MISRASHALA NO 8,132,51,8,24,19,4,20,27
"2424040008",NAVSARI PURVA,"2424",NAVSARI,"242404",NAVSARI,"2424040008",NAVSARI PURVA,"24240406802",NAGAR PRATHMIK KANYASHALA  1,158,59,14,14,31,10,14,35
"2424040009",SATEM,"2424",NAVSARI,"242404",NAVSARI,"2424040009",SATEM,"24240404702",SATEM PRIMARY SCHOOL,131,52,10,13,29,10,19,23
"2424040010",SISHODRA,"2424",NAVSARI,"242404",NAVSARI,"2424040010",SISHODRA,"24240405003",SISODRA (GANESHVAD) KANYASHALA,191,54,4,12,38,2,12,40
"2424040001",VIRAVAL,"2424",NAVSARI,"242404",NAVSARI,"2424040001",VIRAVAL,"24240401701",PRIMARY SCHOOL DHAMAN,99,50,8,19,23,7,23,20
"2424050007",ANKLACHH,"2424",NAVSARI,"242405",VANSDA,"2424050007",ANKLACHH,"24240500301",PRIMARY SCHOOL ANKLACHH,206,50,15,20,15,14,30,6
"2424050008",DHAKMAL,"2424",NAVSARI,"242405",VANSDA,"2424050008",DHAKMAL,"24240504102",KHAMBHALA VARGSHALA,205,51,7,25,19,7,23,21
"2424050002",HANUMANBARI,"2424",NAVSARI,"242405",VANSDA,"2424050002",HANUMANBARI,"24240502701",PRIMARY SCHOOL JAMALIYA,72,45,3,19,23,2,18,25
"2424050006",KANADHA,"2424",NAVSARI,"242405",VANSDA,"2424050006",KANADHA,"24240501502",CHONDHA PRIMARY SCHOOL,129,49,2,16,31,2,32,15
"2424050009",LACHHAKADI,"2424",NAVSARI,"242405",VANSDA,"2424050009",LACHHAKADI,"24240504501",KHATAAAMBA PRIMARY SCHOOL,233,50,10,16,24,7,18,25
"2424050010",LAKHAVADI,"2424",NAVSARI,"242405",VANSDA,"2424050010",LAKHAVADI,"24240501901",DHOLUMBER PRIMARY SCHOOL,97,49,2,8,39,4,8,37
"2424050011",LIMZAR,"2424",NAVSARI,"242405",VANSDA,"2424050011",LIMZAR,"24240508201",UMARKUI PRIMARY SCHOOL,170,51,6,27,18,6,27,18
"2424050004",MAHUVAS,"2424",NAVSARI,"242405",VANSDA,"2424050004",MAHUVAS,"24240501201",PRIMARY SCHOOL CHARANVADA,88,37,11,14,12,4,15,18
"2424050005",MOTIVALZAR,"2424",NAVSARI,"242405",VANSDA,"2424050005",MOTIVALZAR,"24240505901",MOTIVALZAR PRIMARY SCHOOL,138,49,14,16,19,14,19,16
"2424050012",PIPALKHED,"2424",NAVSARI,"242405",VANSDA,"2424050012",PIPALKHED,"24240508001",SUKHABARI PRIMARY SCHOOL,121,50,4,9,37,2,11,37
"2424050013",PRATAPNAGAR,"2424",NAVSARI,"242405",VANSDA,"2424050013",PRATAPNAGAR,"24240506701",PRIMARY SCHOOL PRATAPNAGAR,142,0,0,0,0,0,0,0
"2424050015",SARA,"2424",NAVSARI,"242405",VANSDA,"2424050015",SARA,"24240507501",SARA PRIMARY SCHOOL,114,50,16,21,13,6,27,17
"2424050014",UNAI,"2424",NAVSARI,"242405",VANSDA,"2424050014",UNAI,"24240508303",PRIMARY SCHOOL UNAI,202,57,3,19,35,4,21,32
"2424050016",VANDARVELA,"2424",NAVSARI,"242405",VANSDA,"2424050016",VANDARVELA,"24240508805",DADARI FALIYA PRIMARY SCHOOL,126,51,1,9,41,1,11,39
"2424050017",VANGAN,"2424",NAVSARI,"242405",VANSDA,"2424050017",VANGAN,"24240505401",MANKUNIYA  PRIMARY SCHOOL,124,51,9,26,16,5,28,18
"2424050003",VANSDA,"2424",NAVSARI,"242405",VANSDA,"2424050003",VANSDA,"24240509008",KANYA SHALA VANSDA,153,0,0,0,0,0,0,0
"2417010001",BAKROL,"2417",PANCH MAHALS,"241701",GHOGHAMBA,"2417010001",BAKROL,"24170108902",ZAB (VAV) P. SHALA,144,59,36,18,5,33,21,5
"2417010002",CHANDRANAGAR,"2417",PANCH MAHALS,"241701",GHOGHAMBA,"2417010002",CHANDRANAGAR,"24170100701",BHANPURA P.SHALA,126,53,23,27,3,26,25,2
"2417010003",CHATHI,"2417",PANCH MAHALS,"241701",GHOGHAMBA,"2417010003",CHATHI,"24170101302",KARELI F. CHATHA P. SHALA,161,0,0,0,0,0,0,0
"2417010004",DAMANPURA,"2417",PANCH MAHALS,"241701",GHOGHAMBA,"2417010004",DAMANPURA,"24170101803",RATHVA F. DANTOL,104,34,15,16,3,8,26,0
"2417010005",GHOGHAMBA,"2417",PANCH MAHALS,"241701",GHOGHAMBA,"2417010005",GHOGHAMBA,"24170102901",GHOGHAMBA P.SHALA,245,51,13,25,13,13,25,13
"2417010006",GODALI,"2417",PANCH MAHALS,"241701",GHOGHAMBA,"2417010006",GODALI,"24170102501",GAMANI P.SHALA,203,55,30,25,0,29,26,0
"2417010007",GUNDI,"2417",PANCH MAHALS,"241701",GHOGHAMBA,"2417010007",GUNDI,"24170102303",GAJAPURA (KANTU) P.SHALA,209,60,12,23,25,12,24,24
"2417010008",GUNESHIYA,"2417",PANCH MAHALS,"241701",GHOGHAMBA,"2417010008",GUNESHIYA,"24170107601",SHERPURA P.SHALA,122,50,12,17,21,3,20,27
"2417010009",KANTU,"2417",PANCH MAHALS,"241701",GHOGHAMBA,"2417010009",KANTU,"24170104303",KANTU P.SHALA,217,55,13,25,17,13,25,17
"2417010010",KHAROD,"2417",PANCH MAHALS,"241701",GHOGHAMBA,"2417010010",KHAROD,"24170105402",MALU P. SHALA,162,60,40,17,3,34,21,5
"2417010011",KHUNTVADIYA F. VANKOD,"2417",PANCH MAHALS,"241701",GHOGHAMBA,"2417010011",KHUNTVADIYA F. VANKOD,"24170109003",SURKHED F. ZINZARI,139,57,6,23,28,6,15,36
"2417010012",PADHORA,"2417",PANCH MAHALS,"241701",GHOGHAMBA,"2417010012",PADHORA,"24170107302",SAVAPURA P.SHALA,123,50,30,16,4,20,22,8
"2417010013",PALLA,"2417",PANCH MAHALS,"241701",GHOGHAMBA,"2417010013",PALLA,"24170106406",PALLA P. SHALA,185,59,27,17,15,29,14,16
"2417010014",PAROLI,"2417",PANCH MAHALS,"241701",GHOGHAMBA,"2417010014",PAROLI,"24170102201",FAROD P.SHALA,163,50,15,29,6,10,29,11
"2417010015",RANJITNAGAR,"2417",PANCH MAHALS,"241701",GHOGHAMBA,"2417010015",RANJITNAGAR,"24170101501",CHELAWADA P.SHALA,158,57,8,24,25,10,24,23
"2417010016",RINCHHVANI,"2417",PANCH MAHALS,"241701",GHOGHAMBA,"2417010016",RINCHHVANI,"24170104502",KHANPATLA P.SHALA,215,50,11,29,10,8,26,16
"2417010017",SIMALIYA,"2417",PANCH MAHALS,"241701",GHOGHAMBA,"2417010017",SIMALIYA,"24170103201",GOYASUNDAL P.SHALA,185,60,32,20,8,32,19,9
"2417010018",VANGARVA,"2417",PANCH MAHALS,"241701",GHOGHAMBA,"2417010018",VANGARVA,"24170107501",SAMIDHAS F. SHANIYADA,236,60,11,16,33,10,15,35
"2417010019",ZABKUVA PADARDI,"2417",PANCH MAHALS,"241701",GHOGHAMBA,"2417010019",ZABKUVA PADARDI,"24170108605",VAVKULLI P.SHALA,284,60,14,31,15,10,24,26
"2417020001",AMBALI CHHATRALAY,"2417",PANCH MAHALS,"241702",GODHRA,"2417020001",AMBALI CHHATRALAY,"24170202201",DARUNIYA P.SHALA,403,60,16,30,14,10,35,15
"2417020002",ARANDI,"2417",PANCH MAHALS,"241702",GODHRA,"2417020002",ARANDI,"24170204901",KANJIYA P.SHALA,229,60,19,29,12,11,30,19
"2417020003",BAGIDOL,"2417",PANCH MAHALS,"241702",GODHRA,"2417020003",BAGIDOL,"24170200203",BAGIDOL P.SHALA,140,52,8,24,20,6,11,35
"2417020004",CHHAVAD,"2417",PANCH MAHALS,"241702",GODHRA,"2417020004",CHHAVAD,"24170201803",GHATIYA PAGI FALIYA P. SHALA,145,51,11,26,14,8,28,15
"2417020005",DALU NI VADI,"2417",PANCH MAHALS,"241702",GODHRA,"2417020005",DALU NI VADI,"24170203165",NOOTAN GUJ. MISHRASHALA,265,60,18,22,20,10,24,26
"2417020006",DAXIN BODIDRA BUZARG KUMAR,"2417",PANCH MAHALS,"241702",GODHRA,"2417020006",DAXIN BODIDRA BUZARG KUMAR,"24170202302",DAXIN BODIDRA BUJRAG P. SHALA,145,52,5,26,21,5,26,21
"2417020007",DHANITRA,"2417",PANCH MAHALS,"241702",GODHRA,"2417020007",DHANITRA,"24170202508",RANCHHODPURA P.SHALA,93,53,12,25,16,11,19,23
"2417020008",GADUKPUR,"2417",PANCH MAHALS,"241702",GODHRA,"2417020008",GADUKPUR,"24170202402",DAYAL P.SHALA,146,60,11,32,17,12,31,17
"2417020009",GOLLAV,"2417",PANCH MAHALS,"241702",GODHRA,"2417020009",GOLLAV,"24170203304",GOLLAV P.SHALA,251,56,19,31,6,14,35,7
"2417020010",GOTHDA,"2417",PANCH MAHALS,"241702",GODHRA,"2417020010",GOTHDA,"24170204302",JUNIDHARI P SHALA,261,50,3,22,25,3,25,22
"2417020011",GOVINDI,"2417",PANCH MAHALS,"241702",GODHRA,"2417020011",GOVINDI,"24170203501",GOVINDI P.SHALA,294,60,20,20,20,14,32,14
"2417020012",JITPURA,"2417",PANCH MAHALS,"241702",GODHRA,"2417020012",JITPURA,"24170204201",JITPURA P.SHALA,127,52,1,31,20,4,30,18
"2417020013",JODKA(RA),"2417",PANCH MAHALS,"241702",GODHRA,"2417020013",JODKA(RA),"24170210202",VATLAV P.SHALA,109,56,8,16,32,1,14,41
"2417020014",KALYANA,"2417",PANCH MAHALS,"241702",GODHRA,"2417020014",KALYANA,"24170204802",KALYANA P. SHALA,90,48,8,26,14,6,35,7
"2417020015",KANKANPUR KUMAR,"2417",PANCH MAHALS,"241702",GODHRA,"2417020015",KANKANPUR KUMAR,"24170204505",KAKANPUR KANYA SHALA,69,51,7,22,22,2,25,24
"2417020016",MAHELOL,"2417",PANCH MAHALS,"241702",GODHRA,"2417020016",MAHELOL,"24170205804",MAHELOL P  SHALA,135,56,14,18,24,14,34,8
"2417020017",MAHULIYA,"2417",PANCH MAHALS,"241702",GODHRA,"2417020017",MAHULIYA,"24170200101",ACHHALA P.SHALA,325,60,9,19,32,10,39,11
"2417020018",MOR DUNGARA,"2417",PANCH MAHALS,"241702",GODHRA,"2417020018",MOR DUNGARA,"24170201401",CHANCHOPA P.SHALA,308,52,6,17,29,8,12,32
"2417020019",MOTA BHAMAIYA,"2417",PANCH MAHALS,"241702",GODHRA,"2417020019",MOTA BHAMAIYA,"24170206001",LUHAR F. VARG MERAP,235,36,19,14,3,13,17,6
"2417020020",NADISAR KUMAR,"2417",PANCH MAHALS,"241702",GODHRA,"2417020020",NADISAR KUMAR,"24170206605",NAVA NADISAR P.SHALA,303,54,6,15,33,4,29,21
"2417020021",ORWADA,"2417",PANCH MAHALS,"241702",GODHRA,"2417020021",ORWADA,"24170205302",KEVADIYA P.SHALA,242,54,13,22,19,12,23,19
"2417020022",PARVADI,"2417",PANCH MAHALS,"241702",GODHRA,"2417020022",PARVADI,"24170207301",PARVADI P.SHALA,259,60,9,16,35,5,17,38
"2417020023",POLAN BAZAR,"2417",PANCH MAHALS,"241702",GODHRA,"2417020023",POLAN BAZAR,"24170203145",ZAKARIYA URDU PRIMARY SCHOOL,765,0,0,0,0,0,0,0
"2417020024",POLICE LINES KUMAR,"2417",PANCH MAHALS,"241702",GODHRA,"2417020024",POLICE LINES KUMAR,"24170203158",VIVEKANAND P.SHALA,126,57,13,33,11,6,35,16
"2417020025",RATANPUR KANTADI,"2417",PANCH MAHALS,"241702",GODHRA,"2417020025",RATANPUR KANTADI,"24170208006",RATANPUR (KANTADI) P SHALA,156,52,7,23,22,5,18,29
"2417020026",S R P,"2417",PANCH MAHALS,"241702",GODHRA,"2417020026",S R P,"24170203141",S.R.P. GROUP GUJ. P.SHALA,421,60,7,29,24,5,24,31
"2417020027",TUVA,"2417",PANCH MAHALS,"241702",GODHRA,"2417020027",TUVA,"24170203602",GUSAR N.V. P.SHALA,244,0,0,0,0,0,0,0
"2417020028",VANAKPUR,"2417",PANCH MAHALS,"241702",GODHRA,"2417020028",VANAKPUR,"24170207503",POPATPURA P.SHALA,183,54,13,29,12,11,30,13
"2417020029",VAVADI KHURD,"2417",PANCH MAHALS,"241702",GODHRA,"2417020029",VAVADI KHURD,"24170210805",VINZOL P.SHALA,97,47,5,23,19,2,22,23
"2417020030",VELVAD,"2417",PANCH MAHALS,"241702",GODHRA,"2417020030",VELVAD,"24170205201",KARSANA P.SHALA,98,52,27,22,3,24,28,0
"2417030001",ARAD,"2417",PANCH MAHALS,"241703",HALOL,"2417030001",ARAD,"24170311004",VARASADA P.SHALA,173,52,6,28,18,7,29,16
"2417030011",BASKA,"2417",PANCH MAHALS,"241703",HALOL,"2417030011",BASKA,"24170300902",BASKA P.SHALA,266,60,12,31,17,4,39,17
"2417030002",CHAMPANER,"2417",PANCH MAHALS,"241703",HALOL,"2417030002",CHAMPANER,"24170301501",CHAMPANER P.SHALA,143,43,10,18,15,6,17,20
"2417030003",DHINKVA,"2417",PANCH MAHALS,"241703",HALOL,"2417030003",DHINKVA,"24170309802",NAVA DHINKAVA  P.SHALA,152,53,9,26,18,9,25,19
"2417030004",DUNIYA,"2417",PANCH MAHALS,"241703",HALOL,"2417030004",DUNIYA,"24170308301",DUNIYA P.SHALA,463,58,18,26,14,21,27,10
"2417030005",GAMBHIRPURA,"2417",PANCH MAHALS,"241703",HALOL,"2417030005",GAMBHIRPURA,"24170307501",NATHKUVA P.SHALA,122,50,14,32,4,18,29,3
"2417030006",GHANSAR MUVADI,"2417",PANCH MAHALS,"241703",HALOL,"2417030006",GHANSAR MUVADI,"24170311101",GHANSAR VAV P.SHALA,139,52,3,20,29,3,17,32
"2417030007",HALOL KUMAR,"2417",PANCH MAHALS,"241703",HALOL,"2417030007",HALOL KUMAR,"24170303506",HALOL KANYA SHALA,290,55,6,15,34,6,14,35
"2417030008",JEPURA,"2417",PANCH MAHALS,"241703",HALOL,"2417030008",JEPURA,"24170310601",MAL P.SHALA,105,51,7,36,8,3,33,15
"2417030009",KANJARI,"2417",PANCH MAHALS,"241703",HALOL,"2417030009",KANJARI,"24170304603",G.H.BOARD GAYATRINAGAR KANJARI,288,60,8,26,26,9,20,31
"2417030010",NAVAKUVA,"2417",PANCH MAHALS,"241703",HALOL,"2417030010",NAVAKUVA,"24170301901",NAVAKUVA  P.SHALA,146,52,1,8,43,1,9,42
"2417030012",RAMESHARA,"2417",PANCH MAHALS,"241703",HALOL,"2417030012",RAMESHARA,"24170308501",RAMESHARA PRATHMIK SHALA,144,54,8,21,25,8,23,23
"2417030013",RAVALIYA,"2417",PANCH MAHALS,"241703",HALOL,"2417030013",RAVALIYA,"24170309002",RAVALIYA P.SHALA,152,55,24,29,2,23,32,0
"2417030014",SHIVRAJPUR,"2417",PANCH MAHALS,"241703",HALOL,"2417030014",SHIVRAJPUR,"24170309306",SHIVRAJPUR P.SHALA,128,52,14,24,14,12,26,14
"2417030015",TALAVADI,"2417",PANCH MAHALS,"241703",HALOL,"2417030015",TALAVADI,"24170306802",VAH F.V. MOTI UMARVAN,172,56,19,20,17,11,22,23
"2417030016",TARKHANDA,"2417",PANCH MAHALS,"241703",HALOL,"2417030016",TARKHANDA,"24170300101",ABHETVA P.SHALA,214,51,12,28,11,10,24,17
"2417030017",VAGHBOD,"2417",PANCH MAHALS,"241703",HALOL,"2417030017",VAGHBOD,"24170310701",VAGHBOD P.SHALA,86,43,10,23,10,11,20,12
"2417030018",VITTHALPURA,"2417",PANCH MAHALS,"241703",HALOL,"2417030018",VITTHALPURA,"24170303515",VITHHALPURA P.SHALA,478,60,13,20,27,9,23,28
"2417040001",CHALVAD,"2417",PANCH MAHALS,"241704",JAMBUGHODA,"2417040001",CHALVAD,"24170403701",POYALI P.SHALA,121,60,40,20,0,35,18,7
"2417040003",KHANDIVAV,"2417",PANCH MAHALS,"241704",JAMBUGHODA,"2417040003",KHANDIVAV,"24170402301",KHODSAL P.SHALA,94,52,4,36,12,0,43,9
"2417040004",NARUKOT,"2417",PANCH MAHALS,"241704",JAMBUGHODA,"2417040004",NARUKOT,"24170404601",ZABAN P. SHALA,125,50,10,30,10,17,26,7
"2417040005",TALUKA KUMAR SHALA,"2417",PANCH MAHALS,"241704",JAMBUGHODA,"2417040005",TALUKA KUMAR SHALA,"24170401602",TALUKA SHALA JAMBUGHODA,175,56,4,23,29,5,24,27
"2417060001",ADADARA,"2417",PANCH MAHALS,"241706",KALOL,"2417060001",ADADARA,"24170600102",ADADARA P. SHALA,153,57,10,19,28,9,18,30
"2417060002",BAKROL,"2417",PANCH MAHALS,"241706",KALOL,"2417060002",BAKROL,"24170600501",BAKROL P.SHALA,273,56,6,14,36,4,9,43
"2417060003",BEDHIYA,"2417",PANCH MAHALS,"241706",KALOL,"2417060003",BEDHIYA,"24170600701",BEDHIYA P.SHALA,205,53,12,17,24,10,14,29
"2417060004",CHALAALI,"2417",PANCH MAHALS,"241706",KALOL,"2417060004",CHALAALI,"24170603203",KADAVIYA P.SHALA,164,52,20,22,10,6,38,8
"2417060005",DELOL,"2417",PANCH MAHALS,"241706",KALOL,"2417060005",DELOL,"24170601606",ZANKHARIPURA P.SHALA,104,53,6,25,22,6,23,24
"2417060006",DEROL GAM,"2417",PANCH MAHALS,"241706",KALOL,"2417060006",DEROL GAM,"24170602402",JANTRAL PRATHMIK SHALA,142,52,12,12,28,12,12,28
"2417060007",DEROL STATION,"2417",PANCH MAHALS,"241706",KALOL,"2417060007",DEROL STATION,"24170603401",KHANDEVAL P.SHALA,170,50,9,18,23,9,9,32
"2417060008",ERAL,"2417",PANCH MAHALS,"241706",KALOL,"2417060008",ERAL,"24170601902",ERAL P. SHALA,245,54,14,20,20,10,27,17
"2417060009",KALOL KANYA SHALA,"2417",PANCH MAHALS,"241706",KALOL,"2417060009",KALOL KANYA SHALA,"24170602705",KALOL KANYA SHALA,211,60,7,33,20,8,34,18
"2417060010",KALOL KUMAR SHALA,"2417",PANCH MAHALS,"241706",KALOL,"2417060010",KALOL KUMAR SHALA,"24170602707",KALOL URDU SHALA,214,0,0,0,0,0,0,0
"2417060011",KANOD,"2417",PANCH MAHALS,"241706",KALOL,"2417060011",KANOD,"24170603001",KANOD P.SHALA,171,53,5,10,38,5,24,24
"2417060012",KAROLI,"2417",PANCH MAHALS,"241706",KALOL,"2417060012",KAROLI,"24170603205",MALVAN P.SHALA,143,60,24,24,12,22,34,4
"2417060013",MALAV,"2417",PANCH MAHALS,"241706",KALOL,"2417060013",MALAV,"24170603808",MALAV P. SHALA,207,52,3,24,25,6,30,16
"2417060014",SANSOLI,"2417",PANCH MAHALS,"241706",KALOL,"2417060014",SANSOLI,"24170605503",SANSOLI P. SHALA,213,54,34,14,6,36,10,8
"2417060015",SURELI,"2417",PANCH MAHALS,"241706",KALOL,"2417060015",SURELI,"24170605801",SURELI P.SHALA,208,56,12,37,7,7,42,7
"2417060016",VEJALPUR,"2417",PANCH MAHALS,"241706",KALOL,"2417060016",VEJALPUR,"24170606105",URDU SHALA VEJALPUR,645,0,0,0,0,0,0,0
"2417090001",DANGARIYA,"2417",PANCH MAHALS,"241709",MORVA HADAF,"2417090001",DANGARIYA,"24170902601",MATARIYA VEJAMA P.SHALA,211,50,0,23,27,0,21,29
"2417090002",KHATVA,"2417",PANCH MAHALS,"241709",MORVA HADAF,"2417090002",KHATVA,"24170902202",KHATVA P.SHALA,107,53,15,26,12,15,26,12
"2417090003",KUVAZAR,"2417",PANCH MAHALS,"241709",MORVA HADAF,"2417090003",KUVAZAR,"24170902101",KHANPUR P. SHALA,246,60,5,32,23,0,31,29
"2417090004",MEKHAR,"2417",PANCH MAHALS,"241709",MORVA HADAF,"2417090004",MEKHAR,"24170901901",KELOD P.SHALA,197,54,22,18,14,21,18,15
"2417090005",METRAL,"2417",PANCH MAHALS,"241709",MORVA HADAF,"2417090005",METRAL,"24170900601",BHATHA P.SHALA,233,25,1,4,20,1,4,20
"2417090006",MORA,"2417",PANCH MAHALS,"241709",MORVA HADAF,"2417090006",MORA,"24170903001",MORA P.SHALA,472,60,12,22,26,12,20,28
"2417090007",MORVA HADAF,"2417",PANCH MAHALS,"241709",MORVA HADAF,"2417090007",MORVA HADAF,"24170903102",DANTIYA VARG P.SHALA,321,50,11,17,22,5,21,24
"2417090008",RAJAYATA,"2417",PANCH MAHALS,"241709",MORVA HADAF,"2417090008",RAJAYATA,"24170903605",RAJAYTA P.SHALA,210,60,14,31,15,10,30,20
"2417090009",RASULPUR,"2417",PANCH MAHALS,"241709",MORVA HADAF,"2417090009",RASULPUR,"24170904301",VADI MATARIYA P.SHALA,244,55,12,17,26,10,19,26
"2417090010",SAGVADA,"2417",PANCH MAHALS,"241709",MORVA HADAF,"2417090010",SAGVADA,"24170901302",DELOCH P.SHALA,186,54,8,28,18,19,22,13
"2417090011",SANTROD,"2417",PANCH MAHALS,"241709",MORVA HADAF,"2417090011",SANTROD,"24170904005",SANTROD P.SHALA,321,56,6,20,30,11,21,24
"2417090012",SULIYAT,"2417",PANCH MAHALS,"241709",MORVA HADAF,"2417090012",SULIYAT,"24170904101",BHALADA P. SHALA,167,51,13,16,22,12,16,23
"2417090013",VADODAR,"2417",PANCH MAHALS,"241709",MORVA HADAF,"2417090013",VADODAR,"24170904404",VADODAR MUVADA P.SHALA,206,55,16,25,14,16,24,15
"2417090014",VANDELI,"2417",PANCH MAHALS,"241709",MORVA HADAF,"2417090014",VANDELI,"24170904201",TAJPURI P.SHALA,203,52,23,20,9,14,20,18
"2417110001",ANIYAD,"2417",PANCH MAHALS,"241711",SHAHERA,"2417110001",ANIYAD,"24171103804",KAVALI P.SHALA,175,60,16,21,23,15,23,22
"2417110002",B.A.BARIA,"2417",PANCH MAHALS,"241711",SHAHERA,"2417110002",B.A.BARIA,"24171101301",BHUNIDRA P.SHALA,147,60,18,39,3,20,39,1
"2417110003",BAHI,"2417",PANCH MAHALS,"241711",SHAHERA,"2417110003",BAHI,"24171100401",BAHI KANYA SHALA,129,52,12,21,19,14,23,15
"2417110004",BORIYA,"2417",PANCH MAHALS,"241711",SHAHERA,"2417110004",BORIYA,"24171101801",BORIYA P.SHALA,215,51,6,15,30,5,22,24
"2417110005",DALVADA,"2417",PANCH MAHALS,"241711",SHAHERA,"2417110005",DALVADA,"24171108401",NAYAK FALIYA P.SHALA,222,60,7,30,23,6,29,25
"2417110006",DHAMNOD,"2417",PANCH MAHALS,"241711",SHAHERA,"2417110006",DHAMNOD,"24171106302",NADA MUKHYA P.SHALA,225,60,1,24,35,0,40,20
"2417110007",DHARAPUR,"2417",PANCH MAHALS,"241711",SHAHERA,"2417110007",DHARAPUR,"24171101702",BORADI P.SHALA,115,45,6,16,23,9,16,20
"2417110008",GUNELI,"2417",PANCH MAHALS,"241711",SHAHERA,"2417110008",GUNELI,"24171101604",UPALIYA P.SHALA,137,0,0,0,0,0,0,0
"2417110009",HANSELAV,"2417",PANCH MAHALS,"241711",SHAHERA,"2417110009",HANSELAV,"24171108203",SHEKHPUR P.SHALA,216,58,4,15,39,3,18,37
"2417110010",KHANDIYA,"2417",PANCH MAHALS,"241711",SHAHERA,"2417110010",KHANDIYA,"24171108702",UMARPUR P.SHALA,186,60,7,20,33,8,16,36
"2417110011",KHOJALVASA,"2417",PANCH MAHALS,"241711",SHAHERA,"2417110011",KHOJALVASA,"24171107803",SAJIVAV P.SHALA,255,60,7,24,29,6,25,29
"2417110012",MOR UNDARA,"2417",PANCH MAHALS,"241711",SHAHERA,"2417110012",MOR UNDARA,"24171106101",MOR UNDARA P.SHALA,186,57,14,19,24,17,18,22
"2417110013",MORVA (RENA),"2417",PANCH MAHALS,"241711",SHAHERA,"2417110013",MORVA (RENA),"24171107701",SADARA P.SHALA,165,49,8,19,22,8,20,21
"2417110014",NANDARVA,"2417",PANCH MAHALS,"241711",SHAHERA,"2417110014",NANDARVA,"24171103602",GANGADIYA P.SHALA,167,52,9,17,26,8,18,26
"2417110015",NARSANA,"2417",PANCH MAHALS,"241711",SHAHERA,"2417110015",NARSANA,"24171106502",NARSANA P.SHALA,197,52,7,32,13,7,32,13
"2417110016",NAVA RENA,"2417",PANCH MAHALS,"241711",SHAHERA,"2417110016",NAVA RENA,"24171103202",DHAYKA P.SHALA,221,49,10,17,22,9,23,17
"2417110017",NAVI PADARDI,"2417",PANCH MAHALS,"241711",SHAHERA,"2417110017",NAVI PADARDI,"24171105703",MATARIYA VYAS P.SHALA,164,53,20,15,18,14,23,16
"2417110018",NAVI SURELI,"2417",PANCH MAHALS,"241711",SHAHERA,"2417110018",NAVI SURELI,"24171105502",MANGALIYANA P.SHALA,244,55,2,12,41,1,18,36
"2417110019",NAVI VADI,"2417",PANCH MAHALS,"241711",SHAHERA,"2417110019",NAVI VADI,"24171107002",NAVIVADI P.SHALA,134,50,16,25,9,16,21,13
"2417110021",PALIKHANDA,"2417",PANCH MAHALS,"241711",SHAHERA,"2417110021",PALIKHANDA,"24171108110",SHINDHI P. SHALA,272,60,12,31,17,5,33,22
"2417110020",SHAHERA KUMAR,"2417",PANCH MAHALS,"241711",SHAHERA,"2417110020",SHAHERA KUMAR,"24171108105",KUMAR SHALA SHAHERA,388,60,20,25,15,18,24,18
"2417110022",VAGJIPUR,"2417",PANCH MAHALS,"241711",SHAHERA,"2417110022",VAGJIPUR,"24171108907",ADARSH BUNIYADI P.SHALA,349,60,8,28,24,10,31,19
"2403010002",CHANASMA KUMAR 1,"2403",PATAN,"240301",CHANASMA,"2403010002",CHANASMA KUMAR 1,"24030105501",SENDHA PRIMARY SCHOOL,211,60,13,20,27,11,20,29
"2403010003",CHANASMA KUMAR 2,"2403",PATAN,"240301",CHANASMA,"2403010003",CHANASMA KUMAR 2,"24030100604",CHANASMA PRI.KANYA SCHOOL,204,56,14,26,16,11,29,16
"2403010001",DHINOJ KUMAR,"2403",PATAN,"240301",CHANASMA,"2403010001",DHINOJ KUMAR,"24030105901",SUNSAR PRIMARY SCHOOL,550,60,17,24,19,13,25,22
"2403010004",GANGET,"2403",PATAN,"240301",CHANASMA,"2403010004",GANGET,"24030101701",GANGET PRIMARY SCHOOL,98,52,0,13,39,0,12,40
"2403010005",KAMBOI,"2403",PATAN,"240301",CHANASMA,"2403010005",KAMBOI,"24030102001",ITODA PRIMARY SCHOOL,204,50,14,17,19,17,19,14
"2403010006",LANVA KUMAR,"2403",PATAN,"240301",CHANASMA,"2403010006",LANVA KUMAR,"24030103202",LANVA ANUPAM PRI.KANYA SHALA,97,53,20,22,11,23,19,11
"2403010007",VADAVALI KUMAR,"2403",PATAN,"240301",CHANASMA,"2403010007",VADAVALI KUMAR,"24030104001",MITHIGHARIYAL PRIMARI SCHOOL,126,51,7,18,26,4,26,21
"2403010008",ZILIYA,"2403",PATAN,"240301",CHANASMA,"2403010008",ZILIYA,"24030104801",RAMPURA PRIMARY SCHOOL,152,51,6,18,27,7,16,28
"2403020001",ADIYA,"2403",PATAN,"240302",HARIJ,"2403020001",ADIYA,"24030202001",JUNAMAKA PRIMARY SCHOOL,230,52,14,14,24,8,27,17
"2403020002",DANTARVADA,"2403",PATAN,"240302",HARIJ,"2403020002",DANTARVADA,"24030201501",JAMANPUR PRIMARY SCHOOL,150,52,10,21,21,11,16,25
"2403020003",HARIJ 2,"2403",PATAN,"240302",HARIJ,"2403020003",HARIJ 2,"24030201404",HARIJ ADARSHA PRI.KANYA,177,55,18,17,20,18,19,18
"2403020004",KUKARANA,"2403",PATAN,"240302",HARIJ,"2403020004",KUKARANA,"24030206701",VAGHEL PRI.SCHOOL,163,56,11,22,23,9,34,13
"2403020005",NANA,"2403",PATAN,"240302",HARIJ,"2403020005",NANA,"24030203901",PINPALANA PRIMARY SCHOOL,206,55,12,20,23,10,21,24
"2403020006",RODA,"2403",PATAN,"240302",HARIJ,"2403020006",RODA,"24030201101",DUNAVADA PRIMARY SCHOOL,275,54,13,25,16,9,28,17
"2403030001",BALISANA,"2403",PATAN,"240303",PATAN,"2403030001",BALISANA,"24030301402",BALISANA -2 PRIMARY SCHOOL,259,60,16,22,22,13,24,23
"2403030002",DHARPUR,"2403",PATAN,"240303",PATAN,"2403030002",DHARPUR,"24030305901",HANSAPUR PRIMARY SCHOOL,338,54,12,17,25,12,16,26
"2403030003",DUDHARAMPURA,"2403",PATAN,"240303",PATAN,"2403030003",DUDHARAMPURA,"24030304601",DUDHARAMPURA PRIMARY SCHOOL,215,60,17,19,24,15,26,19
"2403030004",KAMLIVADA,"2403",PATAN,"240303",PATAN,"2403030004",KAMLIVADA,"24030303504",DER KANYA PRI.SCHOOL,326,60,9,16,35,11,28,21
"2403030005",KHARI VAVDI,"2403",PATAN,"240303",PATAN,"2403030005",KHARI VAVDI,"24030308601",KHARIVAVADI PRIMARY SCHOOL,129,60,17,21,22,13,22,25
"2403030006",KUNGHER KUMAR,"2403",PATAN,"240303",PATAN,"2403030006",KUNGHER KUMAR,"24030302801",CHANDRUMANA PRIMARY SCHOOL,238,58,16,15,27,14,27,17
"2403030007",NANAVATI,"2403",PATAN,"240303",PATAN,"2403030007",NANAVATI,"24030313502",RAMNAGAR PRIMARY SCHOOL,329,60,23,19,18,13,28,19
"2403030008",RANUJ,"2403",PATAN,"240303",PATAN,"2403030008",RANUJ,"24030312302",MANUND KUMAR SHALA,95,60,9,17,34,15,17,28
"2403030009",SANKHARI,"2403",PATAN,"240303",PATAN,"2403030009",SANKHARI,"24030312702",NORTA-VANTA PRIMARY SCHOOL,354,60,11,29,20,7,22,31
"2403030010",TARABEN KANYA,"2403",PATAN,"240303",PATAN,"2403030010",TARABEN KANYA,"24030308901",KHODIYARPURA PRIMARY SCHOOL,252,54,22,16,16,23,19,12
"2403030011",VANRAJ,"2403",PATAN,"240303",PATAN,"2403030011",VANRAJ,"24030320101",GUMDA MASAJID PRIMARY GIRLS SCHOOL,159,54,9,29,16,7,34,13
"2403080001",ARJANSAR,"2403",PATAN,"240308",RADHANPUR,"2403080001",ARJANSAR,"24030800501",ARJANSAR PRIMARY SCHOOL,292,60,16,12,32,12,21,27
"2403080002",BANDHAVAD,"2403",PATAN,"240308",RADHANPUR,"2403080002",BANDHAVAD,"24030801501",DEV PRIMAY SCHOOL,223,60,18,18,24,19,22,19
"2403080003",BHILOT,"2403",PATAN,"240308",RADHANPUR,"2403080003",BHILOT,"24030804703",MEHMDAVAD PRIMARY SCHOOL,294,60,19,34,7,19,27,14
"2403080004",GOTARKA,"2403",PATAN,"240308",RADHANPUR,"2403080004",GOTARKA,"24030802201",GOTARKA PRIMARY SCHOOL,276,60,16,23,21,14,27,19
"2403080005",KAMAALPUR,"2403",PATAN,"240308",RADHANPUR,"2403080005",KAMAALPUR,"24030803701",KAMAALPUR PRIMARY SCHOL,251,55,14,31,10,23,13,19
"2403080006",NANAPURA,"2403",PATAN,"240308",RADHANPUR,"2403080006",NANAPURA,"24030805201",NANAPURA PRIMARY SCHOOL,185,60,19,25,16,15,25,20
"2403080007",RADHANPUR 1,"2403",PATAN,"240308",RADHANPUR,"2403080007",RADHANPUR 1,"24030806403",PALANPUR JAIN SANGH MADRAS PRIMARY SCHOOL,442,60,16,34,10,20,38,2
"2403080008",RADHANPUR 2,"2403",PATAN,"240308",RADHANPUR,"2403080008",RADHANPUR 2,"24030808601",VALLABHANAGAR PRIMARY SCHOOL,626,60,15,17,28,9,18,33
"2403080009",SINAD,"2403",PATAN,"240308",RADHANPUR,"2403080009",SINAD,"24030803301",JUNAPORANA PRIMARY SCHOOL,299,60,16,35,9,11,39,10
"2403040001",BASPA,"2403",PATAN,"240304",SAMI,"2403040001",BASPA,"24030405001",MANDAVI PRIMARY SCHOOL,250,60,18,25,17,17,24,19
"2403040002",BHADRADA,"2403",PATAN,"240304",SAMI,"2403040002",BHADRADA,"24030410001",SINGOTARIYA PRI.SCHOOL,209,55,18,20,17,7,30,18
"2403040003",DUDKHA KUMAR,"2403",PATAN,"240304",SAMI,"2403040003",DUDKHA KUMAR,"24030406201",NANICHANDUR PRIMARY SCHOOL,285,60,16,33,11,11,31,18
"2403040004",GOCHNAD,"2403",PATAN,"240304",SAMI,"2403040004",GOCHNAD,"24030402401",GOCHANAD PRIMARY SCHOOL,244,60,15,14,31,14,17,29
"2403040005",MOTA JORAVARPURA,"2403",PATAN,"240304",SAMI,"2403040005",MOTA JORAVARPURA,"24030401801",DHADHANA PRIMARY SCHOOL,206,60,21,20,19,21,23,16
"2403040006",SAMI KUMAR 1,"2403",PATAN,"240304",SAMI,"2403040006",SAMI KUMAR 1,"24030408106",SAMI PRIMARY KANYA SCHOOL- 2,264,55,9,13,33,6,25,24
"2403040007",VED,"2403",PATAN,"240304",SAMI,"2403040007",VED,"24030409701",VED PRI.SCHOOL,244,59,15,23,21,15,23,21
"2403090001",ABIYANA,"2403",PATAN,"240309",SANTALPUR,"2403090001",ABIYANA,"24030900101",ABIYANA PRIMARY SCHOOL,173,54,19,27,8,16,27,11
"2403090002",KORDA,"2403",PATAN,"240309",SANTALPUR,"2403090002",KORDA,"24030904401",KORDA PIMARY SCHOOL,264,60,19,17,24,17,19,24
"2403090003",LODRA,"2403",PATAN,"240309",SANTALPUR,"2403090003",LODRA,"24030901101",BORUDA PRIMARY SCHOOL,296,60,16,21,23,19,16,25
"2403090004",MADHUTRA,"2403",PATAN,"240309",SANTALPUR,"2403090004",MADHUTRA,"24030905001",MADHUTRA PRIMAY SCHOOL,412,56,22,24,10,13,21,22
"2403090005",MANPURA,"2403",PATAN,"240309",SANTALPUR,"2403090005",MANPURA,"24030900901",BAMROLI PRIMARY SCHOOL,341,60,31,18,11,25,22,13
"2403090006",SANTALPUR,"2403",PATAN,"240309",SANTALPUR,"2403090006",SANTALPUR,"24030906902",SANTALPUR-2 PRIMARY SCHOOL,246,58,25,19,14,26,16,16
"2403090007",SIDHADA,"2403",PATAN,"240309",SANTALPUR,"2403090007",SIDHADA,"24030907101",SIDHADA PRIMARY SCHOOL,394,60,14,19,27,11,26,23
"2403090008",VARAHI 1,"2403",PATAN,"240309",SANTALPUR,"2403090008",VARAHI 1,"24030907803",VARAHI PRIMARY SCHOOL-3,254,58,11,33,14,10,36,12
"2403120001",AGHAR,"2403",PATAN,"240312",SARASWATI,"2403120001",AGHAR,"24031218001",VAMAIYA PRIMARY SCHOOL,276,60,17,26,17,14,24,22
"2403120002",BHATSAN,"2403",PATAN,"240312",SARASWATI,"2403120002",BHATSAN,"24031208501",KHAREDA PRIMARY SCHOOL,284,60,34,24,2,35,20,5
"2403120003",JANGARAL,"2403",PATAN,"240312",SARASWATI,"2403120003",JANGARAL,"24031208001",KATARA (SAMAL) PRIMARY SCHOOL,209,52,11,21,20,13,27,12
"2403120004",KANSA,"2403",PATAN,"240312",SARASWATI,"2403120004",KANSA,"24031202901",CHARUP PRIMARY SCHOOL,167,50,3,16,31,4,15,31
"2403120005",KIMBUVA,"2403",PATAN,"240312",SARASWATI,"2403120005",KIMBUVA,"24031217601",VADU PRIMARY SCHOOL,209,53,11,24,18,9,29,15
"2403120006",KOITA,"2403",PATAN,"240312",SARASWATI,"2403120006",KOITA,"24031209202",KHODANA PRIMARY SCHOOL,405,60,6,18,36,11,24,25
"2403120007",MOTA NAYATA,"2403",PATAN,"240312",SARASWATI,"2403120007",MOTA NAYATA,"24031211901",MOTA-NAYATA PRIMARY SCHOOL,142,50,6,14,30,1,23,26
"2403120008",ODHAVA,"2403",PATAN,"240312",SARASWATI,"2403120008",ODHAVA,"24031212801",ODHAVA PAY CENTER PRIMARY SCHOOL,152,53,19,17,17,14,21,18
"2403120009",SAMPRA,"2403",PATAN,"240312",SARASWATI,"2403120009",SAMPRA,"24031215101",SAMPRA PRIMARY SCHOOL,268,60,19,24,17,19,26,15
"2403120010",SARIYAD,"2403",PATAN,"240312",SARASWATI,"2403120010",SARIYAD,"24031205201",GOLIVADA PRIMARY SCHOOL,210,55,22,30,3,19,31,5
"2403120011",VAGDOD,"2403",PATAN,"240312",SARASWATI,"2403120011",VAGDOD,"24031209902",LAXMIPURA VADANI PRIMARY SCHOOL,612,52,7,21,24,7,12,33
"2403120012",VAYAD,"2403",PATAN,"240312",SARASWATI,"2403120012",VAYAD,"24031218301",VAYAD PRIMARY SCHOOL,252,60,17,16,27,11,19,30
"2403110001",LOLADA,"2403",PATAN,"240311",SHANKHESHWAR,"2403110001",LOLADA,"24031104701",LOLADA PRIMARY SCHOOL,313,56,3,31,22,1,13,42
"2403110002",MUJPUR KUMAR,"2403",PATAN,"240311",SHANKHESHWAR,"2403110002",MUJPUR KUMAR,"24031105903",MUJPUR PRIMARY GIRLS SCHOOL,127,50,13,20,17,9,24,17
"2403110003",SHANKHESHWAR KUMAR,"2403",PATAN,"240311",SHANKHESHWAR,"2403110003",SHANKHESHWAR KUMAR,"24031108504",SANKHESWAR PRIMARY GILRS SCHOOL,372,56,8,15,33,7,15,34
"2403110004",TUVAD,"2403",PATAN,"240311",SHANKHESHWAR,"2403110004",TUVAD,"24031106603",PADLA PRIMARY SHALA NO.1,208,52,10,21,21,10,23,19
"2403050001",BILIYA,"2403",PATAN,"240305",SIDDHPUR,"2403050001",BILIYA,"24030502901",KHALI PRIMARY SCHOOL,264,54,4,13,37,5,18,31
"2403050002",DETHALI,"2403",PATAN,"240305",SIDDHPUR,"2403050002",DETHALI,"24030501001",DETHALI PRIMARY SCHOOL,359,60,13,25,22,16,29,15
"2403050003",GANGALASAN,"2403",PATAN,"240305",SIDDHPUR,"2403050003",GANGALASAN,"24030501601",GANESHPURA PRIMARY SCHOOL,352,60,12,17,31,11,25,24
"2403050004",KAKOSHI,"2403",PATAN,"240305",SIDDHPUR,"2403050004",KAKOSHI,"24030502301",KAKOSHI PRIMARY SCHOOL,435,60,22,28,10,11,39,10
"2403050005",KUVARA,"2403",PATAN,"240305",SIDDHPUR,"2403050005",KUVARA,"24030502501",SHREE PATEL BABABHAI TALSIBHAI PRIMARY SCHOOL KALYANA,213,54,7,19,28,6,12,36
"2403050006",SAMODA,"2403",PATAN,"240305",SIDDHPUR,"2403050006",SAMODA,"24030504301",MUDANA PRIMARY SCHOOL,274,56,18,17,21,16,19,21
"2403050007",SIDDHPUR 1,"2403",PATAN,"240305",SIDDHPUR,"2403050007",SIDDHPUR 1,"24030507101",PRATHMIK KUMAR SCHOOL NO 7 RAJPUR,335,60,18,23,19,16,25,19
"2411030001",BAVDAVADAR PAY CEN SHALA,"2411",PORBANDAR,"241103",KUTIYANA,"2411030001",BAVDAVADAR PAY CEN SHALA,"24110300901",MAHOBATPARA PRA SHALA,97,47,14,18,15,10,29,8
"2411030002",CHAUTA PAY CEN SHALA,"2411",PORBANDAR,"241103",KUTIYANA,"2411030002",CHAUTA PAY CEN SHALA,"24110302101",CHAUTA PAY CEN SHALA,98,51,6,16,29,5,13,33
"2411030003",DEVDA KANYA PAY CEN SHALA,"2411",PORBANDAR,"241103",KUTIYANA,"2411030003",DEVDA KANYA PAY CEN SHALA,"24110300301",TIMBI NESH PRA SHALA,127,50,15,19,16,8,23,19
"2411030004",KAVALKA PAY CEN SHALA,"2411",PORBANDAR,"241103",KUTIYANA,"2411030004",KAVALKA PAY CEN SHALA,"24110303001",SEGRAS PRA SHALA,65,44,12,15,17,9,16,19
"2411030005",KUTIYANA PAY CEN NO 1,"2411",PORBANDAR,"241103",KUTIYANA,"2411030005",KUTIYANA PAY CEN NO 1,"24110304813",SHALA NO-2,86,49,16,7,26,8,15,26
"2411030006",KUTIYANA PAY CEN NO 3,"2411",PORBANDAR,"241103",KUTIYANA,"2411030006",KUTIYANA PAY CEN NO 3,"24110304805",HARI OM PRA  SHALA,138,50,2,11,37,1,12,37
"2411030007",MAHIYARI KUMAR SHALA,"2411",PORBANDAR,"241103",KUTIYANA,"2411030007",MAHIYARI KUMAR SHALA,"24110304401",KADEGI PRA SHALA,108,50,6,21,23,5,17,28
"2411010001",ADVANA KUMARSHALA,"2411",PORBANDAR,"241101",PORBANDAR,"2411010001",ADVANA KUMARSHALA,"24110100202",ADAVANA KANYA SHALA,92,52,4,20,28,3,15,34
"2411010002",BAGVADAR PAY CEN SHALA,"2411",PORBANDAR,"241101",PORBANDAR,"2411010002",BAGVADAR PAY CEN SHALA,"24110103001",BAGVADAR PAY CEN SHALA,91,52,9,10,33,11,11,30
"2411010003",BAKHRALA PAY CEN SHALA,"2411",PORBANDAR,"241101",PORBANDAR,"2411010003",BAKHRALA PAY CEN SHALA,"24110104503",ZAR SIM SHALA,124,58,15,30,13,11,39,8
"2411010004",BOKHIRA PAY CEN SHALA,"2411",PORBANDAR,"241101",PORBANDAR,"2411010004",BOKHIRA PAY CEN SHALA,"24110105101",BOKHIRA PAY CEN SHALA,483,58,1,27,30,1,25,32
"2411010005",CHHAYA PAY CEN KUMAR SHALA,"2411",PORBANDAR,"241101",PORBANDAR,"2411010005",CHHAYA PAY CEN KUMAR SHALA,"24110107732",NAVAPARA PRA SHALA,339,52,9,14,29,5,21,26
"2411010006",CHHAYA PLOT PAY CEN SHALA,"2411",PORBANDAR,"241101",PORBANDAR,"2411010006",CHHAYA PLOT PAY CEN SHALA,"24110107746",M.K.GANDHI ENGLISH MEDIUM PRIMARY SCHOOL,734,0,0,0,0,0,0,0
"2411010007",DEGAM PRA SHALA,"2411",PORBANDAR,"241101",PORBANDAR,"2411010007",DEGAM PRA SHALA,"24110104801",DEGAM PRA SHALA,135,51,9,35,7,12,22,17
"2411010018",GOSA PAY CEN SHALA,"2411",PORBANDAR,"241101",PORBANDAR,"2411010018",GOSA PAY CEN SHALA,"24110106001",BHAD PAY CEN SHALA,137,50,7,17,26,6,16,28
"2411010008",KHAPAT SIM SHALA NO 1,"2411",PORBANDAR,"241101",PORBANDAR,"2411010008",KHAPAT SIM SHALA NO 1,"24110105303",KHAPAT SIM SHALA NO 1,270,54,8,28,18,8,28,18
"2411010009",KUCHHDI PAY CEN SHALA,"2411",PORBANDAR,"241101",PORBANDAR,"2411010009",KUCHHDI PAY CEN SHALA,"24110104901",KUCHHDI PAY CEN SHALA,221,50,5,15,30,1,10,39
"2411010010",MADHAVPUR PAY CEN SHALA,"2411",PORBANDAR,"241101",PORBANDAR,"2411010010",MADHAVPUR PAY CEN SHALA,"24110107608",SAGAR PRA SHALA,250,60,39,17,4,27,19,14
"2411010011",MANDER PAY CEN SHALA,"2411",PORBANDAR,"241101",PORBANDAR,"2411010011",MANDER PAY CEN SHALA,"24110107101",KADCHH PRA SHALA,213,50,9,20,21,3,23,24
"2411010012",MODHVADA PAY CEN SHALA,"2411",PORBANDAR,"241101",PORBANDAR,"2411010012",MODHVADA PAY CEN SHALA,"24110101301",AMBARAMA PRA SHALA,69,49,4,18,27,4,20,25
"2411010013",ODADAR PAY CENTER SHALA,"2411",PORBANDAR,"241101",PORBANDAR,"2411010013",ODADAR PAY CENTER SHALA,"24110105501",ODADAR PAY CENTER SHALA,171,50,4,18,28,3,15,32
"2411010014",PAY CEN SHALA BALEJ,"2411",PORBANDAR,"241101",PORBANDAR,"2411010014",PAY CEN SHALA BALEJ,"24110106901",BHUVA KEDA NESH PRA SHALA,136,51,16,25,10,7,31,13
"2411010015",RANA ROJIVADA PRA SHALA,"2411",PORBANDAR,"241101",PORBANDAR,"2411010015",RANA ROJIVADA PRA SHALA,"24110100601",RANA ROJIVADA PRA SHALA,93,51,15,21,15,10,21,20
"2411010016",SHISHLI PAY CEN SHALA,"2411",PORBANDAR,"241101",PORBANDAR,"2411010016",SHISHLI PAY CEN SHALA,"24110101101",SHISHLI PAY CEN SHALA,133,52,5,13,34,3,23,26
"2411010017",TALPAD KANYA SHALA,"2411",PORBANDAR,"241101",PORBANDAR,"2411010017",TALPAD KANYA SHALA,"24110107720",SHARADA MANDIR PAY CEN KANYA S,208,58,7,24,27,14,24,20
"2411010019",TUKDA MIYANI PAY CEN SHALA,"2411",PORBANDAR,"241101",PORBANDAR,"2411010019",TUKDA MIYANI PAY CEN SHALA,"24110101501",MIYANI PRA SHALA,289,50,8,21,21,6,24,20
"2411020001",ADITYANA PAY CEN SHALA,"2411",PORBANDAR,"241102",RANAVAV,"2411020001",ADITYANA PAY CEN SHALA,"24110206403",ADITYANA DANKI PRA SHALA,290,58,1,24,33,1,29,28
"2411020002",BHODDAR PAY CEN SHALA,"2411",PORBANDAR,"241102",RANAVAV,"2411020002",BHODDAR PAY CEN SHALA,"24110204501",THOYANA PRA SHALA,125,50,6,14,30,4,13,33
"2411020003",BILESHEVER PRA SHALA,"2411",PORBANDAR,"241102",RANAVAV,"2411020003",BILESHEVER PRA SHALA,"24110202701",ZARERA NESH PRA SHALA,93,50,24,22,4,18,27,5
"2411020004",KANDORNA PAY CEN SHALA KUMAR,"2411",PORBANDAR,"241102",RANAVAV,"2411020004",KANDORNA PAY CEN SHALA KUMAR,"24110204304",PUNJAPARA PRA SHALA,160,51,7,29,15,8,29,14
"2411020005",KANYA PAY CEN SHALA RANAVAV,"2411",PORBANDAR,"241102",RANAVAV,"2411020005",KANYA PAY CEN SHALA RANAVAV,"24110206502",KANYA PAY CEN SHALA RANAVAV,189,52,7,20,25,9,13,30
"2411020006",KHAMBHALA PRA SHALA,"2411",PORBANDAR,"241102",RANAVAV,"2411020006",KHAMBHALA PRA SHALA,"24110202801",KHAMBHALA PRA SHALA,134,51,3,22,26,1,19,31
"2411020007",KHIRSARA PAY CEN SHALA,"2411",PORBANDAR,"241102",RANAVAV,"2411020007",KHIRSARA PAY CEN SHALA,"24110203101",DOLATGADH PRA SHALA,135,50,9,18,23,9,18,23
"2411020008",RANAVAV KUMAR PAY CEN SHALA,"2411",PORBANDAR,"241102",RANAVAV,"2411020008",RANAVAV KUMAR PAY CEN SHALA,"24110204002",BHORASAR SIM SHALA,154,58,13,16,29,14,12,32
"2411020009",VADVALA KUMAR PAY CEN SHALA,"2411",PORBANDAR,"241102",RANAVAV,"2411020009",VADVALA KUMAR PAY CEN SHALA,"24110204701",MOKAR PRA SHALA,162,51,6,16,29,2,24,25
"2409010002",NANI MARAD PRIMARY SCHOOL,"2409",RAJKOT,"240901",DHORAJI,"2409010002",NANI MARAD PRIMARY SCHOOL,"24090101402",KALANA TALUKA SCHOOL,146,55,19,13,23,12,19,24
"2409010001",PRIMARY SCHOOL NO. 12 DHORAJI,"2409",RAJKOT,"240901",DHORAJI,"2409010001",PRIMARY SCHOOL NO. 12 DHORAJI,"24090101007",PRIMARY SCHOOL NO. 12 DHORAJI,170,52,15,19,18,10,28,14
"2409010003",PRIMARY SCHOOL NO. 17,"2409",RAJKOT,"240901",DHORAJI,"2409010003",PRIMARY SCHOOL NO. 17,"24090101008",PRIMARY SCHOOL NO. 11 DHORAJI,155,55,13,22,20,10,21,24
"2409010004",SUPEDI TALUKA SCHOOL,"2409",RAJKOT,"240901",DHORAJI,"2409010004",SUPEDI TALUKA SCHOOL,"24090103201",ZANZMER KUMAR PRIMARY SCHOOL,152,60,18,22,20,14,23,23
"2409010005",TALUKA SCHOOL NO.1 MOTIMARAD,"2409",RAJKOT,"240901",DHORAJI,"2409010005",TALUKA SCHOOL NO.1 MOTIMARAD,"24090101503",PRIMARY SCHOOL NO.3 MOTIMARAD,124,51,15,21,15,9,24,18
"2409010006",TALUKA SCHOOL NO.3 DHORAJI,"2409",RAJKOT,"240901",DHORAJI,"2409010006",TALUKA SCHOOL NO.3 DHORAJI,"24090101019",TALUKA SCHOOL NO.5 DHORAJI,178,60,7,26,27,2,26,32
"2409010007",TALUKA SCHOOL NO.4 DHORAJI,"2409",RAJKOT,"240901",DHORAJI,"2409010007",TALUKA SCHOOL NO.4 DHORAJI,"24090100503",SAPATARDHAR PRIMARY SCHOOL,135,51,13,20,18,9,25,17
"2409020001",ANIDA TALUKA SHALA,"2409",RAJKOT,"240902",GONDAL,"2409020001",ANIDA TALUKA SHALA,"24090207801",VEJAGAM PRI. SCHOOL,137,57,11,15,31,9,18,30
"2409020002",BHUNAVA TALUKA SHALA,"2409",RAJKOT,"240902",GONDAL,"2409020002",BHUNAVA TALUKA SHALA,"24090202601",GUNDASARA PRI. SCHOOL,344,60,9,17,34,6,21,33
"2409020003",BILIYALA TALUKA SHALA,"2409",RAJKOT,"240902",GONDAL,"2409020003",BILIYALA TALUKA SHALA,"24090201104",SHEMLA SIM PRI. SCHOOL,142,60,15,30,15,15,27,18
"2409020004",GHOGHAVADAR KUMAR TALUKA SHALA,"2409",RAJKOT,"240902",GONDAL,"2409020004",GHOGHAVADAR KUMAR TALUKA SHALA,"24090206701",RUPAVATI PRI. SCHOOL,172,60,18,30,12,15,36,9
"2409020005",GOMTA TALUKA SHALA,"2409",RAJKOT,"240902",GONDAL,"2409020005",GOMTA TALUKA SHALA,"24090202301",GOMTA TALUKA SHALA,116,57,7,24,26,11,23,23
"2409020006",GONDAL SHALA NO. 1,"2409",RAJKOT,"240902",GONDAL,"2409020006",GONDAL SHALA NO. 1,"24090202405",GONDAL SHALA NO. 7,162,48,36,11,1,30,18,0
"2409020007",GONDAL SHALA NO. 8,"2409",RAJKOT,"240902",GONDAL,"2409020007",GONDAL SHALA NO. 8,"24090202415",GONDAL SHALA NO.16,412,60,13,26,21,7,32,21
"2409020008",JAMWALI PRI. SCHOOL,"2409",RAJKOT,"240902",GONDAL,"2409020008",JAMWALI PRI. SCHOOL,"24090202901",JAMWALI PRI. SCHOOL,218,59,10,20,29,8,18,33
"2409020009",KOLITHAD KUMAR TALUKA SHALA,"2409",RAJKOT,"240902",GONDAL,"2409020009",KOLITHAD KUMAR TALUKA SHALA,"24090200101",AMBARDI TALUKA SHALA,138,56,26,15,15,10,30,16
"2409020010",MOTA DADVA KUMAR TALUKA SHALA,"2409",RAJKOT,"240902",GONDAL,"2409020010",MOTA DADVA KUMAR TALUKA SHALA,"24090204503",MOTA DADVA KANYA PRI. SCHOOL,95,50,4,30,16,8,28,14
"2409020011",MOVIYA KUMAR TALUKA SHALA NO. 1,"2409",RAJKOT,"240902",GONDAL,"2409020011",MOVIYA KUMAR TALUKA SHALA NO. 1,"24090205001",MOVIYA KUMAR TALUKA SHALA NO. 1,157,60,23,20,17,16,21,23
"2409020012",SHRINATHGADH PRI. SCHOOL,"2409",RAJKOT,"240902",GONDAL,"2409020012",SHRINATHGADH PRI. SCHOOL,"24090207002",SHIVRAJGADH KANYA SCHOOL,129,50,3,23,24,1,20,29
"2409020013",SULTANPUR KUMAR TALUKA SHALA,"2409",RAJKOT,"240902",GONDAL,"2409020013",SULTANPUR KUMAR TALUKA SHALA,"24090207302",SULTANPUR KANYA PRI. SCHOOL,131,54,15,21,18,11,20,23
"2409020014",TALUKA SHALA DERDI KUMBHAJI,"2409",RAJKOT,"240902",GONDAL,"2409020014",TALUKA SHALA DERDI KUMBHAJI,"24090207701",SHREE SHAM SAMAJU AJMERA TALUKA SHALA VASAVAD,204,55,12,30,13,9,26,20
"2409030001",CHITRAVD,"2409",RAJKOT,"240903",JAMKANDORNA,"2409030001",CHITRAVD,"24090300501",BARADIYA TALUKA SCHOOL,101,53,26,21,6,18,26,9
"2409030002",INDIRANAGAR,"2409",RAJKOT,"240903",JAMKANDORNA,"2409030002",INDIRANAGAR,"24090303801",SAJADIYALI PRIMARY SCHOOL,124,60,16,20,24,22,19,19
"2409030003",JASAPAR,"2409",RAJKOT,"240903",JAMKANDORNA,"2409030003",JASAPAR,"24090301801",JAMKANDORNA TALUKA SCHOOL,129,57,14,18,25,6,21,30
"2409030004",KHAJURADA,"2409",RAJKOT,"240903",JAMKANDORNA,"2409030004",KHAJURADA,"24090304101",SODVADAR TALUKA SCHOOL,139,54,5,24,25,4,20,30
"2409030005",RAYADI,"2409",RAJKOT,"240903",JAMKANDORNA,"2409030005",RAYADI,"24090302601",MOTA BHADRA PRIMARY SCHOOL,78,55,6,27,22,9,23,23
"2409030006",SATODAD,"2409",RAJKOT,"240903",JAMKANDORNA,"2409030006",SATODAD,"24090304001",SATODAD TALUKA SCHOOL,135,58,9,31,18,7,25,26
"2409030007",VIMALNAGAR,"2409",RAJKOT,"240903",JAMKANDORNA,"2409030007",VIMALNAGAR,"24090302401",MEGHAVAD PRIMARY SCHOOL,76,53,19,27,7,15,31,7
"2409040001",ATKOT KUMAR TALUKA SCHOOL,"2409",RAJKOT,"240904",JASDAN,"2409040001",ATKOT KUMAR TALUKA SCHOOL,"24090400902",BALDHOI PRIMARY SCHOOL,203,53,14,25,14,9,19,25
"2409040002",BHADLA TALUKA PRIMARY SCHOOL,"2409",RAJKOT,"240904",JASDAN,"2409040002",BHADLA TALUKA PRIMARY SCHOOL,"24090402701",GADHADIYA  JAM PRIMARY SCHOOL,151,50,5,22,23,0,18,32
"2409040003",KAILASHNAGAR PRIMARY SCHOOL,"2409",RAJKOT,"240904",JASDAN,"2409040003",KAILASHNAGAR PRIMARY SCHOOL,"24090400703",KAILASHNAGAR TALUKA SCHOOL ATKOT,159,60,15,28,17,19,31,10
"2409040004",KAILASHNAGAR TALUKA SCHOOL,"2409",RAJKOT,"240904",JASDAN,"2409040004",KAILASHNAGAR TALUKA SCHOOL,"24090403924",SARDAR PATEL NAGAR PRI. SCHOOL,201,57,5,17,35,4,19,34
"2409040005",KAMLAPUR TALUKA PRIMARY SCHOOL,"2409",RAJKOT,"240904",JASDAN,"2409040005",KAMLAPUR TALUKA PRIMARY SCHOOL,"24090402101",DAHISARA PRIMARY SCHOOL,201,55,7,33,15,9,34,12
"2409040006",KANESARA KUMAR PRIMARY SCHOOL,"2409",RAJKOT,"240904",JASDAN,"2409040006",KANESARA KUMAR PRIMARY SCHOOL,"24090405101",KHADVAVDI PRIMARY SCHOOL,240,53,18,16,19,9,17,27
"2409040007",KUMAR TALUKA SCHOOL JASDAN,"2409",RAJKOT,"240904",JASDAN,"2409040007",KUMAR TALUKA SCHOOL JASDAN,"24090403101",GOKHALANA PRIMARY SCHOOL,247,53,9,15,29,3,24,26
"2409040008",LILAPUR KANYA SCHOOL,"2409",RAJKOT,"240904",JASDAN,"2409040008",LILAPUR KANYA SCHOOL,"24090405201",KHANDAHADMATIYA PRIMARY SCHOOL,157,50,9,30,11,12,25,13
"2409040009",SANATHALI TALUKA PRIMARY SCHOOL,"2409",RAJKOT,"240904",JASDAN,"2409040009",SANATHALI TALUKA PRIMARY SCHOOL,"24090404201",JUNA PIPALIYA TALUKA SCHOOL,156,57,9,18,30,8,27,22
"2409040010",VADOD PRIMARY SCHOOL,"2409",RAJKOT,"240904",JASDAN,"2409040010",VADOD PRIMARY SCHOOL,"24090410501",GODLADHAR PRIMARY SCHOOL,218,51,14,22,15,10,20,21
"2409040011",VAJSURPARA KUMAR PRIMARY SCHOOL,"2409",RAJKOT,"240904",JASDAN,"2409040011",VAJSURPARA KUMAR PRIMARY SCHOOL,"24090400801",BAKHALVAD PRIMARY SCHOOL,259,53,3,12,38,3,16,34
"2409050001",BORDI SAMADHIYALA TALUKA SHALA,"2409",RAJKOT,"240905",JETPUR,"2409050001",BORDI SAMADHIYALA TALUKA SHALA,"24090501302",DEVKI GALOL KANYA SCHOL,142,60,18,30,12,19,31,10
"2409050002",JETALSAR KUMAR GROUP SCHOOL,"2409",RAJKOT,"240905",JETPUR,"2409050002",JETALSAR KUMAR GROUP SCHOOL,"24090501101",DEDARVA PRIMARY SCHOOL,139,50,6,17,27,3,17,30
"2409050003",KHIRASARA KUMAR SCHOOL,"2409",RAJKOT,"240905",JETPUR,"2409050003",KHIRASARA KUMAR SCHOOL,"24090504702",VADASADA KANYA PRIMARY SCHOOL,123,53,11,15,27,5,17,31
"2409050004",MEVASA KUMAR PRIMARY SCHOOL,"2409",RAJKOT,"240905",JETPUR,"2409050004",MEVASA KUMAR PRIMARY SCHOOL,"24090501601",JEPUR PRIMARY SCHOOL,98,51,1,21,29,6,24,21
"2409050005",PEDHALA KANYA PRIMARY SCHOOL,"2409",RAJKOT,"240905",JETPUR,"2409050005",PEDHALA KANYA PRIMARY SCHOOL,"24090503302",PEDHALA KANYA PRIMARY SCHOOL,205,56,10,29,17,7,29,20
"2409050006",SCHOOL NO. 14,"2409",RAJKOT,"240905",JETPUR,"2409050006",SCHOOL NO. 14,"24090501767",SCHOOL NO. 14,210,60,7,14,39,4,19,37
"2409050007",SCHOOL NO. 3,"2409",RAJKOT,"240905",JETPUR,"2409050007",SCHOOL NO. 3,"24090501762",SCHOOL NO. 9,213,60,29,22,9,18,33,9
"2409050008",SHRI SOMBAI PITHADIYA PRI. SCH,"2409",RAJKOT,"240905",JETPUR,"2409050008",SHRI SOMBAI PITHADIYA PRI. SCH,"24090504802",VIRPUR KANYA PRIMARY SCHOOL,133,60,11,7,42,15,12,33
"2409050009",TALUKA SCHOOL NO.1 JETPUR,"2409",RAJKOT,"240905",JETPUR,"2409050009",TALUKA SCHOOL NO.1 JETPUR,"24090501774",SCHOOL NO. 19,210,60,8,24,28,6,21,33
"2409060001",KOTDA SANGANI KANYA TALUKA SCHOOL,"2409",RAJKOT,"240906",KOTDA SANGANI,"2409060001",KOTDA SANGANI KANYA TALUKA SCHOOL,"24090601801",SHRI D K MEHTA KUMAR TALUKA SHALA,136,60,12,31,17,10,24,26
"2409060002",NAVI KANYA TALUKA SCHOOL  VERAVAL,"2409",RAJKOT,"240906",KOTDA SANGANI,"2409060002",NAVI KANYA TALUKA SCHOOL  VERAVAL,"24090603701",SHAPAR PRI. SCHOOL,584,60,12,28,20,11,27,22
"2409060003",RAJPARA TALUKA PRI. SCHOOL,"2409",RAJKOT,"240906",KOTDA SANGANI,"2409060003",RAJPARA TALUKA PRI. SCHOOL,"24090602801",PADAVALA PRI. SCHOOL,149,60,17,15,28,13,15,32
"2409060004",RAMOD TALUKA PRI. SCHOOL,"2409",RAJKOT,"240906",KOTDA SANGANI,"2409060004",RAMOD TALUKA PRI. SCHOOL,"24090603601",SATAPAR TALUKA PRI. SCHOOL,100,54,13,18,23,12,21,21
"2409060005",THORDI PRI. SCHOOL,"2409",RAJKOT,"240906",KOTDA SANGANI,"2409060005",THORDI PRI. SCHOOL,"24090602601",NAVI MENGANI TALUKA PRI SCHOOL,144,60,28,15,17,19,26,15
"2409070001",DHOLRA TALUKA PRI. SCHOOL,"2409",RAJKOT,"240907",LODHIKA,"2409070001",DHOLRA TALUKA PRI. SCHOOL,"24090702701",PARDI PRI. SCHOOL,381,60,8,7,45,7,7,46
"2409070002",KHAMBHA TALUKA SCHOOL,"2409",RAJKOT,"240907",LODHIKA,"2409070002",KHAMBHA TALUKA SCHOOL,"24090703201",RAVKI PRI. SCHOOL,173,60,15,36,9,17,34,9
"2409070003",KHIRASRA NAVI PRI. SCHOOL,"2409",RAJKOT,"240907",LODHIKA,"2409070003",KHIRASRA NAVI PRI. SCHOOL,"24090702106",SHREE SARDAR PATEL PRI. SCHOOL METODA (GIDC),576,60,9,23,28,8,27,25
"2409070004",LODHIKA KUMAR TA.SHALA,"2409",RAJKOT,"240907",LODHIKA,"2409070004",LODHIKA KUMAR TA.SHALA,"24090700501",CHIBHADA PRI. SCHOOL,187,59,14,16,29,14,23,22
"2409070005",NAGAR PIPALIYA TALUKA SCHOOL,"2409",RAJKOT,"240907",LODHIKA,"2409070005",NAGAR PIPALIYA TALUKA SCHOOL,"24090702201",MOTAVADA PRI. SCHOOL,180,60,16,18,26,11,20,29
"2409100001",BAGHI TALUKA PRI. SCHOOL,"2409",RAJKOT,"240910",PADDHARI,"2409100001",BAGHI TALUKA PRI. SCHOOL,"24091001501",GADHADA PRI. SCHOOL,135,60,3,18,39,4,23,33
"2409100002",KHAMATA PRI. SCHOOL,"2409",RAJKOT,"240910",PADDHARI,"2409100002",KHAMATA PRI. SCHOOL,"24091003301",KHAMATA PRI. SCHOOL,103,60,6,31,23,9,39,12
"2409100003",KHAMBHALA PRI. SCHOOL,"2409",RAJKOT,"240910",PADDHARI,"2409100003",KHAMBHALA PRI. SCHOOL,"24091004801",NYARA PRI. SCHOOL,187,60,6,21,33,7,20,33
"2409100004",KHODAPIPAR PRI. SCHOOL,"2409",RAJKOT,"240910",PADDHARI,"2409100004",KHODAPIPAR PRI. SCHOOL,"24091005901",THORIYALI PRI. SCHOOL,167,60,12,32,16,15,29,16
"2409100005",MOTA KHIJADIYA PRI. SCHOOL,"2409",RAJKOT,"240910",PADDHARI,"2409100005",MOTA KHIJADIYA PRI. SCHOOL,"24091003701",MOTA KHIJADIYA PRI. SCHOOL,145,57,25,24,8,18,27,12
"2409100006",MOTA RAMPAR,"2409",RAJKOT,"240910",PADDHARI,"2409100006",MOTA RAMPAR,"24091005801",TARGHADI PRI. SCHOOL,153,58,21,26,11,13,36,9
"2409100007",PADDHARI KANYA PRI. SCHOOL,"2409",RAJKOT,"240910",PADDHARI,"2409100007",PADDHARI KANYA PRI. SCHOOL,"24091006001",SHREE UKARDA PRIMARY SCHOOL,136,60,25,27,8,21,39,0
"2409100008",PADDHARI PRI. SCHOOL,"2409",RAJKOT,"240910",PADDHARI,"2409100008",PADDHARI PRI. SCHOOL,"24091001701",GITANAGAR TA. SCHOOL,311,60,16,34,10,7,33,20
"2409100009",VISAMAN PLOT VISTAR PRI. SCHOOL,"2409",RAJKOT,"240910",PADDHARI,"2409100009",VISAMAN PLOT VISTAR PRI. SCHOOL,"24091002401",JILARIYA TALUKA SCHOOL,137,60,9,15,36,1,11,48
"2409110001",ANANDPAR PRI.SCH. NO.2,"2409",RAJKOT,"240911",RAJKOT,"2409110001",ANANDPAR PRI.SCH. NO.2,"24091100109",ANANDPAR PRI.SCH. NO.3,373,60,20,36,4,15,36,9
"2409110016",BAMANBOR TALUKA SCHOOL,"2409",RAJKOT,"240911",RAJKOT,"2409110016",BAMANBOR TALUKA SCHOOL,"24091110801",NAVAGAM (BA) PRIMARY SCHOOL,140,52,14,24,14,3,36,13
"2409110002",BEDLA TALUKA SCHOOL,"2409",RAJKOT,"240911",RAJKOT,"2409110002",BEDLA TALUKA SCHOOL,"24091100801",BEDLA TALUKA SCHOOL,245,59,8,31,20,19,29,11
"2409110003",GADHAKA TALUKA SCHOOL,"2409",RAJKOT,"240911",RAJKOT,"2409110003",GADHAKA TALUKA SCHOOL,"24091105601",MAHIKA PRIMARY SCHOOL,205,60,11,29,20,15,45,0
"2409110004",GAURIDAD TALUKA SCHOOL,"2409",RAJKOT,"240911",RAJKOT,"2409110004",GAURIDAD TALUKA SCHOOL,"24091100701",BEDI PRIMARY SCHOOL,324,60,19,26,15,11,36,13
"2409110005",INDO AMERICAN PRIMARY SCHOOL,"2409",RAJKOT,"240911",RAJKOT,"2409110005",INDO AMERICAN PRIMARY SCHOOL,"24091102804",HALENDA TALUKA SCHOOL,142,60,9,34,17,3,35,22
"2409110006",KAGDADI TALUKA  PRIMARY SCHOOL,"2409",RAJKOT,"240911",RAJKOT,"2409110006",KAGDADI TALUKA  PRIMARY SCHOOL,"24091110001",HADALA PRIMARY SCHOOL,285,60,5,28,27,4,19,37
"2409110007",KASTURBADHAM TALUKA SCHOOL,"2409",RAJKOT,"240911",RAJKOT,"2409110007",KASTURBADHAM TALUKA SCHOOL,"24091109201",VADALI PRIMARY SCHOOL,204,52,4,22,26,4,22,26
"2409110009",KUCHIYADAD PRIMARY SCHOOL,"2409",RAJKOT,"240911",RAJKOT,"2409110009",KUCHIYADAD PRIMARY SCHOOL,"24091104701",KUCHIYADAD PRIMARY SCHOOL,185,51,4,31,16,4,27,20
"2409110010",KUVADVA TALUKA SCHOOL,"2409",RAJKOT,"240911",RAJKOT,"2409110010",KUVADVA TALUKA SCHOOL,"24091103401",JIYANA PRIMARY SCHOOL,236,52,7,30,15,3,29,20
"2409110011",LAKHAPAR TALUKA SCHOOL,"2409",RAJKOT,"240911",RAJKOT,"2409110011",LAKHAPAR TALUKA SCHOOL,"24091104901",LAKHAPAR TALUKA SCHOOL,138,52,5,13,34,5,21,26
"2409110008",LOTHADA PRIMARY SCHOOL,"2409",RAJKOT,"240911",RAJKOT,"2409110008",LOTHADA PRIMARY SCHOOL,"24091105301",LOTHADA TALUKA SCHOOL,366,60,13,26,21,11,30,19
"2409110013",MALIYASAN TALUKA SCHOOL,"2409",RAJKOT,"240911",RAJKOT,"2409110013",MALIYASAN TALUKA SCHOOL,"24091105801",MALIYASAN TALUKA SCHOOL,210,60,10,25,25,6,28,26
"2409110017",NAVU VAJDIGADH PRIMARY SCHOOL,"2409",RAJKOT,"240911",RAJKOT,"2409110017",NAVU VAJDIGADH PRIMARY SCHOOL,"24091109301",VAJDI VIRDA PRIMARY SCHOOL,168,58,4,18,36,2,15,41
"2409110015",SARDHAR KANYA TALUKA SCHOOL,"2409",RAJKOT,"240911",RAJKOT,"2409110015",SARDHAR KANYA TALUKA SCHOOL,"24091108205",SARDAR VALLABHBHAI PATEL PRIMARY SCHOOL,143,60,11,21,28,9,23,28
"2409150001",C.R.C. NO. 1,"2409",RAJKOT,"240915",RAJKOT CORPORATION,"2409150001",C.R.C. NO. 1,"24091500109",SCHOOL NO. 91,656,60,3,13,44,3,12,45
"2409150010",C.R.C. NO. 10,"2409",RAJKOT,"240915",RAJKOT CORPORATION,"2409150010",C.R.C. NO. 10,"24091502107",SCHOOL NO.88,250,60,6,23,31,4,20,36
"2409150011",C.R.C. NO. 11,"2409",RAJKOT,"240915",RAJKOT CORPORATION,"2409150011",C.R.C. NO. 11,"24091500108",SCHOOL NO. 89,366,60,12,25,23,13,30,17
"2409150012",C.R.C. NO. 12,"2409",RAJKOT,"240915",RAJKOT CORPORATION,"2409150012",C.R.C. NO. 12,"24091502202",SCHOOL NO.94,294,60,12,18,30,11,21,28
"2409150013",C.R.C. NO. 13,"2409",RAJKOT,"240915",RAJKOT CORPORATION,"2409150013",C.R.C. NO. 13,"24091502201",SCHOOL NO.93,396,60,13,20,27,8,21,31
"2409150014",C.R.C. NO. 14,"2409",RAJKOT,"240915",RAJKOT CORPORATION,"2409150014",C.R.C. NO. 14,"24091501431",SCHOOL NO 81A,146,60,12,19,29,9,21,30
"2409150015",C.R.C. NO. 15,"2409",RAJKOT,"240915",RAJKOT CORPORATION,"2409150015",C.R.C. NO. 15,"24091500305",SCHOOL NO.51,139,57,19,24,14,14,28,15
"2409150016",C.R.C. NO. 16,"2409",RAJKOT,"240915",RAJKOT CORPORATION,"2409150016",C.R.C. NO. 16,"24091501608",SCHOOL NO.76,379,60,5,31,24,8,32,20
"2409150017",C.R.C. NO. 17,"2409",RAJKOT,"240915",RAJKOT CORPORATION,"2409150017",C.R.C. NO. 17,"24091501902",SCHOOL NO.96,616,60,16,29,15,9,33,18
"2409150018",C.R.C. NO. 18,"2409",RAJKOT,"240915",RAJKOT CORPORATION,"2409150018",C.R.C. NO. 18,"24091500502",SCHOOL NO.58,305,60,10,22,28,9,29,22
"2409150019",C.R.C. NO. 19,"2409",RAJKOT,"240915",RAJKOT CORPORATION,"2409150019",C.R.C. NO. 19,"24091500802",SCHOOL NO.65,145,60,28,17,15,25,23,12
"2409150002",C.R.C. NO. 2,"2409",RAJKOT,"240915",RAJKOT CORPORATION,"2409150002",C.R.C. NO. 2,"24091501403",SCHOOL NO.59,339,60,22,13,25,24,25,11
"2409150020",C.R.C. NO. 20,"2409",RAJKOT,"240915",RAJKOT CORPORATION,"2409150020",C.R.C. NO. 20,"24091500701",SCHOOL NO.69,346,60,8,24,28,4,36,20
"2409150021",C.R.C. NO. 21,"2409",RAJKOT,"240915",RAJKOT CORPORATION,"2409150021",C.R.C. NO. 21,"24091502104",SCHOOL NO.85,428,60,14,24,22,8,29,23
"2409150022",C.R.C. NO. 22,"2409",RAJKOT,"240915",RAJKOT CORPORATION,"2409150022",C.R.C. NO. 22,"24091500704",SCHOOL NO.20 B,181,59,34,25,0,22,31,6
"2409150023",C.R.C. NO. 23,"2409",RAJKOT,"240915",RAJKOT CORPORATION,"2409150023",C.R.C. NO. 23,"24091500506",SCHOOL NO.61,337,60,9,25,26,6,24,30
"2409150024",C.R.C. NO. 24,"2409",RAJKOT,"240915",RAJKOT CORPORATION,"2409150024",C.R.C. NO. 24,"24091502503",NARAYAN NAGAR KANYA SCHOOL,569,60,15,19,26,9,19,32
"2409150025",C.R.C. NO. 25,"2409",RAJKOT,"240915",RAJKOT CORPORATION,"2409150025",C.R.C. NO. 25,"24091502603",TIRUPATI  PRIMARY SCHOOL,584,60,18,22,20,11,30,19
"2409150003",C.R.C. NO. 3,"2409",RAJKOT,"240915",RAJKOT CORPORATION,"2409150003",C.R.C. NO. 3,"24091501604",SCHOOL NO.98,731,60,6,9,45,5,16,39
"2409150004",C.R.C. NO. 4,"2409",RAJKOT,"240915",RAJKOT CORPORATION,"2409150004",C.R.C. NO. 4,"24091501601",SCHOOL NO.33,345,60,3,24,33,3,14,43
"2409150005",C.R.C. NO. 5,"2409",RAJKOT,"240915",RAJKOT CORPORATION,"2409150005",C.R.C. NO. 5,"24091501707",SCHOOL NO.89 B,448,60,17,27,16,10,33,17
"2409150006",C.R.C. NO. 6,"2409",RAJKOT,"240915",RAJKOT CORPORATION,"2409150006",C.R.C. NO. 6,"24091501804",SCHOOL NO. 67,572,60,13,26,21,6,31,23
"2409150007",C.R.C. NO. 7,"2409",RAJKOT,"240915",RAJKOT CORPORATION,"2409150007",C.R.C. NO. 7,"24091501703",SCHOOL NO.43,402,60,17,24,19,15,25,20
"2409150008",C.R.C. NO. 8,"2409",RAJKOT,"240915",RAJKOT CORPORATION,"2409150008",C.R.C. NO. 8,"24091500104",SCHOOL NO.16,271,60,4,17,39,2,17,41
"2409150009",C.R.C. NO. 9,"2409",RAJKOT,"240915",RAJKOT CORPORATION,"2409150009",C.R.C. NO. 9,"24091501103",SCHOOL NO.57,134,51,16,20,15,13,26,12
"2409130001",ARNI,"2409",RAJKOT,"240913",UPLETA,"2409130001",ARNI,"24091300101",ARNI TALUKA  SHALA,234,60,8,34,18,9,35,16
"2409130002",BHAYAVADAR,"2409",RAJKOT,"240913",UPLETA,"2409130002",BHAYAVADAR,"24091300301",KANYA TALUKA SCHOOL BHAYAVADAR,239,60,10,17,33,9,25,26
"2409130005",DHANK,"2409",RAJKOT,"240913",UPLETA,"2409130005",DHANK,"24091303101",MERVADAR TALUKA PRIMARY SCHOOL,172,60,10,20,30,11,24,25
"2409130003",KHAKHIJALIYA,"2409",RAJKOT,"240913",UPLETA,"2409130003",KHAKHIJALIYA,"24091304501",SEVANTRA PRIMARY SCHOOL,124,51,8,12,31,6,16,29
"2409130004",KHARACHIYA,"2409",RAJKOT,"240913",UPLETA,"2409130004",KHARACHIYA,"24091302201",KHARACHIYA TALUKA SCHOOL,173,54,11,17,26,9,20,25
"2409130006",RAJMOTI,"2409",RAJKOT,"240913",UPLETA,"2409130006",RAJMOTI,"24091304840",DR.MADHUBEN DESAI PRIMARY SCHOOL,221,60,12,19,29,9,33,18
"2409130007",SINHAR - UPLETA,"2409",RAJKOT,"240913",UPLETA,"2409130007",SINHAR - UPLETA,"24091304803",SMT M.H.SINHAR PRIMARY SCHOOL,211,60,17,21,22,4,19,37
"2409130008",TALAGANA,"2409",RAJKOT,"240913",UPLETA,"2409130008",TALAGANA,"24091304301",SAMADHIYALA TALUKA SCHOOL,103,50,1,16,33,2,10,38
"2409130009",TALUKA SCHOOL - UPLETA,"2409",RAJKOT,"240913",UPLETA,"2409130009",TALUKA SCHOOL - UPLETA,"24091304851",TALUKA PRIMARY SCHOOL UPLETA,168,60,35,24,1,35,24,1
"2409130010",VARZANGJALIYA,"2409",RAJKOT,"240913",UPLETA,"2409130010",VARZANGJALIYA,"24091303401",NAGVADAR TALUKA  SCHOOL,136,54,8,12,34,8,9,37
"2409160001",AMRAPUR KANYA SCHOOL,"2409",RAJKOT,"240916",VINCHHIYA,"2409160001",AMRAPUR KANYA SCHOOL,"24091607401",FULZAR PRIMARY SCHOOL,195,51,8,22,21,7,19,25
"2409160002",BANDHANI PRI. SCHOOL,"2409",RAJKOT,"240916",VINCHHIYA,"2409160002",BANDHANI PRI. SCHOOL,"24091601001",BANDHALI PRI. SCHOOL,211,50,7,22,21,6,24,20
"2409160003",BHADALI TALUKA SCHOOL,"2409",RAJKOT,"240916",VINCHHIYA,"2409160003",BHADALI TALUKA SCHOOL,"24091601301",BHADALI TALUKA SCHOOL,131,54,9,25,20,6,25,23
"2409160004",CHHASIYA KUMAR PRIMARY SCHOOL,"2409",RAJKOT,"240916",VINCHHIYA,"2409160004",CHHASIYA KUMAR PRIMARY SCHOOL,"24091601802",CHHASIYA KANYA PRIMARY SCHOOL,130,52,9,24,19,4,30,18
"2409160005",JINPARA PRIMARY SCHOOL.,"2409",RAJKOT,"240916",VINCHHIYA,"2409160005",JINPARA PRIMARY SCHOOL.,"24091609903",JINPARA PRIMARY SCHOOL.,255,54,16,16,22,12,22,20
"2409160006",MODHUKA PRI. SCHOOL,"2409",RAJKOT,"240916",VINCHHIYA,"2409160006",MODHUKA PRI. SCHOOL,"24091609101",SOM PIPALIYA PRIMARY SCHOOL,234,53,11,31,11,9,32,12
"2409160007",PIPARDI KUMAR TAL.PRI SCHOOL,"2409",RAJKOT,"240916",VINCHHIYA,"2409160007",PIPARDI KUMAR TAL.PRI SCHOOL,"24091602201",DEVDHARI PRIMARY SCHOOL,214,52,7,23,22,3,21,28
"2409160008",VINCHHIYA KANYA PRIMARY SCHOOL,"2409",RAJKOT,"240916",VINCHHIYA,"2409160008",VINCHHIYA KANYA PRIMARY SCHOOL,"24091609902",VINCHHIYA KANYA PRIMARY SCHOOL,189,54,7,26,21,9,24,21
"2409160009",VINCHHIYA KUMAR PRIMARY SCHOOL,"2409",RAJKOT,"240916",VINCHHIYA,"2409160009",VINCHHIYA KUMAR PRIMARY SCHOOL,"24091606601",MOTA MATRA PRIMARY SCHOOL,163,53,12,24,17,10,24,19
"2405070001",AAMBAVADI,"2405",SABAR KANTHA,"240507",HIMMATNAGAR,"2405070001",AAMBAVADI,"24050700901",BALVANTPURA SCH,133,57,5,22,30,6,22,29
"2405070002",ADPODARA,"2405",SABAR KANTHA,"240507",HIMMATNAGAR,"2405070002",ADPODARA,"24050700401",ADPODARA SCH,244,56,8,18,30,8,21,27
"2405070003",AGIYOL,"2405",SABAR KANTHA,"240507",HIMMATNAGAR,"2405070003",AGIYOL,"24050705501",KANKNOL - 1 SCH,303,60,16,28,16,16,27,17
"2405070004",BAMNA,"2405",SABAR KANTHA,"240507",HIMMATNAGAR,"2405070004",BAMNA,"24050712801",ADA HATHROL SCH,141,52,3,24,25,6,25,21
"2405070005",BAVSAR,"2405",SABAR KANTHA,"240507",HIMMATNAGAR,"2405070005",BAVSAR,"24050708601",NIKODA SCH,169,52,12,13,27,9,17,26
"2405070006",CHANDARNI -1,"2405",SABAR KANTHA,"240507",HIMMATNAGAR,"2405070006",CHANDARNI -1,"24050713501",MEDI TIMBA SCH,73,50,18,31,1,18,31,1
"2405070007",DEROL,"2405",SABAR KANTHA,"240507",HIMMATNAGAR,"2405070007",DEROL,"24050702101",DEROL SCH,179,57,27,9,21,21,17,19
"2405070010",HADIYOL,"2405",SABAR KANTHA,"240507",HIMMATNAGAR,"2405070010",HADIYOL,"24050703201",HADIYOL SCH,344,60,12,17,31,12,18,30
"2405070009",HADIYOL PUL CHAAPARIYA,"2405",SABAR KANTHA,"240507",HIMMATNAGAR,"2405070009",HADIYOL PUL CHAAPARIYA,"24050707801",MOTIPURA SCH,144,57,22,20,15,19,23,15
"2405070011",HAJIPUR,"2405",SABAR KANTHA,"240507",HIMMATNAGAR,"2405070011",HAJIPUR,"24050703302",HAJIPUR SCH,137,46,12,12,22,5,15,26
"2405070012",HIMATNAGAR-1,"2405",SABAR KANTHA,"240507",HIMMATNAGAR,"2405070012",HIMATNAGAR-1,"24050703939",VANJARAVAS SCH,148,31,6,10,15,5,9,17
"2405070013",HIMATPUR,"2405",SABAR KANTHA,"240507",HIMMATNAGAR,"2405070013",HIMATPUR,"24050712301",VAVDI SCH,151,53,0,19,34,3,22,28
"2405070014",ILOL,"2405",SABAR KANTHA,"240507",HIMMATNAGAR,"2405070014",ILOL,"24050705301",KANDA - 1 (NANA VAS) SCH,247,60,5,30,25,8,14,38
"2405070015",JAMBUDI,"2405",SABAR KANTHA,"240507",HIMMATNAGAR,"2405070015",JAMBUDI,"24050703501",HAMIRGADH (KHED),102,50,6,22,22,2,22,26
"2405070016",JAMLA,"2405",SABAR KANTHA,"240507",HIMMATNAGAR,"2405070016",JAMLA,"24050704401",JAMLA SCH,202,39,15,11,13,13,11,15
"2405070018",KANIYOL,"2405",SABAR KANTHA,"240507",HIMMATNAGAR,"2405070018",KANIYOL,"24050705401",KANIYOL SCH,124,46,8,23,15,7,16,23
"2405070008",KARANPUR,"2405",SABAR KANTHA,"240507",HIMMATNAGAR,"2405070008",KARANPUR,"24050703002",GAMBHOI SCH,137,51,13,23,15,13,24,14
"2405070019",MAHETAPURA,"2405",SABAR KANTHA,"240507",HIMMATNAGAR,"2405070019",MAHETAPURA,"24050711001",SAVGADH (PANPUR) SCH,386,60,10,19,31,13,23,24
"2405070020",RAIGADH-1,"2405",SABAR KANTHA,"240507",HIMMATNAGAR,"2405070020",RAIGADH-1,"24050709802",RAIGADH - 2 SCH,145,52,12,14,26,3,25,24
"2405070021",RUPAL-2,"2405",SABAR KANTHA,"240507",HIMMATNAGAR,"2405070021",RUPAL-2,"24050702601",DHUNDHAR SCH,193,50,8,25,17,16,19,15
"2405070017",SACHODAR,"2405",SABAR KANTHA,"240507",HIMMATNAGAR,"2405070017",SACHODAR,"24050709001",PETHAPUR SCH,118,51,3,33,15,9,22,20
"2405070022",TAJPURI KATWAD,"2405",SABAR KANTHA,"240507",HIMMATNAGAR,"2405070022",TAJPURI KATWAD,"24050703701",HAPA SCH,206,50,4,17,29,2,21,27
"2405070023",VAKTAPUR,"2405",SABAR KANTHA,"240507",HIMMATNAGAR,"2405070023",VAKTAPUR,"24050712501",VIRPUR SCH,212,53,23,6,24,6,21,26
"2405040001",ARODA,"2405",SABAR KANTHA,"240504",IDAR,"2405040001",ARODA,"24050406601",KESHARPURA SCH,295,60,23,19,18,22,19,19
"2405040002",BADOLI,"2405",SABAR KANTHA,"240504",IDAR,"2405040002",BADOLI,"24050404002",GANTHIYOL SCH,168,59,3,21,35,4,23,32
"2405040003",BHADRESAR,"2405",SABAR KANTHA,"240504",IDAR,"2405040003",BHADRESAR,"24050401001",BHADRESAR SCH,127,53,10,16,27,7,21,25
"2405040004",CHANDAP,"2405",SABAR KANTHA,"240504",IDAR,"2405040004",CHANDAP,"24050402201",CHANDAP SCH,169,53,7,22,24,9,18,26
"2405040005",CHITRODA,"2405",SABAR KANTHA,"240504",IDAR,"2405040005",CHITRODA,"24050410101",POSHINA SCH,171,38,2,9,27,2,11,25
"2405040006",DAVAD,"2405",SABAR KANTHA,"240504",IDAR,"2405040006",DAVAD,"24050400601",ARSODIYA SCH,163,50,16,16,18,10,23,17
"2405040007",DESHOTAR,"2405",SABAR KANTHA,"240504",IDAR,"2405040007",DESHOTAR,"24050405501",DESHOTTAR SCH,174,53,19,26,8,17,18,18
"2405040008",FINCHOD,"2405",SABAR KANTHA,"240504",IDAR,"2405040008",FINCHOD,"24050403602",NAVA FALASAN SCH,139,51,8,17,26,6,23,22
"2405040009",GORAL,"2405",SABAR KANTHA,"240504",IDAR,"2405040009",GORAL,"24050401101",BHANPUR SCH,148,58,12,30,16,12,28,18
"2405040010",IDAR-1,"2405",SABAR KANTHA,"240504",IDAR,"2405040010",IDAR-1,"24050405006",IDAR ST.SALA - 3,207,56,13,30,13,17,28,11
"2405040011",IDAR-2,"2405",SABAR KANTHA,"240504",IDAR,"2405040011",IDAR-2,"24050405005",IDAR - 2 SCH,130,53,7,22,24,6,31,16
"2405040012",JADAR,"2405",SABAR KANTHA,"240504",IDAR,"2405040012",JADAR,"24050408001",MANGADH SCH,206,51,7,15,29,4,16,31
"2405040013",KADIYADRA,"2405",SABAR KANTHA,"240504",IDAR,"2405040013",KADIYADRA,"24050414201",CHORIVAD SCH,255,60,12,23,25,11,25,24
"2405040014",MATHASUR,"2405",SABAR KANTHA,"240504",IDAR,"2405040014",MATHASUR,"24050409804",PANOL SCH,142,50,12,22,16,9,16,25
"2405040015",MUDETI,"2405",SABAR KANTHA,"240504",IDAR,"2405040015",MUDETI,"24050413801",VORAVAV SCH,129,38,11,19,8,8,18,12
"2405040016",NETRAMALI,"2405",SABAR KANTHA,"240504",IDAR,"2405040016",NETRAMALI,"24050412302",SHERPUR SCH,129,55,9,8,38,9,10,36
"2405040017",ODA,"2405",SABAR KANTHA,"240504",IDAR,"2405040017",ODA,"24050409601",ODA PRI SCH,166,55,11,21,23,13,17,25
"2405040018",SABALI,"2405",SABAR KANTHA,"240504",IDAR,"2405040018",SABALI,"24050408703",VIR SHAHID P J BHATI MOTA KOTDA PRI SHALA,205,56,9,18,29,12,14,30
"2405040019",UMEDPURA,"2405",SABAR KANTHA,"240504",IDAR,"2405040019",UMEDPURA,"24050413001",UMEDPURA SCH,149,57,11,13,33,4,19,34
"2405040020",VASAI,"2405",SABAR KANTHA,"240504",IDAR,"2405040020",VASAI,"24050413404",VASAI SCH,132,49,16,21,12,13,17,19
"2405040021",VERABAR,"2405",SABAR KANTHA,"240504",IDAR,"2405040021",VERABAR,"24050413604",VERABAR SCH,93,50,11,20,19,9,26,15
"2405040022",VIRPUR,"2405",SABAR KANTHA,"240504",IDAR,"2405040022",VIRPUR,"24050405701",JETHIPURA SCH,153,54,4,2,48,4,2,48
"2405010004",BANDIYANU TALAV,"2405",SABAR KANTHA,"240501",KHEDBRAHMA,"2405010004",BANDIYANU TALAV,"24050109801",PANTHAL SCH,253,59,32,14,13,33,12,14
"2405010007",BAVALKANTHIYA,"2405",SABAR KANTHA,"240501",KHEDBRAHMA,"2405010007",BAVALKANTHIYA,"24050101001",BAVAL KANTHIYA SCH,204,42,15,16,11,18,18,6
"2405010001",DEROL,"2405",SABAR KANTHA,"240501",KHEDBRAHMA,"2405010001",DEROL,"24050105001",JADI SEMBAL SCH,289,60,33,21,6,25,31,4
"2405010010",DIDHIYA,"2405",SABAR KANTHA,"240501",KHEDBRAHMA,"2405010010",DIDHIYA,"24050109502",PADHARA - 2 SCH,227,60,48,8,4,48,12,0
"2405010002",HINGATIYA,"2405",SABAR KANTHA,"240501",KHEDBRAHMA,"2405010002",HINGATIYA,"24050101201",BHARMIYA SCH,329,60,32,12,16,21,26,13
"2405010008",KARUNDA,"2405",SABAR KANTHA,"240501",KHEDBRAHMA,"2405010008",KARUNDA,"24050105901",KARUNDA SCH,142,51,8,20,23,6,23,22
"2405010012",KHEDBRAHMA,"2405",SABAR KANTHA,"240501",KHEDBRAHMA,"2405010012",KHEDBRAHMA,"24050106301",KHEDBRHMA - 1 SCH,182,56,16,23,17,11,25,20
"2405010014",KHEDBRAHMA ST.,"2405",SABAR KANTHA,"240501",KHEDBRAHMA,"2405010014",KHEDBRAHMA ST.,"24050101801",CHAMPALPUR VASAHAT,180,27,4,19,4,5,12,10
"2405010011",KHEDVA,"2405",SABAR KANTHA,"240501",KHEDBRAHMA,"2405010011",KHEDVA,"24050106401",KHEDVA SCH,308,60,15,15,30,10,26,24
"2405010003",KHEROJ,"2405",SABAR KANTHA,"240501",KHEDBRAHMA,"2405010003",KHEROJ,"24050109001",NAVAMOTA SCH,332,60,25,29,6,26,26,8
"2405010013",LAXMIPURA,"2405",SABAR KANTHA,"240501",KHEDBRAHMA,"2405010013",LAXMIPURA,"24050104001",GALODIYA,205,54,11,23,20,12,15,27
"2405010017",MATODA,"2405",SABAR KANTHA,"240501",KHEDBRAHMA,"2405010017",MATODA,"24050103401",DIGTHALI SCH,251,60,15,29,16,12,34,14
"2405010005",RADHIVAD,"2405",SABAR KANTHA,"240501",KHEDBRAHMA,"2405010005",RADHIVAD,"24050100102",KANTHAPURA,237,59,5,45,9,12,33,14
"2405010015",SHYAMNAGAR,"2405",SABAR KANTHA,"240501",KHEDBRAHMA,"2405010015",SHYAMNAGAR,"24050103903",SHYAMNAGAR,130,60,32,23,5,35,24,1
"2405010016",UNCHIDHANAL,"2405",SABAR KANTHA,"240501",KHEDBRAHMA,"2405010016",UNCHIDHANAL,"24050112901",VIKHRAN SCH,297,60,24,20,16,17,28,15
"2405010009",VARTOL,"2405",SABAR KANTHA,"240501",KHEDBRAHMA,"2405010009",VARTOL,"24050100701",BAHEDIYA - 1 SCH,299,23,9,7,7,8,9,6
"2405010006",ZANZAVA,"2405",SABAR KANTHA,"240501",KHEDBRAHMA,"2405010006",ZANZAVA,"24050103601",DHAROI,335,43,17,20,6,17,21,5
"2405140008",AJAVAS,"2405",SABAR KANTHA,"240514",POSHINA,"2405140008",AJAVAS,"24051413101",ZINZNAT SCH,272,60,22,25,13,22,28,10
"2405140002",BEDI,"2405",SABAR KANTHA,"240514",POSHINA,"2405140002",BEDI,"24051401605",KHIJDAFALI SCH,236,60,45,9,6,42,16,2
"2405140010",DANTRAL,"2405",SABAR KANTHA,"240514",POSHINA,"2405140010",DANTRAL,"24051402601",DANTRAL SCH,329,60,21,28,11,13,39,8
"2405140006",DELVADA,"2405",SABAR KANTHA,"240514",POSHINA,"2405140006",DELVADA,"24051402501",DANTIYA SCH,371,60,19,22,19,19,24,17
"2405140003",DEMATIKANTHA,"2405",SABAR KANTHA,"240514",POSHINA,"2405140003",DEMATIKANTHA,"24051403003",DEMATIROJGADHA SCH,314,60,9,36,15,5,47,8
"2405140007",GUNDIKHANA,"2405",SABAR KANTHA,"240514",POSHINA,"2405140007",GUNDIKHANA,"24051404801",GUNDIKHAN SCH,298,60,19,23,18,14,30,16
"2405140011",KAJAVAS,"2405",SABAR KANTHA,"240514",POSHINA,"2405140011",KAJAVAS,"24051405401",KAJAVAS SCH,420,57,28,21,8,34,20,3
"2405140005",KALAKHETARA,"2405",SABAR KANTHA,"240514",POSHINA,"2405140005",KALAKHETARA,"24051405301",JOTASAN SCH,257,60,13,34,13,13,28,19
"2405140001",LAMBDIYA,"2405",SABAR KANTHA,"240514",POSHINA,"2405140001",LAMBDIYA,"24051402701",DEDKA PRI SCH,287,60,32,15,13,25,22,13
"2405140004",MALVAN,"2405",SABAR KANTHA,"240514",POSHINA,"2405140004",MALVAN,"24051403702",DOTAD VARG,457,60,43,14,3,44,13,3
"2405140009",POSHINA,"2405",SABAR KANTHA,"240514",POSHINA,"2405140009",POSHINA,"24051401601",CHANDRANA,234,60,22,26,12,27,22,11
"2405080004",BALISANA,"2405",SABAR KANTHA,"240508",PRANTIJ,"2405080004",BALISANA,"24050800801",BALISANA SCH,368,60,12,14,34,6,25,29
"2405080005",FATEPUR,"2405",SABAR KANTHA,"240508",PRANTIJ,"2405080005",FATEPUR,"24050801301",FATEPUR SCH,106,51,12,19,20,10,24,17
"2405080006",GHADI,"2405",SABAR KANTHA,"240508",PRANTIJ,"2405080006",GHADI,"24050800101",AMBAVADA,159,60,15,25,20,13,22,25
"2405080007",GHADKAN,"2405",SABAR KANTHA,"240508",PRANTIJ,"2405080007",GHADKAN,"24050802301",KAROL - 1 SCH,244,60,11,23,26,13,21,26
"2405080008",MAJRA,"2405",SABAR KANTHA,"240508",PRANTIJ,"2405080008",MAJRA,"24050800901",BOBHA - 1,244,52,7,20,25,6,19,27
"2405080009",MOYAD,"2405",SABAR KANTHA,"240508",PRANTIJ,"2405080009",MOYAD,"24050805101",SAPAD SCH,179,53,10,11,32,8,15,30
"2405080010",ORAN,"2405",SABAR KANTHA,"240508",PRANTIJ,"2405080010",ORAN,"24050805901",VADVASA SCH,130,25,6,14,5,6,3,16
"2405080011",PRANTIJ - 1,"2405",SABAR KANTHA,"240508",PRANTIJ,"2405080011",PRANTIJ - 1,"24050804402",PRANTIJ - 1 SCH,146,60,24,28,8,6,41,13
"2405080012",PRNATIJ - 2,"2405",SABAR KANTHA,"240508",PRANTIJ,"2405080012",PRNATIJ - 2,"24050804403",PRANTIJ - 2 SCH,137,52,18,20,14,17,18,17
"2405080001",SALAL,"2405",SABAR KANTHA,"240508",PRANTIJ,"2405080001",SALAL,"24050804101",PILUDRA SCH,295,58,12,30,16,13,32,13
"2405080002",SONASAN,"2405",SABAR KANTHA,"240508",PRANTIJ,"2405080002",SONASAN,"24050805301",SONASAN SCH,177,56,7,20,29,21,16,19
"2405080003",VADRAD,"2405",SABAR KANTHA,"240508",PRANTIJ,"2405080003",VADRAD,"24050804201",POGLU SCH,181,55,13,19,23,10,16,29
"2405090014",AANJNA,"2405",SABAR KANTHA,"240509",TALOD,"2405090014",AANJNA,"24050904601",MORALI SCH,107,51,3,22,26,2,22,27
"2405090009",BADODARA,"2405",SABAR KANTHA,"240509",TALOD,"2405090009",BADODARA,"24050900501",ANIYOD SCH,197,50,3,16,31,5,15,30
"2405090012",DOLTABAD,"2405",SABAR KANTHA,"240509",TALOD,"2405090012",DOLTABAD,"24050904901",MUDHASANA SCH,130,51,16,20,15,12,21,18
"2405090015",HARSOL,"2405",SABAR KANTHA,"240509",TALOD,"2405090015",HARSOL,"24050902503",HARSOL BUS ST. SCH,172,51,13,18,20,8,27,16
"2405090001",KHEROL,"2405",SABAR KANTHA,"240509",TALOD,"2405090001",KHEROL,"24050906802",VAKTAPUR SCH,127,36,4,13,19,2,13,21
"2405090005",LAVARI,"2405",SABAR KANTHA,"240509",TALOD,"2405090005",LAVARI,"24050900401",AHAMADPURA SCH,128,51,5,20,26,8,17,26
"2405090006",MAHIYAL,"2405",SABAR KANTHA,"240509",TALOD,"2405090006",MAHIYAL,"24050906606",TALOD GAM SCH,230,54,14,22,18,9,26,19
"2405090003",MOHANPUR,"2405",SABAR KANTHA,"240509",TALOD,"2405090003",MOHANPUR,"24050903201",KATHVADA GUNDIYA SCH,133,53,14,27,12,11,27,15
"2405090008",NANA CHEKHALA,"2405",SABAR KANTHA,"240509",TALOD,"2405090008",NANA CHEKHALA,"24050900301",AANTROLI VAS DOLJI SCH,161,46,17,16,13,13,20,13
"2405090002",PUNSARI,"2405",SABAR KANTHA,"240509",TALOD,"2405090002",PUNSARI,"24050905701",PUNSARI SCH,150,49,19,19,11,16,24,9
"2405090004",RANASAN,"2405",SABAR KANTHA,"240509",TALOD,"2405090004",RANASAN,"24050905801",RANASAN SCH,148,29,14,13,2,13,13,3
"2405090007",SAGPUR,"2405",SABAR KANTHA,"240509",TALOD,"2405090007",SAGPUR,"24050906301",SAGPUR SCH,254,52,8,22,22,11,22,19
"2405090010",SALATPUR,"2405",SABAR KANTHA,"240509",TALOD,"2405090010",SALATPUR,"24050906405",SIMALIYA PRI SCH,106,50,5,10,35,4,14,32
"2405090016",TAJPURKEMP,"2405",SABAR KANTHA,"240509",TALOD,"2405090016",TAJPURKEMP,"24050906501",TAJPUR KEMP SCH,132,55,17,16,22,15,17,23
"2405090013",TALOD,"2405",SABAR KANTHA,"240509",TALOD,"2405090013",TALOD,"24050906601",TALOD - 1 SCH,169,58,18,28,12,16,30,12
"2405090011",UJEDIYA,"2405",SABAR KANTHA,"240509",TALOD,"2405090011",UJEDIYA,"24050906801",UJEDIYA SCH,139,50,7,10,33,7,10,33
"2405030009",BABSAR,"2405",SABAR KANTHA,"240503",VADALI,"2405030009",BABSAR,"24050303301",MAHOR SCH,130,42,14,15,13,13,13,16
"2405030006",DANTROLI,"2405",SABAR KANTHA,"240503",VADALI,"2405030006",DANTROLI,"24050301101",DANTROLI SCH,129,0,0,0,0,0,0,0
"2405030007",DOBHADA,"2405",SABAR KANTHA,"240503",VADALI,"2405030007",DOBHADA,"24050302101",HATHOJ SCH,137,23,8,6,9,6,7,10
"2405030008",FUDEDA,"2405",SABAR KANTHA,"240503",VADALI,"2405030008",FUDEDA,"24050304301",RAMPUR FUDEDA,103,47,8,10,29,8,11,28
"2405030005",HATHARVA,"2405",SABAR KANTHA,"240503",VADALI,"2405030005",HATHARVA,"24050303201",KUBADHAROL SCH,154,52,19,13,20,15,33,4
"2405030004",KADIYADARA ST,"2405",SABAR KANTHA,"240503",VADALI,"2405030004",KADIYADARA ST,"24050300602",KADIYADARA ST PRI SCH,151,55,6,17,32,6,18,31
"2405030003",THERASANA,"2405",SABAR KANTHA,"240503",VADALI,"2405030003",THERASANA,"24050301301",DHAROD SCH,159,36,3,29,4,1,17,18
"2405030001",VADALI 1,"2405",SABAR KANTHA,"240503",VADALI,"2405030001",VADALI 1,"24050304801",VADALI - 1 SCH,112,31,12,11,8,9,13,9
"2405030002",VADALI 2,"2405",SABAR KANTHA,"240503",VADALI,"2405030002",VADALI 2,"24050304802",VADALI - 2 SCH,208,54,13,16,25,6,20,28
"2405020014",ANTARSUMBA,"2405",SABAR KANTHA,"240502",VIJAYNAGAR,"2405020014",ANTARSUMBA,"24050200701",AANTARSUMBA SCH,146,35,8,14,13,6,15,14
"2405020007",CHITHODA,"2405",SABAR KANTHA,"240502",VIJAYNAGAR,"2405020007",CHITHODA,"24050202001",CHITHODA - 1,138,52,2,10,40,2,10,40
"2405020004",DADHVAV,"2405",SABAR KANTHA,"240502",VIJAYNAGAR,"2405020004",DADHVAV,"24050202202",DADHVAV - 2 SCH,99,50,3,29,18,1,22,27
"2405020003",ITAVADI,"2405",SABAR KANTHA,"240502",VIJAYNAGAR,"2405020003",ITAVADI,"24050201601",CHAMTHAN SCH,115,0,0,0,0,0,0,0
"2405020013",KATHVAVDI VASAHAT,"2405",SABAR KANTHA,"240502",VIJAYNAGAR,"2405020013",KATHVAVDI VASAHAT,"24050203802",KATHVAVDI VASAHAT SCH,114,53,15,15,23,14,14,25
"2405020008",KODIYAVADA,"2405",SABAR KANTHA,"240502",VIJAYNAGAR,"2405020008",KODIYAVADA,"24050201901",CHITARIYA  SCH,248,0,0,0,0,0,0,0
"2405020002",PAROSDA,"2405",SABAR KANTHA,"240502",VIJAYNAGAR,"2405020002",PAROSDA,"24050205401",NAVABHAGA SCH,342,43,29,11,3,27,14,2
"2405020001",PARVATH,"2405",SABAR KANTHA,"240502",VIJAYNAGAR,"2405020001",PARVATH,"24050203503",JUNI KANADAR SCH,137,0,0,0,0,0,0,0
"2405020006",PRATAPGADH,"2405",SABAR KANTHA,"240502",VIJAYNAGAR,"2405020006",PRATAPGADH,"24050203702",PRATAPGADH KAMPA SCH,95,52,8,14,30,9,13,30
"2405020005",SAROLI,"2405",SABAR KANTHA,"240502",VIJAYNAGAR,"2405020005",SAROLI,"24050206603",SAMTELA SCH,92,50,17,23,10,12,28,10
"2405020010",SARSAV,"2405",SABAR KANTHA,"240502",VIJAYNAGAR,"2405020010",SARSAV,"24050206501",SARSAV SCH,127,50,0,0,50,0,1,49
"2405020012",TOLDUNGARI,"2405",SABAR KANTHA,"240502",VIJAYNAGAR,"2405020012",TOLDUNGARI,"24050201101",BHAMBHUDI SCH,166,53,6,39,8,3,39,11
"2405020011",VIJAYNAGAR 1,"2405",SABAR KANTHA,"240502",VIJAYNAGAR,"2405020011",VIJAYNAGAR 1,"24050207501",VIJAYNAGAR - 1 SCH,162,54,14,19,21,8,12,34
"2405020009",VIJAYNAGAR 2,"2405",SABAR KANTHA,"240502",VIJAYNAGAR,"2405020009",VIJAYNAGAR 2,"24050207502",VIJAYNAGAR - 2 SCH,206,57,9,17,31,9,17,31
"2422010001",AFVA,"2422",SURAT,"242201",BARDOLI,"2422010001",AFVA,"24220107201",AFVA PRIMARY SCHOOL,137,52,4,20,28,1,17,34
"2422010002",BALDA,"2422",SURAT,"242201",BARDOLI,"2422010002",BALDA,"24220101101",VADHVANIYA PRIMARY SCHOOL,92,49,21,20,8,13,27,9
"2422010003",BARDOLI,"2422",SURAT,"242201",BARDOLI,"2422010003",BARDOLI,"24220103002",BARDOLI KANYA PRIMARY SCHOOL,426,60,10,31,19,9,28,23
"2422010004",BHUVASAN,"2422",SURAT,"242201",BARDOLI,"2422010004",BHUVASAN,"24220105602",SARBHON PRIMARY SCHOOL,91,50,7,25,18,4,40,6
"2422010005",KADOD,"2422",SURAT,"242201",BARDOLI,"2422010005",KADOD,"24220101202",KADOD KUMAR PRIMARY SCHOOL,136,46,5,23,18,4,28,14
"2422010006",KHOJ,"2422",SURAT,"242201",BARDOLI,"2422010006",KHOJ,"24220104602",RUVA PRIMARY SCHOOL,72,41,5,27,9,5,29,7
"2422010007",MADHI,"2422",SURAT,"242201",BARDOLI,"2422010007",MADHI,"24220102301",SURALI PRIMARY SCHOOL,151,51,12,20,19,6,29,16
"2422010008",TEN,"2422",SURAT,"242201",BARDOLI,"2422010008",TEN,"24220103102",TEN MUKHYA PRIMARY SCHOOL,95,54,18,27,9,14,25,15
"2422010009",UMRAKH,"2422",SURAT,"242201",BARDOLI,"2422010009",UMRAKH,"24220103701",BABEN PRIMARY SCHOOL,527,60,20,28,12,13,32,15
"2422010010",VANKANER,"2422",SURAT,"242201",BARDOLI,"2422010010",VANKANER,"24220107503",VANKANER PRIMARY SCHOOL,72,41,6,27,8,6,30,5
"2422010011",VARAD,"2422",SURAT,"242201",BARDOLI,"2422010011",VARAD,"24220104901",VARAD VARG PRIMARY SCHOOL,123,50,5,17,28,5,21,24
"2422020003",LAJPOR,"2422",SURAT,"242202",CHORYASI,"2422020003",LAJPOR,"24220206501",LAJPOR PRIMARY SCHOOL,314,60,11,22,27,8,27,25
"2422020002",MOHANI,"2422",SURAT,"242202",CHORYASI,"2422020002",MOHANI,"24220204101",DELADVA PRIMARY SCHOOL,122,60,12,35,13,9,38,13
"2422020004",MORA,"2422",SURAT,"242202",CHORYASI,"2422020004",MORA,"24220202501",MORA PRIMARY SCHOOL,295,59,18,24,17,9,20,30
"2422020006",VANZ,"2422",SURAT,"242202",CHORYASI,"2422020006",VANZ,"24220204501",EKLERA PRIMARY SCHOOL,295,60,7,41,12,9,38,13
"2422030001",KAMREJ,"2422",SURAT,"242203",KAMREJ,"2422030001",KAMREJ,"24220303201",NANSAD PRIMARY SCHOOL,545,60,12,21,27,12,21,27
"2422030003",KHOLVAD,"2422",SURAT,"242203",KAMREJ,"2422030003",KHOLVAD,"24220300801",KHOLWAD PRIMARY SCHOOL,500,60,18,24,18,16,23,21
"2422030004",NAVI PARDI,"2422",SURAT,"242203",KAMREJ,"2422030004",NAVI PARDI,"24220302401",NAVI PARDI PRIMARY SCHOOL,342,60,1,6,53,1,11,48
"2422030005",ORNA,"2422",SURAT,"242203",KAMREJ,"2422030005",ORNA,"24220301603",ORNA PRIMARY SCHOOL,68,50,4,45,1,2,47,1
"2422030006",SHAMPURA,"2422",SURAT,"242203",KAMREJ,"2422030006",SHAMPURA,"24220307101",SEVANI PRIMARY SCHOOL,186,60,29,23,8,29,28,3
"2422030007",VALAN PARAB,"2422",SURAT,"242203",KAMREJ,"2422030007",VALAN PARAB,"24220300601",MANKANA PRIMARY SCHOOL,203,43,13,20,10,11,19,13
"2422030008",VAV,"2422",SURAT,"242203",KAMREJ,"2422030008",VAV,"24220305104",VAV PRIMARY SCHOOL,317,60,6,33,21,11,32,17
"2422040001",AAMCHAK,"2422",SURAT,"242204",MAHUVA,"2422040001",AAMCHAK,"24220402101",RANAT PRIMARY SCHOOL,72,48,16,28,4,7,35,6
"2422160002",ANAVAL,"2422",SURAT,"242204",MAHUVA,"2422040002",ANAVAL,"24220400101",ANAVAL PRIMARY SCHOOL,130,52,24,10,18,24,10,18
"2422040003",DEDVASAN,"2422",SURAT,"242204",MAHUVA,"2422040003",DEDVASAN,"24220404201",DEDAVASAN MUKHYA PRIMARY SCHOOL,58,41,7,32,2,11,25,5
"2422040004",DUNGARI,"2422",SURAT,"242204",MAHUVA,"2422040004",DUNGARI,"24220402301",DUNGARI MUKHYA PRIMARY SCHOOL,60,37,6,17,14,6,19,12
"2422040005",FULVADI,"2422",SURAT,"242204",MAHUVA,"2422040005",FULVADI,"24220404001",FULAVADI PRIMARY SCHOOL,58,49,6,25,18,1,26,22
"2422160006",GUNSVEL,"2422",SURAT,"242204",MAHUVA,"2422040006",GUNSVEL,"24220402801",GUNASAVEL PRIMARY SCHOOL,103,50,21,19,10,13,25,12
"2422040007",KARCHELIYA,"2422",SURAT,"242204",MAHUVA,"2422040007",KARCHELIYA,"24220403501",VARDHA RASHTRIYA PRIMARY SCHOOL,148,52,17,24,11,13,26,13
"2422040008",MAHUVA,"2422",SURAT,"242204",MAHUVA,"2422040008",MAHUVA,"24220405001",MAHUVA PRIMARY SCHOOL,140,51,14,21,16,9,21,21
"2422160009",TARKANI,"2422",SURAT,"242204",MAHUVA,"2422040009",TARKANI,"24220400401",TARAKANI PRIMARY SCHOOL,139,52,21,16,15,5,23,24
"2422160010",UMARA,"2422",SURAT,"242204",MAHUVA,"2422040010",UMARA,"24220406501",UMARA PRIMARY SCHOOL,110,50,12,28,10,8,28,14
"2422160011",VALVADA,"2422",SURAT,"242204",MAHUVA,"2422040011",VALVADA,"24220400801",VALAVADA PRIMARY SCHOOL,111,45,11,21,13,6,23,16
"2422040012",ZERVAVARA,"2422",SURAT,"242204",MAHUVA,"2422040012",ZERVAVARA,"24220407001",KHARAVAN MUKHYA PRIMARY SCHOOL,61,0,0,0,0,0,0,0
"2422160012",ZERVAVARA,"2422",SURAT,"242204",MAHUVA,"2422040012",ZERVAVARA,"24220407301",VELANPUR PRIMARY SCHOOL,68,46,7,28,11,3,35,8
"2422170001",AMBA,"2422",SURAT,"242205",MANDAVI,"2422050001",AMBA,"24220509401",TITOI  PRIMARY SCHOOL,66,48,4,23,21,4,19,25
"2422170002",ARETH,"2422",SURAT,"242205",MANDAVI,"2422050002",ARETH,"24220508301",ARETH PRIMARY SCHOOL,194,54,20,17,17,22,18,14
"2422050004",DADHWADA,"2422",SURAT,"242205",MANDAVI,"2422050004",DADHWADA,"24220512201",SARKUI MUKHYA  PRIMARY SCHOOL,65,47,9,16,22,7,18,22
"2422050005",DEVGADH,"2422",SURAT,"242205",MANDAVI,"2422050005",DEVGADH,"24220505501",LUHARVAD MUKHYA PRIMARY SCHOOL,90,53,7,13,33,6,11,36
"2422050006",GHANTOLI FEDARI FALIYA,"2422",SURAT,"242205",MANDAVI,"2422050006",GHANTOLI FEDARI FALIYA,"24220503204",FEDARI FALIYU GHANTOLI PRIMARY SCHOOL,63,45,12,16,17,11,17,17
"2422050007",GODAVADI,"2422",SURAT,"242205",MANDAVI,"2422050007",GODAVADI,"24220505701",GODAWADI MUKHYA PRIMARY SCHOOL,77,48,7,17,24,3,15,30
"2422050008",GODSAMBA,"2422",SURAT,"242205",MANDAVI,"2422050008",GODSAMBA,"24220512501",AMALSADI-1 MUKHYA PRIMARY SCHOOL,62,46,7,30,9,3,26,17
"2422050009",MANDAVI,"2422",SURAT,"242205",MANDAVI,"2422050009",MANDAVI,"24220500103",ANDHATRI-1 MUKHYA PRIMARY SCHOOL,133,52,4,14,34,0,20,32
"2422050010",MORITHA,"2422",SURAT,"242205",MANDAVI,"2422050010",MORITHA,"24220503401",SALAIYA MUKHYA PRIMARY SCHOOL,78,47,13,26,8,9,35,3
"2422170011",NAUGAMA,"2422",SURAT,"242205",MANDAVI,"2422050011",NAUGAMA,"24220511001",BAUDHAN  PRIMARY SCHOOL,170,49,23,26,0,25,24,0
"2422170012",PATAL,"2422",SURAT,"242205",MANDAVI,"2422050012",PATAL,"24220501501",PATAL MUKHYA PRIMARY SCHOOL,118,50,14,29,7,12,30,8
"2422050003",PIPALWADA,"2422",SURAT,"242205",MANDAVI,"2422050003",PIPALWADA,"24220513501",DABHADIYA PRIMARY SCHOOL,88,50,10,19,21,9,22,19
"2422050013",REGAMA,"2422",SURAT,"242205",MANDAVI,"2422050013",REGAMA,"24220501301",FULWADI MUKHYA PRIMARY SCHOOL,74,50,23,26,1,20,30,0
"2422050014",SATHAVAV,"2422",SURAT,"242205",MANDAVI,"2422050014",SATHAVAV,"24220512101",KALAMKUVA  PRIMARY SCHOOL,63,45,8,20,17,6,23,16
"2422170015",TADKESHWAR,"2422",SURAT,"242205",MANDAVI,"2422050015",TADKESHWAR,"24220507001",KARANJ  PRIMARY SCHOOL,158,58,26,21,11,13,34,11
"2422050016",TARAPOR,"2422",SURAT,"242205",MANDAVI,"2422050016",TARAPOR,"24220509701",MALDHA-1 MUKHYA   PRIMARY SCHOOL,72,49,1,20,28,0,13,36
"2422050017",TARASADABAR,"2422",SURAT,"242205",MANDAVI,"2422050017",TARASADABAR,"24220501901",TARASADABAR PRIMARY SCHOOL,62,50,7,34,9,3,26,21
"2422060002",HATHURAN,"2422",SURAT,"242206",MANGROL,"2422060002",HATHURAN,"24220603801",DHAMDOD PRIMARY SCHOOL,155,52,8,32,12,7,27,18
"2422060001",KOSAMBA,"2422",SURAT,"242206",MANGROL,"2422060001",KOSAMBA,"24220610002",KOSAMBA UPPER PRIMARY SCHOOL,447,60,16,28,16,9,30,21
"2422060003",MANGROL,"2422",SURAT,"242206",MANGROL,"2422060003",MANGROL,"24220606401",BHILWADA PRIMARY SCHOOL,75,49,18,31,0,16,33,0
"2422060004",MOSALI,"2422",SURAT,"242206",MANGROL,"2422060004",MOSALI,"24220607301",MOSALI PRIMARY SCHOOL,128,50,16,26,8,12,27,11
"2422060005",NANI NAROLI,"2422",SURAT,"242206",MANGROL,"2422060005",NANI NAROLI,"24220600101",NANI NAROLI PRIMARY SCHOOL,248,45,19,26,0,19,24,2
"2422060006",PATAL DEVI,"2422",SURAT,"242206",MANGROL,"2422060006",PATAL DEVI,"24220608201",PATALDEVI PRIMARY SCHOOL,98,50,6,18,26,3,22,25
"2422060007",PIPODARA,"2422",SURAT,"242206",MANGROL,"2422060007",PIPODARA,"24220609602",NAVAPALOD PRIMARY SCHOOL,553,60,28,21,11,22,26,12
"2422060008",SIMODRA,"2422",SURAT,"242206",MANGROL,"2422060008",SIMODRA,"24220604602",LUVARA PRIMARY SCHOOL,112,54,18,36,0,19,31,4
"2422060009",VANKAL,"2422",SURAT,"242206",MANGROL,"2422060009",VANKAL,"24220608304",VANKAL A B  PRIMARY SCHOOL,181,59,7,10,42,6,23,30
"2422060010",VELACHHA,"2422",SURAT,"242206",MANGROL,"2422060010",VELACHHA,"24220605301",HATHODA PRIMARY SCHOOL,182,50,21,17,12,9,27,14
"2422060011",ZANKHAVAV,"2422",SURAT,"242206",MANGROL,"2422060011",ZANKHAVAV,"24220602703",ZANKHAVAV ADARSH BUNIYADI PRIMARY SCHOOL,480,36,8,18,10,6,16,14
"2422080002",KIM,"2422",SURAT,"242208",OLPAD,"2422080002",KIM,"24220800101",KIM PRIMARY SCHOOL,366,60,27,16,17,15,23,22
"2422080003",KUDIYANA,"2422",SURAT,"242208",OLPAD,"2422080003",KUDIYANA,"24220802701",KUDIYANA PRIMARY SCHOOL,124,53,12,15,26,13,11,29
"2422080004",MASMA,"2422",SURAT,"242208",OLPAD,"2422080004",MASMA,"24220801001",MASMA PRIMARY SCHOOL,64,46,15,28,3,4,35,7
"2422080005",MULAD,"2422",SURAT,"242208",OLPAD,"2422080005",MULAD,"24220800401",SIYADLA PRIMARY SCHOOL,126,59,33,20,6,18,28,13
"2422080006",OLPAD,"2422",SURAT,"242208",OLPAD,"2422080006",OLPAD,"24220809001",OLPAD MUKHAY PRIMARY SCHOOL,247,59,10,24,25,11,25,23
"2422080007",PINJARAT,"2422",SURAT,"242208",OLPAD,"2422080007",PINJARAT,"24220810301",BARBODHAN PRIMARY SCHOOL,101,57,7,26,24,4,37,16
"2422080009",SANDHIYER,"2422",SURAT,"242208",OLPAD,"2422080009",SANDHIYER,"24220804901",ATODARA PRIMARY SCHOOL,145,60,6,31,23,4,37,19
"2422080010",SAYAN,"2422",SURAT,"242208",OLPAD,"2422080010",SAYAN,"24220803301",SAYAN PRIMARY SCHOOL,504,60,18,23,19,15,22,23
"2422080011",SITHAN,"2422",SURAT,"242208",OLPAD,"2422080011",SITHAN,"24220805901",BHARUNDI PRIMARY SCHOOL,67,48,13,25,10,9,19,20
"2422090001",BAGUMARA,"2422",SURAT,"242209",PALASANA,"2422090001",BAGUMARA,"24220903401",GANGADHARA PRIMARY SCHOOL,451,60,29,23,8,29,24,7
"2422090002",CHALTHAN,"2422",SURAT,"242209",PALASANA,"2422090002",CHALTHAN,"24220901101",CHALTHAN PRIMARY SCHOOL,556,57,28,20,9,19,26,12
"2422090003",ENA,"2422",SURAT,"242209",PALASANA,"2422090003",ENA,"24220903701",TUNDI PRIMARY SCHOOL,132,51,12,21,18,13,22,16
"2422090004",KADODARA,"2422",SURAT,"242209",PALASANA,"2422090004",KADODARA,"24220901916",VARELI PRIMARY SCHOOL HINDI MED.,470,0,0,0,0,0,0,0
"2422090005",PALSANA,"2422",SURAT,"242209",PALASANA,"2422090005",PALSANA,"24220900101",PALSANA PRIMARY SCHOOL,282,53,19,29,5,14,29,10
"2422150001",CRC-01-RAMNAGAR,"2422",SURAT,"242215",SURAT CORPO.,"2422150001",CRC-01-RAMNAGAR,"24221503057",NAGAR PRIMARY SCHOOL NO - 338,554,0,0,0,0,0,0,0
"2422150002",CRC-02-UNA PANI ROAD,"2422",SURAT,"242215",SURAT CORPO.,"2422150002",CRC-02-UNA PANI ROAD,"24221504208",NAGAR PRIMARY SCHOOL NO  - 127,887,0,0,0,0,0,0,0
"2422150003",CRC-03-MORABHAGAL,"2422",SURAT,"242215",SURAT CORPO.,"2422150003",CRC-03-MORABHAGAL,"24221503016",NAGAR PRIMARY SCHOOL NO  - 170,276,60,7,43,10,9,36,15
"2422150004",CRC-04-VARIYAV,"2422",SURAT,"242215",SURAT CORPO.,"2422150004",CRC-04-VARIYAV,"24221531401",NAGAR PRIMARY SCHOOL NO  - 315,622,60,17,13,30,13,14,33
"2422150005",CRC-05-RUSTAMPURA,"2422",SURAT,"242215",SURAT CORPO.,"2422150005",CRC-05-RUSTAMPURA,"24221500901",NAGAR PRIMARY SCHOOL NO  - 030,370,0,0,0,0,0,0,0
"2422150006",CRC-06-ADAJAN,"2422",SURAT,"242215",SURAT CORPO.,"2422150006",CRC-06-ADAJAN,"24221530101",NAGAR PRIMARY SCHOOL NO  - 319,225,58,7,24,27,6,25,27
"2422150007",CRC-07-NANPURA,"2422",SURAT,"242215",SURAT CORPO.,"2422150007",CRC-07-NANPURA,"24221500908",NAGAR PRIMARY SCHOOL NO  - 028,177,53,16,28,9,23,19,11
"2422150008",CRC-08-GOPIPURA,"2422",SURAT,"242215",SURAT CORPO.,"2422150008",CRC-08-GOPIPURA,"24221504209",NAGAR PRIMARY SCHOOL NO  - 147,383,1,0,1,0,1,0,0
"2422150009",CRC-09-BEGAMPURA,"2422",SURAT,"242215",SURAT CORPO.,"2422150009",CRC-09-BEGAMPURA,"24221501801",NAGAR PRIMARY SCHOOL NO  - 055,328,60,10,30,20,17,16,27
"2422150010",CRC-10-NANAVAT,"2422",SURAT,"242215",SURAT CORPO.,"2422150010",CRC-10-NANAVAT,"24221503102",NAGAR PRIMARY SCHOOL NO  - 108,338,59,21,22,16,17,21,21
"2422150011",CRC-11-SURYAPUR,"2422",SURAT,"242215",SURAT CORPO.,"2422150011",CRC-11-SURYAPUR,"24221502803",NAGAR PRIMARY SCHOOL NO  - 149,236,57,9,27,21,4,30,23
"2422150012",CRC-12-VED ROAD,"2422",SURAT,"242215",SURAT CORPO.,"2422150012",CRC-12-VED ROAD,"24221502610",NAGAR PRIMARY SCHOOL NO  - 183,550,60,12,22,26,5,30,25
"2422150013",CRC-13-PARAS,"2422",SURAT,"242215",SURAT CORPO.,"2422150013",CRC-13-PARAS,"24221503112",NAGAR PRIMARY SCHOOL NO  - 116,627,58,9,24,25,7,27,24
"2422150014",CRC-14-DABHOLI,"2422",SURAT,"242215",SURAT CORPO.,"2422150014",CRC-14-DABHOLI,"24224100442",NAGAR PRIMARY SCHOOL NO - 401,991,60,1,25,34,3,28,29
"2422150015",CRC-15-KATARGAM,"2422",SURAT,"242215",SURAT CORPO.,"2422150015",CRC-15-KATARGAM,"24221503301",NAGAR PRIMARY SCHOOL NO  - 174,271,52,17,22,13,4,27,21
"2422150016",CRC-16-KOSAD AWAS,"2422",SURAT,"242215",SURAT CORPO.,"2422150016",CRC-16-KOSAD AWAS,"24221504408",NAGAR PRIMARY SCHOOL NO  - 292,636,0,0,0,0,0,0,0
"2422150017",CRC-17-KOSAD,"2422",SURAT,"242215",SURAT CORPO.,"2422150017",CRC-17-KOSAD,"24221529207",NAGAR PRIMARY SCHOOL NO  - 232,612,52,10,21,21,4,17,31
"2422150018",CRC-18-KAMAL PARK,"2422",SURAT,"242215",SURAT CORPO.,"2422150018",CRC-18-KAMAL PARK,"24221502005",NAGAR PRIMARY SCHOOL NO  - 069,566,0,0,0,0,0,0,0
"2422150019",CRC-19-DAHYA PARK,"2422",SURAT,"242215",SURAT CORPO.,"2422150019",CRC-19-DAHYA PARK,"24221503827",NAGAR PRIMARY SCHOOL NO  - 087,724,60,1,27,32,0,38,22
"2422150020",CRC-20-KAPODRA,"2422",SURAT,"242215",SURAT CORPO.,"2422150020",CRC-20-KAPODRA,"24221502504",NAGAR PRIMARY SCHOOL NO  - 272,1036,60,2,23,35,2,14,44
"2422150021",CRC-21-MATAVADI,"2422",SURAT,"242215",SURAT CORPO.,"2422150021",CRC-21-MATAVADI,"24221503803",NAGAR PRIMARY SCHOOL NO  - 090,621,60,5,19,36,4,21,35
"2422150022",CRC-22-UTRAN,"2422",SURAT,"242215",SURAT CORPO.,"2422150022",CRC-22-UTRAN,"24221531218",NAGAR PRIMARY SCHOOL NO - 334,822,59,1,14,44,0,12,47
"2422150023",CRC-23-NANA VARACHHA,"2422",SURAT,"242215",SURAT CORPO.,"2422150023",CRC-23-NANA VARACHHA,"24221530409",NAGAR PRIMARY SCHOOL NO  - 301,768,59,17,21,21,13,27,19
"2422150024",CRC-24-KARANJ,"2422",SURAT,"242215",SURAT CORPO.,"2422150024",CRC-24-KARANJ,"24221508402",NAGAR PRIMARY SCHOOL NO  - 008,607,60,9,20,31,5,18,37
"2422150025",CRC-25-RUNDH MAGDALLA,"2422",SURAT,"242215",SURAT CORPO.,"2422150025",CRC-25-RUNDH MAGDALLA,"24221530602",NAGAR PRIMARY SCHOOL NO  - 101,174,60,20,24,16,15,33,12
"2422150026",CRC-26-VESU,"2422",SURAT,"242215",SURAT CORPO.,"2422150026",CRC-26-VESU,"24221529301",NAGAR PRIMARY SCHOOL NO  - 109,255,60,19,33,8,7,34,19
"2422150027",CRC-27-ATHWA,"2422",SURAT,"242215",SURAT CORPO.,"2422150027",CRC-27-ATHWA,"24221500602",NAGAR PRIMARY SCHOOL NO  - 265,265,0,0,0,0,0,0,0
"2422150028",CRC-28-BHARTHANA(VESU),"2422",SURAT,"242215",SURAT CORPO.,"2422150028",CRC-28-BHARTHANA(VESU),"24221500703",NAGAR PRIMARY SCHOOL NO  - 015,423,0,0,0,0,0,0,0
"2422150029",CRC-29-MIRANAGAR,"2422",SURAT,"242215",SURAT CORPO.,"2422150029",CRC-29-MIRANAGAR,"24221501208",NAGAR PRIMARY SCHOOL NO  - 045,468,60,13,33,14,7,34,19
"2422150030",CRC-30-VIJAYANAGAR UDHNA,"2422",SURAT,"242215",SURAT CORPO.,"2422150030",CRC-30-VIJAYANAGAR UDHNA,"24221501512",NAGAR PRIMARY SCHOOL NO  - 205,338,0,0,0,0,0,0,0
"2422150031",CRC-31-BAMROLI PANDESARA,"2422",SURAT,"242215",SURAT CORPO.,"2422150031",CRC-31-BAMROLI PANDESARA,"24221503135",NAGAR PRIMARY SCHOOL NO  - 276,746,0,0,0,0,0,0,0
"2422150032",CRC-32-BHESTAN,"2422",SURAT,"242215",SURAT CORPO.,"2422150032",CRC-32-BHESTAN,"24221504227",NAGAR PRIMARY SCHOOL NO  - 221,392,0,0,0,0,0,0,0
"2422150033",CRC-33-BHESTAN-AWAS,"2422",SURAT,"242215",SURAT CORPO.,"2422150033",CRC-33-BHESTAN-AWAS,"24221501109",NAGAR PRIMARY SCHOOL NO  - 037,1113,0,0,0,0,0,0,0
"2422150034",CRC-34-UNN,"2422",SURAT,"242215",SURAT CORPO.,"2422150034",CRC-34-UNN,"24221531152",NAGAR PRIMARY SCHOOL NO  - 295 (UNN-2),836,59,24,20,15,11,31,17
"2422150035",CRC-35- DINDOLI,"2422",SURAT,"242215",SURAT CORPO.,"2422150035",CRC-35- DINDOLI,"24221528901",NAGAR PRIMARY SCHOOL NO  - 257 (DINDOLI),821,60,1,16,43,2,16,42
"2422150036",CRC-36- ISHVARPURA,"2422",SURAT,"242215",SURAT CORPO.,"2422150036",CRC-36- ISHVARPURA,"24221504503",NAGAR PRIMARY SCHOOL NO  - 140,526,0,0,0,0,0,0,0
"2422150037",CRC-37- SANJAYNAGAR,"2422",SURAT,"242215",SURAT CORPO.,"2422150037",CRC-37- SANJAYNAGAR,"24221501713",NAGAR PRIMARY SCHOOL NO  - 138,319,0,0,0,0,0,0,0
"2422150038",CRC-38- SHIVAJINAGAR,"2422",SURAT,"242215",SURAT CORPO.,"2422150038",CRC-38- SHIVAJINAGAR,"24221501711",NAGAR PRIMARY SCHOOL NO  - 236,326,60,24,15,21,23,14,23
"2422150039",CRC-39- GODADARA,"2422",SURAT,"242215",SURAT CORPO.,"2422150039",CRC-39- GODADARA,"24221501703",NAGAR PRIMARY SCHOOL NO  - 269,649,0,0,0,0,0,0,0
"2422150040",CRC-40-AASPAS-GODADARA,"2422",SURAT,"242215",SURAT CORPO.,"2422150040",CRC-40-AASPAS-GODADARA,"24221529568",NAGAR PRIMARY SCHOOL NO - 328,614,0,0,0,0,0,0,0
"2422150041",CRC-41- VINOBANAGAR,"2422",SURAT,"242215",SURAT CORPO.,"2422150041",CRC-41- VINOBANAGAR,"24221501751",NAGAR PRIMARY SCHOOL NO  - 063,580,0,0,0,0,0,0,0
"2422150042",CRC-42- KAMRUNAGAR,"2422",SURAT,"242215",SURAT CORPO.,"2422150042",CRC-42- KAMRUNAGAR,"24221501701",NAGAR PRIMARY SCHOOL NO  - 035,1344,0,0,0,0,0,0,0
"2422150043",CRC-43- MARUTI NAGAR,"2422",SURAT,"242215",SURAT CORPO.,"2422150043",CRC-43- MARUTI NAGAR,"24221502405",NAGAR PRIMARY SCHOOL NO  - 231,991,0,0,0,0,0,0,0
"2422150044",CRC-44-UMARWADA,"2422",SURAT,"242215",SURAT CORPO.,"2422150044",CRC-44-UMARWADA,"24221502001",NAGAR PRIMARY SCHOOL NO  - 191,776,57,12,29,16,8,32,17
"2422150045",CRC-45-BHATHA,"2422",SURAT,"242215",SURAT CORPO.,"2422150045",CRC-45-BHATHA,"24220200201",NAGAR PRIMARY SCHOOL NO - 393,195,60,20,30,10,16,23,21
"2422150046",CRC-46-LASKANA,"2422",SURAT,"242215",SURAT CORPO.,"2422150046",CRC-46-LASKANA,"24220302601",NAGAR PRIMARY SCHOOL NO - 379,702,60,5,21,34,4,22,34
"2422150047",CRC-47-SACHIN,"2422",SURAT,"242215",SURAT CORPO.,"2422150047",CRC-47-SACHIN,"24220208001",NAGAR PRIMARY SCHOOL NO - 367,618,60,14,18,28,10,19,31
"2422120001",AMLIDABHADA,"2422",SURAT,"242212",UMARPADA,"2422120001",AMLIDABHADA,"24221202501",BALAL KUVA PRIMARY SCHOOL,92,50,19,22,9,6,19,25
"2422120002",CHAKRA,"2422",SURAT,"242212",UMARPADA,"2422120002",CHAKRA,"24221202701",CHAVDA PRIMARY SCHOOL,124,50,22,23,5,10,35,5
"2422120003",CHITALDA,"2422",SURAT,"242212",UMARPADA,"2422120003",CHITALDA,"24221203601",UMAR KHADI PRIMARY SCHOOL,126,51,16,26,9,9,32,10
"2422120004",CHOKHAVADA,"2422",SURAT,"242212",UMARPADA,"2422120004",CHOKHAVADA,"24221208001",VADPADA PRIMARY SCHOOL,143,48,22,20,6,10,31,7
"2422120005",GHANAWAD,"2422",SURAT,"242212",UMARPADA,"2422120005",GHANAWAD,"24221201701",GHANAWAD PRIMARY SCHOOL,134,52,18,32,2,4,38,10
"2422120006",KEVDI,"2422",SURAT,"242212",UMARPADA,"2422120006",KEVDI,"24221205501",KEVDI PRIMARY SCHOOL,298,54,2,21,31,4,15,35
"2422120007",UCHAVAN,"2422",SURAT,"242212",UMARPADA,"2422120007",UCHAVAN,"24221200301",UCHAVAN PRIMARY SCHOOL,290,54,18,16,20,15,22,17
"2422120008",UMARDA,"2422",SURAT,"242212",UMARPADA,"2422120008",UMARDA,"24221207301",VADGAM PRIMARY SCHOOL,137,52,11,30,11,7,32,13
"2422120009",VADI,"2422",SURAT,"242212",UMARPADA,"2422120009",VADI,"24221205402",VADI PRIMARY SCHOOL,154,52,12,26,14,9,29,14
"2408070001",ANANDPUR(BHA)PAY CENTER SCHOOL,"2408",SURENDRANAGAR,"240807",CHOTILA,"2408070001",ANANDPUR(BHA)PAY CENTER SCHOOL,"24080703301",GUNDA PRIMARY SCHOOL - 1,96,51,22,21,8,21,21,9
"2408070002",BHIMORA PAY CENTER SCHOOL,"2408",SURENDRANAGAR,"240807",CHOTILA,"2408070002",BHIMORA PAY CENTER SCHOOL,"24080708601",PIYAVA  PRIMARY SCHOOL,155,56,4,35,17,4,35,17
"2408070003",CHOTILA PAY CENTER SCHOOL- 1,"2408",SURENDRANAGAR,"240807",CHOTILA,"2408070003",CHOTILA PAY CENTER SCHOOL- 1,"24080701805",CHOTILA PRIMARY SCHOOL -7,245,60,20,31,9,13,35,12
"2408070004",CHOTILA PRIMARY SCHOOL - 2,"2408",SURENDRANAGAR,"240807",CHOTILA,"2408070004",CHOTILA PRIMARY SCHOOL - 2,"24080702301",DEVSAR PRIMARY SCHOOL,189,55,20,18,17,20,17,18
"2408070005",CHOTILA PRIMARY SCHOOL - 3,"2408",SURENDRANAGAR,"240807",CHOTILA,"2408070005",CHOTILA PRIMARY SCHOOL - 3,"24080701802",CHOTILA PRIMARY SCHOOL - 3,190,57,14,23,20,7,27,23
"2408070006",DHOKALVA PAY CENTER SCHOOL,"2408",SURENDRANAGAR,"240807",CHOTILA,"2408070006",DHOKALVA PAY CENTER SCHOOL,"24080702504",DHOKALVA PAY CENTER SCHOOL,197,60,16,29,15,15,34,11
"2408070007",MOTI MOLDI PAY CENTER SCHOOL,"2408",SURENDRANAGAR,"240807",CHOTILA,"2408070007",MOTI MOLDI PAY CENTER SCHOOL,"24080711601",ZINZUDA PAY CENTER SCHOOL,267,60,16,22,22,20,18,22
"2408070008",PAY CENTER RESHAMIYA SCHOOL,"2408",SURENDRANAGAR,"240807",CHOTILA,"2408070008",PAY CENTER RESHAMIYA SCHOOL,"24080709306",RESHAMIYA PRIMARY SCHOOL,161,60,2,25,33,0,18,42
"2408070009",RAJPARA PAY CENTER SCHOOL - 1,"2408",SURENDRANAGAR,"240807",CHOTILA,"2408070009",RAJPARA PAY CENTER SCHOOL - 1,"24080701601",CHIRODA(THA) PRIMARY SCHOOL,134,56,23,16,17,7,28,21
"2408070010",SANOSARA PAY CENTER SCHOOL,"2408",SURENDRANAGAR,"240807",CHOTILA,"2408070010",SANOSARA PAY CENTER SCHOOL,"24080709801",SANOSARA PAY CENTER SCHOOL,167,47,5,19,23,3,24,20
"2408070011",VADALI PAY CENTER SCHOOL,"2408",SURENDRANAGAR,"240807",CHOTILA,"2408070011",VADALI PAY CENTER SCHOOL,"24080708401",PIPLIYA(DHORA)  PRIMARY SCHOOL,135,54,14,19,21,10,23,21
"2408090001",BHRUGUPUR PRIMARY-2,"2408",SURENDRANAGAR,"240809",CHUDA,"2408090001",BHRUGUPUR PRIMARY-2,"24080900501",BHRUGUPUR PRIMARY SCHOOL NO-1,282,54,13,19,22,12,13,29
"2408090002",CHOKDI PAY CENTER SCHOOL,"2408",SURENDRANAGAR,"240809",CHUDA,"2408090002",CHOKDI PAY CENTER SCHOOL,"24080903701",KORDA PRIMARY SCHOOL,390,55,12,13,30,5,20,30
"2408090003",CHUDA PAY CENTER SCHOOL - 2,"2408",SURENDRANAGAR,"240809",CHUDA,"2408090003",CHUDA PAY CENTER SCHOOL - 2,"24080903301",VEJALKA PRIMARY SCHOOL,236,52,4,25,23,3,26,23
"2408090004",CHUDA PRIMARY SCHOOL - 3,"2408",SURENDRANAGAR,"240809",CHUDA,"2408090004",CHUDA PRIMARY SCHOOL - 3,"24080901203",CHUDA PAY CENTER SCHOOL - 3,230,58,12,23,23,10,17,31
"2408090005",KANTHARIYA PAY CENTER SCHOOL,"2408",SURENDRANAGAR,"240809",CHUDA,"2408090005",KANTHARIYA PAY CENTER SCHOOL,"24080900901",CHHALALA PRIMARY SCHOOL,173,50,9,28,13,11,29,10
"2408020001",CHULI PRIMARY SCHOOL,"2408",SURENDRANAGAR,"240802",DHRANGADHRA,"2408020001",CHULI PRIMARY SCHOOL,"24080200701",CHULI PAY CENTER PRIMARY SCHOOL,275,54,1,22,31,1,20,33
"2408020002",DHRANGADHRA-2 PAY CENTER SHALA,"2408",SURENDRANAGAR,"240802",DHRANGADHRA,"2408020002",DHRANGADHRA-2 PAY CENTER SHALA,"24080201076",MAYURNAGAR PRIMARY SCHOOL,232,53,9,10,34,7,14,32
"2408020003",DHRANGADHRA-7 UPPER PRIMARY SHALA,"2408",SURENDRANAGAR,"240802",DHRANGADHRA,"2408020003",DHRANGADHRA-7 UPPER PRIMARY SHALA,"24080201015",DHRANGADHRA-7 PAY CENTER PRIAMRY SCHOOL,244,53,11,17,25,9,17,27
"2408020004",KANKAVATI UPPER PRIMARY PAY CENTER SCHOOL,"2408",SURENDRANAGAR,"240802",DHRANGADHRA,"2408020004",KANKAVATI UPPER PRIMARY PAY CENTER SCHOOL,"24080203102",KANKAVATI PRIMARY SCHOOL,384,60,6,20,34,4,14,42
"2408020005",KHAMBHADA UPPER PRIMARY SCHOOL,"2408",SURENDRANAGAR,"240802",DHRANGADHRA,"2408020005",KHAMBHADA UPPER PRIMARY SCHOOL,"24080204801",NAVALGADH PAY CENTER PRIMARY SCHOOL,237,59,12,22,25,15,11,33
"2408020006",KONDH KUMAR PAY CENTER SCHOOL,"2408",SURENDRANAGAR,"240802",DHRANGADHRA,"2408020006",KONDH KUMAR PAY CENTER SCHOOL,"24080200201",BAVLI PRIMARY SCHOOL,207,60,19,23,18,20,25,15
"2408020007",MALVAN KUMAR PAY CENTER SCHOOL,"2408",SURENDRANAGAR,"240802",DHRANGADHRA,"2408020007",MALVAN KUMAR PAY CENTER SCHOOL,"24080202601",JESADA PAY CENTER PRIMARY SCHOOL,300,59,10,25,24,8,27,24
"2408020008",METHAN PAY CENTER SCHOOL,"2408",SURENDRANAGAR,"240802",DHRANGADHRA,"2408020008",METHAN PAY CENTER SCHOOL,"24080205301",RAJCHARADI PRIMARY SCHOOL,236,60,13,19,28,8,22,30
"2408020009",MOTA ANKEVALIYA PAY CENTER,"2408",SURENDRANAGAR,"240802",DHRANGADHRA,"2408020009",MOTA ANKEVALIYA PAY CENTER,"24080204501",NARICHANA PRIMARY SCHOOL,310,60,3,31,26,2,28,30
"2408020010",VASADVA PRIMARY SCHOOL,"2408",SURENDRANAGAR,"240802",DHRANGADHRA,"2408020010",VASADVA PRIMARY SCHOOL,"24080206801",THALA PRIMARY SCHOOL,255,54,0,16,38,0,13,41
"2408020011",VIRENDRAGADH PRIMARY SCHOOL,"2408",SURENDRANAGAR,"240802",DHRANGADHRA,"2408020011",VIRENDRAGADH PRIMARY SCHOOL,"24080204401",NARALI PRIMARY SCHOOL,396,60,14,32,14,9,30,21
"2408040001",BHADWANA PAY CENTER,"2408",SURENDRANAGAR,"240804",LAKHTAR,"2408040001",BHADWANA PAY CENTER,"24080403101",SAKAR PRIMARY SCHOOL,273,41,12,24,5,11,22,8
"2408040002",CHHARAD PAY CENTER,"2408",SURENDRANAGAR,"240804",LAKHTAR,"2408040002",CHHARAD PAY CENTER,"24080404001",VITTHALGADH PAY CENTER SCHOOL,290,52,17,15,20,4,28,20
"2408040003",LAKHTAR PAY CENTER NO-2,"2408",SURENDRANAGAR,"240804",LAKHTAR,"2408040003",LAKHTAR PAY CENTER NO-2,"24080402304",JUGATRAM DAVE PAY CENTER SCHOOL - 2,270,58,7,26,25,3,28,27
"2408040004",LILAPUR PAY CENTER,"2408",SURENDRANAGAR,"240804",LAKHTAR,"2408040004",LILAPUR PAY CENTER,"24080402101",KARELA PRIMARY SCHOOL,125,47,13,30,4,16,28,3
"2408100001",BHALGAMDA PRIMARY SCHOOL,"2408",SURENDRANAGAR,"240810",LIMBDI,"2408100001",BHALGAMDA PRIMARY SCHOOL,"24081004201",NANA TIMBLA PRIMARY SCHOOL,162,52,8,23,21,8,21,23
"2408100002",DEVPARA PRIMARY SCHOOL,"2408",SURENDRANAGAR,"240810",LIMBDI,"2408100002",DEVPARA PRIMARY SCHOOL,"24081004602",PANSHINA PRIMARY SCHOOL - 2,173,54,10,22,22,8,18,28
"2408100003",JAMBU PAY CENTER SCHOOL,"2408",SURENDRANAGAR,"240810",LIMBDI,"2408100003",JAMBU PAY CENTER SCHOOL,"24081005102",RANAGADH PAY 2 SCHOOL,550,60,12,20,28,9,28,23
"2408100004",LIMNBDI NAGAR PALIKA SCHOOL NO.9,"2408",SURENDRANAGAR,"240810",LIMBDI,"2408100004",LIMNBDI NAGAR PALIKA SCHOOL NO.9,"24081003728",LIMBDI NAGAR PALIKA SCHOOL-10,245,54,6,8,40,5,15,34
"2408100005",NANI KATHECHI KUMAR SCHOOL,"2408",SURENDRANAGAR,"240810",LIMBDI,"2408100005",NANI KATHECHI KUMAR SCHOOL,"24081004301",NANI KATHECHI KANYA PRIMARY SCHOOL,517,60,24,22,14,22,14,24
"2408100006",RALOL KUMAR PAY CENTER SCHOOL,"2408",SURENDRANAGAR,"240810",LIMBDI,"2408100006",RALOL KUMAR PAY CENTER SCHOOL,"24081004903",RALOL PARA-VISHTAR SCHOOL,362,60,27,20,13,23,24,13
"2408100007",SAUKA PRIMARY SCHOOL,"2408",SURENDRANAGAR,"240810",LIMBDI,"2408100007",SAUKA PRIMARY SCHOOL,"24081003801",LIYAD PRIMARY SCHOOL,146,50,2,11,37,3,9,38
"2408100008",SHIYANI PAY CENTER SCHOOL,"2408",SURENDRANAGAR,"240810",LIMBDI,"2408100008",SHIYANI PAY CENTER SCHOOL,"24081004401",NATWARGADH PRIMARY SCHOOL,193,53,6,18,29,6,23,24
"2408100009",UTADI PAY CENTER SCHOOL,"2408",SURENDRANAGAR,"240810",LIMBDI,"2408100009",UTADI PAY CENTER SCHOOL,"24081006002",UNTADI PAY CENTER SCHOOL,259,54,23,21,10,20,24,10
"2408060001",JASAPAR PAY CENTERSCHOOL,"2408",SURENDRANAGAR,"240806",MULI,"2408060001",JASAPAR PAY CENTERSCHOOL,"24080601501",GAUTAMGADH PRIMARY SCHOOL,168,52,14,20,18,15,20,17
"2408060002",MULI KANYA -5 PAY CENTER SCHOOL,"2408",SURENDRANAGAR,"240806",MULI,"2408060002",MULI KANYA -5 PAY CENTER SCHOOL,"24080601401",GADHAD PRIMARY SCHOOL,139,54,2,14,38,2,15,37
"2408060003",SARA KUMAR PRI. SCHOOL-1,"2408",SURENDRANAGAR,"240806",MULI,"2408060003",SARA KUMAR PRI. SCHOOL-1,"24080604508",SARA-3 PRIMARY PAY CENTER SCHOOL,259,60,18,20,22,17,21,22
"2408060004",SARA UPPER PAY CENTER SCHOOL - 3,"2408",SURENDRANAGAR,"240806",MULI,"2408060004",SARA UPPER PAY CENTER SCHOOL - 3,"24080600401",BHET PRIMARY SCHOOL,186,60,10,29,21,10,31,19
"2408060005",SARLA PAY CENTER SCHOOL,"2408",SURENDRANAGAR,"240806",MULI,"2408060005",SARLA PAY CENTER SCHOOL,"24080604601",SARLA PAY CENTER SCHOOL,216,48,6,19,23,6,20,22
"2408060006",SHEKHPAR PRIMARY SCHOOL,"2408",SURENDRANAGAR,"240806",MULI,"2408060006",SHEKHPAR PRIMARY SCHOOL,"24080600802",DANAWADA PAY CENTER SCHOOL,207,0,0,0,0,0,0,0
"2408060007",VAGADIYA PAY CENTER SCHOOL,"2408",SURENDRANAGAR,"240806",MULI,"2408060007",VAGADIYA PAY CENTER SCHOOL,"24080605501",VAGADIYA PAY CENTER SCHOOL,302,58,10,35,13,9,37,12
"2408060008",VELALA(DHRA) PAY CENTER SCHOOL,"2408",SURENDRANAGAR,"240806",MULI,"2408060008",VELALA(DHRA) PAY CENTER SCHOOL,"24080603001",LIYA PRIMARY SCHOOL,279,56,12,27,17,10,25,21
"2408030001",ADARIYANA PAY CENTER SCHOOL,"2408",SURENDRANAGAR,"240803",PATDI - DASADA,"2408030001",ADARIYANA PAY CENTER SCHOOL,"24080300101",ADARIYANA PAY CENTER SCHOOL,246,54,6,17,31,4,23,27
"2408030002",BAJANA PAY CENTER SCHOOL,"2408",SURENDRANAGAR,"240803",PATDI - DASADA,"2408030002",BAJANA PAY CENTER SCHOOL,"24080306605",INDIRANAGAR PRIMARY SCHOOL - 5,233,53,8,28,17,6,31,16
"2408030003",DASADA PAY CENTER SCHOOL,"2408",SURENDRANAGAR,"240803",PATDI - DASADA,"2408030003",DASADA PAY CENTER SCHOOL,"24080301504",SHREE AAMBEDKAR PRI SCHOOL,219,0,0,0,0,0,0,0
"2408030004",GHASPUR PRIMARY SCHOOL,"2408",SURENDRANAGAR,"240803",PATDI - DASADA,"2408030004",GHASPUR PRIMARY SCHOOL,"24080300801",BAMANVA PRIMARY SCHOOL,134,51,2,17,32,4,18,29
"2408030005",KAMALPUR PRI SCHOOL,"2408",SURENDRANAGAR,"240803",PATDI - DASADA,"2408030005",KAMALPUR PRI SCHOOL,"24080306901",RAJPAR PAY CENTER SCHOOL,205,0,0,0,0,0,0,0
"2408030006",KHARAGODHA(NAVAGAM)PRI.SCHOOL,"2408",SURENDRANAGAR,"240803",PATDI - DASADA,"2408030006",KHARAGODHA(NAVAGAM)PRI.SCHOOL,"24080304001",KHARAGODHA(NAVAGAM)PRI.SCHOOL,506,60,21,19,20,22,20,18
"2408030007",KHERVA PAY CENTER SCHOOL,"2408",SURENDRANAGAR,"240803",PATDI - DASADA,"2408030007",KHERVA PAY CENTER SCHOOL,"24080304101",KHERVA PAY CENTER SCHOOL,203,52,9,17,26,9,22,21
"2408030008",PATDI PAY CENTER SCHOOL - 1,"2408",SURENDRANAGAR,"240803",PATDI - DASADA,"2408030008",PATDI PAY CENTER SCHOOL - 1,"24080306603",NANUBAPA KANYA PRIMARY SCHOOL -3,155,43,14,18,11,11,21,11
"2408030009",VANOD PAY CENTER SCHOOL,"2408",SURENDRANAGAR,"240803",PATDI - DASADA,"2408030009",VANOD PAY CENTER SCHOOL,"24080306201",NAVIYANI PRIMARY SCHOOL,237,50,10,13,27,6,13,31
"2408030010",ZINZUVADA PAY CENTER SCHOOL,"2408",SURENDRANAGAR,"240803",PATDI - DASADA,"2408030010",ZINZUVADA PAY CENTER SCHOOL,"24080302001",FATEPUR PRIMARY SCHOOL,244,60,20,24,16,29,24,7
"2408080001",DHAJALA PAY CENTER SCHOOL,"2408",SURENDRANAGAR,"240808",SAYLA,"2408080001",DHAJALA PAY CENTER SCHOOL,"24080803501",LIMBALA  PRIMARY SCHOOL,205,56,15,18,23,12,14,30
"2408080002",DHANDHALPUR PAY CENTER SCHOOL,"2408",SURENDRANAGAR,"240808",SAYLA,"2408080002",DHANDHALPUR PAY CENTER SCHOOL,"24080801102",DHANDHALPUR KANYA SALA,180,53,4,20,29,1,20,32
"2408080003",DOLIYA PAY CENTER SCHOOL,"2408",SURENDRANAGAR,"240808",SAYLA,"2408080003",DOLIYA PAY CENTER SCHOOL,"24080800801",CHORVIRA(THAN)  PRIMARY SCHOOL,315,53,10,26,17,9,21,23
"2408080004",NADALA PAY CENTER,"2408",SURENDRANAGAR,"240808",SAYLA,"2408080004",NADALA PAY CENTER,"24080804301",NADALA PAY CENTER SCHOOL,157,58,12,35,11,12,39,7
"2408080005",NAGADKA PAY CENTER,"2408",SURENDRANAGAR,"240808",SAYLA,"2408080005",NAGADKA PAY CENTER,"24080804001",MOTA BHADLA  PRIMARY SCHOOL,128,53,1,11,41,0,8,45
"2408080006",NINAMA PRIMARY SCHOOL,"2408",SURENDRANAGAR,"240808",SAYLA,"2408080006",NINAMA PRIMARY SCHOOL,"24080806601",SHOKHDA PRIMARY SCHOOL,167,56,7,17,32,7,13,36
"2408080007",SAYLA PAY CENTER SCHOOL - 2,"2408",SURENDRANAGAR,"240808",SAYLA,"2408080007",SAYLA PAY CENTER SCHOOL - 2,"24080802501",JUNA JASHAPAR  PRIMARY SCHOOL,373,58,17,23,18,17,18,23
"2408080008",SAYLA PAY CENTER SCHOOL - 3,"2408",SURENDRANAGAR,"240808",SAYLA,"2408080008",SAYLA PAY CENTER SCHOOL - 3,"24080807101",THORIYALI PRIMARY SCHOOL,207,51,4,15,32,4,18,29
"2408080009",SHAPAR PAY CENTER SCHOOL,"2408",SURENDRANAGAR,"240808",SAYLA,"2408080009",SHAPAR PAY CENTER SCHOOL,"24080802401",ISHVARIYA  PRIMARY SCHOOL,282,54,6,40,8,7,38,9
"2408080010",SUDAMDA PAY CENTER SCHOOL - 1,"2408",SURENDRANAGAR,"240808",SAYLA,"2408080010",SUDAMDA PAY CENTER SCHOOL - 1,"24080806501",SHIRVANIYA PRIMARY SCHOOL,189,50,7,14,29,2,19,29
"2408110001",DEVALIYA PAY CENTRE SCHOOL,"2408",SURENDRANAGAR,"240811",THANGADH,"2408110001",DEVALIYA PAY CENTRE SCHOOL,"24081106501",MORTHALA PRIMARY SCHOOL - 1,365,60,13,20,27,13,22,25
"2408110002",TARNETAR PAY CENTER PRIMARY SCHOOL - 1,"2408",SURENDRANAGAR,"240811",THANGADH,"2408110002",TARNETAR PAY CENTER PRIMARY SCHOOL - 1,"24081107801",NAVAGAM(THAN) PRIMARY SCHOOL,406,60,7,21,32,7,35,18
"2408110005",THANGADH PAY CENTER SCHOOL-1,"2408",SURENDRANAGAR,"240811",THANGADH,"2408110005",THANGADH PAY CENTER SCHOOL-1,"24081110804",THANGADH PRIMARY SCHOOL - 9,340,50,3,4,43,2,6,42
"2408110003",THANGADH PAY CENTER SCHOOL - 2,"2408",SURENDRANAGAR,"240811",THANGADH,"2408110003",THANGADH PAY CENTER SCHOOL - 2,"24081110806",THANGADH PRIMARY SCHOOL - 4,227,58,23,16,19,17,24,17
"2408110004",THANGADH PAY CENTER SCHOOL - 3,"2408",SURENDRANAGAR,"240811",THANGADH,"2408110004",THANGADH PAY CENTER SCHOOL - 3,"24081103801",JAMVALI PRIMARY SCHOOL,368,60,14,29,17,14,28,18
"2408050001",FULGRAM PRIMARY SCHOOL,"2408",SURENDRANAGAR,"240805",WADHVAN,"2408050001",FULGRAM PRIMARY SCHOOL,"24080504401",VASTADI PRIMARY SCHOOL,210,55,11,13,31,11,14,30
"2408050002",KHODU KUMAR PAY CENTER SCHOOL,"2408",SURENDRANAGAR,"240805",WADHVAN,"2408050002",KHODU KUMAR PAY CENTER SCHOOL,"24080504501",VELAVADAR PRIMARY SCHOOL,247,53,2,24,27,4,17,32
"2408050003",KHOLADIYAD PRIMARY SCHOOL,"2408",SURENDRANAGAR,"240805",WADHVAN,"2408050003",KHOLADIYAD PRIMARY SCHOOL,"24080501201",GUNDIYALA PRIMARY SCHOOL,171,51,7,18,26,4,17,30
"2408050004",LATUDA PRIMARY SCHOOL,"2408",SURENDRANAGAR,"240805",WADHVAN,"2408050004",LATUDA PRIMARY SCHOOL,"24080500801",CHAMARAJ PAY CENTER SCHOOL,166,30,8,12,10,8,10,12
"2408050005",MULCHAND PRIMARY SCHOOL,"2408",SURENDRANAGAR,"240805",WADHVAN,"2408050005",MULCHAND PRIMARY SCHOOL,"24080502701",MULCHAND PRIMARY SCHOOL,205,55,5,21,29,8,17,30
"2408050007",PAY CENTER SCHOOL NO 12 SURENDRANAGAR,"2408",SURENDRANAGAR,"240805",WADHVAN,"2408050007",PAY CENTER SCHOOL NO 12 SURENDRANAGAR,"24080503805",PRIMARY SCHOOL NO 20 SURENDRANAGAR,169,53,8,24,21,4,23,26
"2408050008",PAY CENTER SCHOOL NO 13 WADHVAN,"2408",SURENDRANAGAR,"240805",WADHVAN,"2408050008",PAY CENTER SCHOOL NO 13 WADHVAN,"24080504603",PAY CENTER SCHOOL NO 13 WADHVAN,314,60,30,24,6,30,27,3
"2408050009",PAY CENTER SCHOOL NO 16 SURENDRANAGAR,"2408",SURENDRANAGAR,"240805",WADHVAN,"2408050009",PAY CENTER SCHOOL NO 16 SURENDRANAGAR,"24080503834",PRIMARY SCHOOL NO 7 DUDHREJ,223,56,14,21,21,11,21,24
"2408050006",PAY CENTER SCHOOL NO 1 RATANPAR,"2408",SURENDRANAGAR,"240805",WADHVAN,"2408050006",PAY CENTER SCHOOL NO 1 RATANPAR,"24080504811",SHAKTI NAGAR PRIMARY SCHOOL,287,58,13,28,17,14,28,16
"2408050010",PAY CENTER SCHOOL NO 2 WADHVAN,"2408",SURENDRANAGAR,"240805",WADHVAN,"2408050010",PAY CENTER SCHOOL NO 2 WADHVAN,"24080504612",PRIMARY SCHOOL NO 14 WADHVAN,129,55,23,21,11,17,26,12
"2408050011",PAY CENTER SCHOOL NO 3 WADHVAN,"2408",SURENDRANAGAR,"240805",WADHVAN,"2408050011",PAY CENTER SCHOOL NO 3 WADHVAN,"24080504607",PAY CENTER SCHOOL NO 7 WADHVAN,305,58,15,25,18,12,33,13
"2408050012",PAY CENTER SCHOOL NO 5 SURENDRANAGAR,"2408",SURENDRANAGAR,"240805",WADHVAN,"2408050012",PAY CENTER SCHOOL NO 5 SURENDRANAGAR,"24080503865",PAY CENTER SCHOOL NO 5 SURENDRANAGAR,413,60,9,22,29,11,17,32
"2408050013",PAY CENTER SCHOOL NO 7 JORAVARNAGAR,"2408",SURENDRANAGAR,"240805",WADHVAN,"2408050013",PAY CENTER SCHOOL NO 7 JORAVARNAGAR,"24080504638",GANPATI FATASAR PRI. SCHOOL,368,60,10,20,30,5,24,31
"2408050014",VADOD PAY CENTER SCHOOL,"2408",SURENDRANAGAR,"240805",WADHVAN,"2408050014",VADOD PAY CENTER SCHOOL,"24080504201",VADOD PAY CENTER SCHOOL,183,52,12,19,21,8,16,28
"2408050015",ZAMPODAR PRIMARY SCHOOL,"2408",SURENDRANAGAR,"240805",WADHVAN,"2408050015",ZAMPODAR PRIMARY SCHOOL,"24080500902",DEDADARA PAY CENTER SCHOOL,183,51,10,17,24,7,17,27
"2426150001",CHUNAVADI,"2426",TAPI,"242615",DOLVAN,"2426150001",CHUNAVADI,"24261508801",CHUNAVADI PRIMARY SCHOOL,72,46,9,21,16,4,26,16
"2426150002",DHOLKA,"2426",TAPI,"242615",DOLVAN,"2426150002",DHOLKA,"24261508202",KEVDI FALIYA PIPALWADA PRIMARY SCHOOL,92,51,0,16,35,0,11,40
"2426150003",DOLVAN,"2426",TAPI,"242615",DOLVAN,"2426150003",DOLVAN,"24261503206",DHODIYAVAD FALIYA DOLVAN PRIMARY SCHOOL,105,50,8,27,15,9,19,22
"2426150004",GADAT,"2426",TAPI,"242615",DOLVAN,"2426150004",GADAT,"24261503901",GADAT PRIMARY SCHOOL,95,27,3,19,5,5,10,12
"2426150006",KARNJKHED,"2426",TAPI,"242615",DOLVAN,"2426150006",KARNJKHED,"24261507601",KARANJKHED PRIMARY SCHOOL,136,50,11,14,25,4,18,28
"2426150007",MANGALIYA,"2426",TAPI,"242615",DOLVAN,"2426150007",MANGALIYA,"24261504701",GARVAN PRIMARY SCHOOL,126,50,5,20,25,2,24,24
"2426150008",PATHAKVADI,"2426",TAPI,"242615",DOLVAN,"2426150008",PATHAKVADI,"24261503302",KAKADVA PRIMARY SCHOOL,71,50,0,21,29,0,15,35
"2426150009",VANKALA,"2426",TAPI,"242615",DOLVAN,"2426150009",VANKALA,"24261511501",PALASIYA PRIMARY SCHOOL,86,49,9,29,11,3,26,20
"2426160001",ASHRAVA,"2426",TAPI,"242616",KUKARMUNDA,"2426160001",ASHRAVA,"24261606201",MATAVAL  PRIMARY SCHOOL,118,52,14,26,12,11,31,10
"2426160002",BEJ,"2426",TAPI,"242616",KUKARMUNDA,"2426160002",BEJ,"24261608401",RAJPUR  PRIMARY SCHOOL,158,52,29,19,4,27,19,6
"2426160003",GANGATHA,"2426",TAPI,"242616",KUKARMUNDA,"2426160003",GANGATHA,"24261609901",GANGATHA  PRIMARY SCHOOL,137,52,34,14,4,15,23,14
"2426160004",KUKARMUNDA,"2426",TAPI,"242616",KUKARMUNDA,"2426160004",KUKARMUNDA,"24261606501",KUKARMUNDA  PRIMARY SCHOOL,314,60,6,32,22,3,28,29
"2426160005",MORMBA,"2426",TAPI,"242616",KUKARMUNDA,"2426160005",MORMBA,"24261608501",MORAMBA  PRIMARY SCHOOL,133,55,37,16,2,12,34,9
"2426160006",SADGAVAN,"2426",TAPI,"242616",KUKARMUNDA,"2426160006",SADGAVAN,"24261604901",BALDA  PRIMARY SCHOOL,142,54,33,18,3,35,16,3
"2426070001",KHODADA,"2426",TAPI,"242607",NIZAR,"2426070001",KHODADA,"24260701701",KHODADA  PRIMARY SCHOOL,130,50,32,12,6,29,17,4
"2426070002",NIZAR,"2426",TAPI,"242607",NIZAR,"2426070002",NIZAR,"24260700101",NIZAR PRIMARY SCHOOL,370,60,19,23,18,13,23,24
"2426070003",RAYGADH,"2426",TAPI,"242607",NIZAR,"2426070003",RAYGADH,"24260703301",RAYGADH  PRIMARY SCHOOL,242,52,14,19,19,14,23,15
"2426070004",VADALI,"2426",TAPI,"242607",NIZAR,"2426070004",VADALI,"24260704401",RUMKITALAV  PRIMARY SCHOOL,290,60,28,21,11,19,31,10
"2426070005",VANKA,"2426",TAPI,"242607",NIZAR,"2426070005",VANKA,"24260700701",SARVALA  PRIMARY SCHOOL,127,60,38,19,3,30,25,5
"2426100001",AGASVAN,"2426",TAPI,"242610",SONGADH,"2426100001",AGASVAN,"24261000601",CHAKALIYA PRIMARY SCHOOL,79,0,0,0,0,0,0,0
"2426170001",AGASVAN,"2426",TAPI,"242610",SONGADH,"2426100001",AGASVAN,"24261000701",VAZARDA PRIMARY SCHOOL,87,51,7,22,22,5,16,30
"2426170002",BHURIVEL,"2426",TAPI,"242610",SONGADH,"2426100002",BHURIVEL,"24261017503",S R P SHALA  PRIMARY SCHOOL,192,52,17,16,19,12,16,24
"2426170003",BORDA,"2426",TAPI,"242610",SONGADH,"2426100003",BORDA,"24261007601",BORDA PRIMARY SCHOOL,249,54,21,26,7,18,27,9
"2426100004",CHAKVAN,"2426",TAPI,"242610",SONGADH,"2426100004",CHAKVAN,"24261013101",AMALGUNDI  PRIMARY SCHOOL,63,49,20,21,8,10,30,9
"2426100005",DHAMODI,"2426",TAPI,"242610",SONGADH,"2426100005",DHAMODI,"24261014301",KHADKA-CHIKHALI  PRIMARY SCHOOL,54,44,1,11,32,1,14,29
"2426100006",GALKUVA,"2426",TAPI,"242610",SONGADH,"2426100006",GALKUVA,"24261002501",KHARSHI-1 PRIMARY SCHOOL,145,50,7,25,18,5,29,16
"2426100007",GHODCHIT,"2426",TAPI,"242610",SONGADH,"2426100007",GHODCHIT,"24261010101",MOGHVAN PRIMARY SCHOOL,106,50,4,27,19,3,18,29
"2426100008",GOPALPURA,"2426",TAPI,"242610",SONGADH,"2426100008",GOPALPURA,"24261003801",BHARADDA  PRIMARY SCHOOL,78,50,4,20,26,3,20,27
"2426100009",HINDALA,"2426",TAPI,"242610",SONGADH,"2426100009",HINDALA,"24261016101",CHIMER PRIMARY SCHOOL,128,50,14,30,6,17,24,9
"2426170010",JUNI BAVLI,"2426",TAPI,"242610",SONGADH,"2426100010",JUNI BAVLI,"24261011401",BUDHVADA PRIMARY SCHOOL,91,52,37,15,0,6,34,12
"2426100011",KIKAKUI,"2426",TAPI,"242610",SONGADH,"2426100011",KIKAKUI,"24261005301",CHORVAD PRIMARY SCHOOL,71,48,7,24,17,7,21,20
"2426170012",LIMBI,"2426",TAPI,"242610",SONGADH,"2426100012",LIMBI,"24261010801",LIMBI  PRIMARY SCHOOL,102,52,25,19,8,22,20,10
"2426100013",MALANGDEV,"2426",TAPI,"242610",SONGADH,"2426100013",MALANGDEV,"24261000801",MALANGDEV PRIMARY SCHOOL,118,51,19,29,3,12,29,10
"2426100014",MOTA TARPADA,"2426",TAPI,"242610",SONGADH,"2426100014",MOTA TARPADA,"24261017001",SHIRISHPADA PRIMARY SCHOOL,97,51,10,32,9,3,33,15
"2426170015",PANCHPIPLA,"2426",TAPI,"242610",SONGADH,"2426100015",PANCHPIPLA,"24261013201",PANCHPIPALA PRIMARY SCHOOL,71,50,1,19,30,1,23,26
"2426100016",RANIAMBA,"2426",TAPI,"242610",SONGADH,"2426100016",RANIAMBA,"24261005501",RANIAMBA -MUKHIYA PRIMARY SCHOOL,116,53,16,33,4,11,22,20
"2426170017",SINGPUR,"2426",TAPI,"242610",SONGADH,"2426100017",SINGPUR,"24261017601",SINGPUR PRIMARY SCHOOL,144,50,15,26,9,6,23,21
"2426100018",SONGADH-1,"2426",TAPI,"242610",SONGADH,"2426100018",SONGADH-1,"24261004401",AADARSH KUMARSHALA  PRIMARY SCHOOL,247,55,22,23,10,10,38,7
"2426100019",SONGADH-2,"2426",TAPI,"242610",SONGADH,"2426100019",SONGADH-2,"24261020201",AADARSH KANIYA SHALA PRIMARY SCHOOL,290,0,0,0,0,0,0,0
"2426170019",SONGADH-2,"2426",TAPI,"242610",SONGADH,"2426100019",SONGADH-2,"24261005001",GUNSADA MUKHIYA  PRIMARY SCHOOL,189,50,5,20,25,3,16,31
"2426100020",TOKARVA,"2426",TAPI,"242610",SONGADH,"2426100020",TOKARVA,"24261019002",TOKARAVA MUKHIYA PRIMARY SCHOOL,102,50,15,24,11,12,17,21
"2426170021",UKHALDA,"2426",TAPI,"242610",SONGADH,"2426100021",UKHALDA,"24261006101",UKHALDA  PRIMARY SCHOOL,83,50,8,21,21,6,21,23
"2426110001",ARKATI,"2426",TAPI,"242611",UCHCHHAL,"2426110001",ARKATI,"24261105501",KAROD PRIMARY SCHOOL,223,51,21,20,10,6,22,23
"2426110002",BABARGHAT,"2426",TAPI,"242611",UCHCHHAL,"2426110002",BABARGHAT,"24261103501",VADDEKHURD PRIMARY SCHOOL,130,51,28,21,2,23,28,0
"2426110003",CHITPUR,"2426",TAPI,"242611",UCHCHHAL,"2426110003",CHITPUR,"24261106801",SAYAJIGAM PRIMARY SCHOOL,212,50,12,31,7,5,35,10
"2426110004",HARIPUR,"2426",TAPI,"242611",UCHCHHAL,"2426110004",HARIPUR,"24261102201",SUNDARPUR PRIMARY SCHOOL,97,52,17,22,13,8,24,20
"2426110005",MIRKOT,"2426",TAPI,"242611",UCHCHHAL,"2426110005",MIRKOT,"24261100801",BHADBHUNJA MUKHYA-(1) PRIMARY SCHOOL,178,52,4,38,10,1,38,13
"2426110006",NARANPUR,"2426",TAPI,"242611",UCHCHHAL,"2426110006",NARANPUR,"24261103701",NARANPUR PRIMARY SCHOOL,294,57,33,13,11,15,32,10
"2426110007",UCHCHHAL,"2426",TAPI,"242611",UCHCHHAL,"2426110007",UCHCHHAL,"24261101901",UCHCHHAL TALUKA SHALA PRIMARY SCHOOL,93,49,4,18,27,3,31,15
"2426130001",BUHARI,"2426",TAPI,"242613",VALOD,"2426130001",BUHARI,"24261302201",BUHARI MISHRA PRIMARY SCHOOL,130,58,10,28,20,5,25,28
"2426130002",JAMANIYA,"2426",TAPI,"242613",VALOD,"2426130002",JAMANIYA,"24261303101",MORDEVI MUKHYA PRIMARY SCHOOL,82,52,3,24,25,2,31,19
"2426130003",KALAMKUI,"2426",TAPI,"242613",VALOD,"2426130003",KALAMKUI,"24261303401",SYADLA MUKHYA  PRIMARY SCHOOL,64,49,13,34,2,15,29,5
"2426130004",KAMALCHHOD,"2426",TAPI,"242613",VALOD,"2426130004",KAMALCHHOD,"24261302101",KAMALCHHOD MUKHYA PRIMARY SCHOOL,124,50,3,25,22,8,21,21
"2426130005",RANVERI,"2426",TAPI,"242613",VALOD,"2426130005",RANVERI,"24261303802",GOLAN CHORA PRIMARY SCHOOL,63,50,8,35,7,2,25,23
"2426130006",VALOD,"2426",TAPI,"242613",VALOD,"2426130006",VALOD,"24261300601",SHRI K L VALOD PRIMARY SCHOOL,247,56,14,25,17,8,32,16
"2426130007",VEDACHHI,"2426",TAPI,"242613",VALOD,"2426130007",VEDACHHI,"24261300902",GRAM SHALA VEDACHHI PRIMARY SCHOOL,80,52,3,12,37,3,19,30
"2426140001",BALPUR,"2426",TAPI,"242614",VYARA,"2426140001",BALPUR,"24261400401",KARANJVEL PRIMARY SCHOOL,119,51,10,23,18,3,21,27
"2426140002",CHIKHALVAV,"2426",TAPI,"242614",VYARA,"2426140002",CHIKHALVAV,"24261402201",KATASHVAN PRIMARY SCHOOL,66,50,2,20,28,2,20,28
"2426140003",DOLARA,"2426",TAPI,"242614",VYARA,"2426140003",DOLARA,"24261412501",CHHINDIYA  PRIMARY SCHOOL,107,50,13,26,11,11,24,15
"2426140004",JESINGPUR,"2426",TAPI,"242614",VYARA,"2426140004",JESINGPUR,"24261414701",KASHVAV PRIMARY SCHOOL,57,47,5,34,8,4,35,8
"2426140005",KAPURA,"2426",TAPI,"242614",VYARA,"2426140005",KAPURA,"24261405501",KAPURA PRIMARY SCHOOL,75,50,9,24,17,2,37,11
"2426140006",KHANPUR,"2426",TAPI,"242614",VYARA,"2426140006",KHANPUR,"24261406701",BHOJPUR NAJIK PRIMARY SCHOOL,68,50,8,29,13,8,18,24
"2426140007",LAKHALI,"2426",TAPI,"242614",VYARA,"2426140007",LAKHALI,"24261410001",ZAKHARI PRIMARY SCHOOL,52,35,7,19,9,8,23,4
"2426140008",MAYPUR,"2426",TAPI,"242614",VYARA,"2426140008",MAYPUR,"24261401401",MAYPUR PRIMARY SCHOOL,69,50,8,28,14,5,32,13
"2426140009",MISHRA SHALA VYARA,"2426",TAPI,"242614",VYARA,"2426140009",MISHRA SHALA VYARA,"24261414001",MISHRA SHALA VYARA PRIMARY SCHOOL,223,56,20,28,8,10,35,11
"2426140010",TADKUVA DUNGARI,"2426",TAPI,"242614",VYARA,"2426140010",TADKUVA DUNGARI,"24261402601",DUNGRI FALIYA TADKUVA PRIMARY SCHOOL,174,55,13,28,14,14,35,6
"2426140011",TALUKA SHALA VYARA,"2426",TAPI,"242614",VYARA,"2426140011",TALUKA SHALA VYARA,"24261413601",TALUKA SHALA VYARA PRIMARY SCHOOL,378,60,12,30,18,11,25,24
"2426140012",UNCHAMALA,"2426",TAPI,"242614",VYARA,"2426140012",UNCHAMALA,"24261400605",NAVI VASHAHAT FALIYA BEDKUVA DUR PRIMARY SCHOOL,121,52,2,16,34,4,16,32
"2426140013",VANSKUI,"2426",TAPI,"242614",VYARA,"2426140013",VANSKUI,"24261413501",UMARKUVA PRIMARY SCHOOL,64,48,0,18,30,0,24,24
"2423010001",AHWA,"2423",THE DANGS,"242301",AHWA,"2423010001",AHWA,"24230131004",SARDAR VIDHYALAY- AHWA,209,52,5,23,24,5,23,24
"2423010002",BHAVANDAGAD,"2423",THE DANGS,"242301",AHWA,"2423010002",BHAVANDAGAD,"24230127901",SUNDA PRIMARY SCHOOL,95,51,6,22,23,2,21,28
"2423010003",BORKHAL,"2423",THE DANGS,"242301",AHWA,"2423010003",BORKHAL,"24230125301",RAVCHOND PRIMARY SCHOOL,92,51,18,32,1,17,28,6
"2423010004",CHIKHALI,"2423",THE DANGS,"242301",AHWA,"2423010004",CHIKHALI,"24230130801",VASURNA PRIMARY SCHOOL,135,56,8,36,12,7,28,21
"2423010005",CHINCHALI,"2423",THE DANGS,"242301",AHWA,"2423010005",CHINCHALI,"24230140901",CHINCHALI PRIMARY SCHOOL,131,50,9,22,19,7,12,31
"2423010006",DHAVLIDOD,"2423",THE DANGS,"242301",AHWA,"2423010006",DHAVLIDOD,"24230108001",DHAVLIDOD PRIMARY SCHOOL,270,52,11,29,12,3,32,17
"2423010007",GADHAVI,"2423",THE DANGS,"242301",AHWA,"2423010007",GADHAVI,"24230110501",GADHAVI PRIMARY SCHOOL,298,54,24,14,16,13,29,12
"2423010008",GALKUND,"2423",THE DANGS,"242301",AHWA,"2423010008",GALKUND,"24230124801",PIPALPADA PRIMARY SCHOOL,69,49,14,15,20,11,15,23
"2423010009",LAHANCHARYA,"2423",THE DANGS,"242301",AHWA,"2423010009",LAHANCHARYA,"24230130201",VAKARIYA PRIMARY SCHOOL,65,48,0,5,43,0,5,43
"2423010010",LINGA,"2423",THE DANGS,"242301",AHWA,"2423010010",LINGA,"24230118201",KOSMBIYA PRIMARY SCHOOL,103,55,5,41,9,8,40,7
"2423010011",MAHALPADA,"2423",THE DANGS,"242301",AHWA,"2423010011",MAHALPADA,"24230123101",NANDANPEDA PRIMARY SCHOOL,143,52,18,21,13,13,30,9
"2423010012",MALEGAON,"2423",THE DANGS,"242301",AHWA,"2423010012",MALEGAON,"24230120801",MALEGAV PRIMARY SCHOOL,123,50,15,30,5,10,35,5
"2423010013",MORZIRA,"2423",THE DANGS,"242301",AHWA,"2423010013",MORZIRA,"24230121401",MOGRA PRIMARY SCHOOL,178,51,32,18,1,22,29,0
"2423010014",PIMPRI,"2423",THE DANGS,"242301",AHWA,"2423010014",PIMPRI,"24230105801",CHIKATIYA PRIMARY SCHOOL,136,50,3,23,24,3,19,28
"2423010015",SAMGAHAN,"2423",THE DANGS,"242301",AHWA,"2423010015",SAMGAHAN,"24230118501",KOTAMDAR PRIMARY SCHOOL,129,52,7,39,6,1,25,26
"2423010016",TANKALIPADA,"2423",THE DANGS,"242301",AHWA,"2423010016",TANKALIPADA,"24230158302",TAKLIPADA VARG,202,52,10,22,20,10,22,20
"2423020001",GARKHADI,"2423",THE DANGS,"242302",SUBIR,"2423020001",GARKHADI,"24230214601",ZARI PRIMARY SCHOOL,180,60,17,30,13,14,35,11
"2423020002",HANVATPADA,"2423",THE DANGS,"242302",SUBIR,"2423020002",HANVATPADA,"24230212601",HANVATPADA PRIMARY SCHOOL,129,57,14,25,18,9,27,21
"2423020003",KHAMBHLA,"2423",THE DANGS,"242302",SUBIR,"2423020003",KHAMBHLA,"24230208201",DHOLIYAUMBAR PRIMARY SCHOOL,125,50,10,23,17,11,25,14
"2423020004",LAVCHALI,"2423",THE DANGS,"242302",SUBIR,"2423020004",LAVCHALI,"24230228801",UGA PRIMARY SCHOOL,160,52,17,24,11,16,30,6
"2423020005",MAHAL,"2423",THE DANGS,"242302",SUBIR,"2423020005",MAHAL,"24230208301",DHOGIAMBA PRIMARY SCHOOL,133,50,13,25,12,9,19,22
"2423020006",PIPALDAHAD,"2423",THE DANGS,"242302",SUBIR,"2423020006",PIPALDAHAD,"24230224501",PIPALDAHAD PRIMARY SCHOOL,95,51,4,21,26,4,16,31
"2423020007",PIPLAYDEVI,"2423",THE DANGS,"242302",SUBIR,"2423020007",PIPLAYDEVI,"24230218101",KIRLI PRIMARY SCHOOL,139,50,22,19,9,18,23,9
"2423020008",SINGANA,"2423",THE DANGS,"242302",SUBIR,"2423020008",SINGANA,"24230221701",MOKHAMAL PRIMARY SCHOOL,163,50,19,28,3,18,29,3
"2423020009",SUBIR,"2423",THE DANGS,"242302",SUBIR,"2423020009",SUBIR,"24230227701",SUBIR PRIMARY SCHOOL,242,50,15,29,6,4,43,3
"2423020010",TIMBERTHAVA,"2423",THE DANGS,"242302",SUBIR,"2423020010",TIMBERTHAVA,"24230203901",BILIAMBA PRIMARY SCHOOL,222,55,0,18,37,0,13,42
"2423030001",BHESKATRI,"2423",THE DANGS,"242303",WAGHAI,"2423030001",BHESKATRI,"24230318301",KOSHIMDA PRIMARY SCHOOL,121,57,31,25,1,29,25,3
"2423030002",CHIKAR,"2423",THE DANGS,"242303",WAGHAI,"2423030002",CHIKAR,"24230314801",ZAVDA PRIMARY SCHOOL,148,50,4,22,24,4,22,24
"2423030003",DAGDIAMBA,"2423",THE DANGS,"242303",WAGHAI,"2423030003",DAGDIAMBA,"24230304801",BORPADA PRIMARY SCHOOL,102,57,8,28,21,3,23,31
"2423030004",GURUKUL BHADARPADA,"2423",THE DANGS,"242303",WAGHAI,"2423030004",GURUKUL BHADARPADA,"24230302401",BHADARPADA PRIMARY SCHOOL,60,44,11,16,17,11,18,15
"2423030005",KALIBEL,"2423",THE DANGS,"242303",WAGHAI,"2423030005",KALIBEL,"24230316001",KALIBEL PRIMARY SCHOOL,98,48,14,23,11,9,21,18
"2423030006",NADAGCHOND,"2423",THE DANGS,"242303",WAGHAI,"2423030006",NADAGCHOND,"24230312001",GUNDVAHAL PRIMARY SCHOOL,105,50,10,24,16,7,24,19
"2423030007",RAMBHAS,"2423",THE DANGS,"242303",WAGHAI,"2423030007",RAMBHAS,"24230309101",DOKPATAL PRIMARY SCHOOL,80,49,16,14,19,9,24,16
"2423030008",SAKARPATAL,"2423",THE DANGS,"242303",WAGHAI,"2423030008",SAKARPATAL,"24230325706",SAKARPATAL PRIMARY SCHOOL,78,48,8,14,26,7,13,28
"2423030009",SARVAR,"2423",THE DANGS,"242303",WAGHAI,"2423030009",SARVAR,"24230310801",GHODI PRIMARY SCHOOL,100,52,17,29,6,14,35,3
"2423030010",WAGHAI,"2423",THE DANGS,"242303",WAGHAI,"2423030010",WAGHAI,"24230331102",WAGHAI TALUKA SHALA,169,53,11,19,23,11,12,30
"2419020001",BHILAPUR,"2419",VADODARA,"241902",DABHOI,"2419020001",BHILAPUR,"24190201805",VANADARA PRIMARY SCHOOL,246,56,22,20,14,15,25,16
"2419020003",CHANVADA,"2419",VADODARA,"241902",DABHOI,"2419020003",CHANVADA,"24190202401",CHANVADA PRIMARY SCHOOL,126,52,18,29,5,23,21,8
"2419020004",DHARMPURI,"2419",VADODARA,"241902",DABHOI,"2419020004",DHARMPURI,"24190210401",VADAJ PRIMARY SCHOOL,66,34,14,17,3,9,20,5
"2419020005",FARTIKUI,"2419",VADODARA,"241902",DABHOI,"2419020005",FARTIKUI,"24190206801",NADA PRIMARY SCHOOL,71,54,14,32,8,17,36,1
"2419020006",KANYA SHALA - 1  DABHOI,"2419",VADODARA,"241902",DABHOI,"2419020006",KANYA SHALA - 1  DABHOI,"24190202611",KANYA SHALA - 4 PRI.SCH.,115,50,25,21,4,4,31,15
"2419020007",KARNET,"2419",VADODARA,"241902",DABHOI,"2419020007",KARNET,"24190204701",KARANET NARMADA VASAHAT-2 SCH,67,50,19,19,12,17,18,15
"2419020008",KAYAVAROHAN KUMAR,"2419",VADODARA,"241902",DABHOI,"2419020008",KAYAVAROHAN KUMAR,"24190205002",KAYA VAROHAN KANYA PRI.SCH.,211,60,32,15,13,32,20,8
"2419020009",KUMAR SHALA - 1   DABHOI,"2419",VADODARA,"241902",DABHOI,"2419020009",KUMAR SHALA - 1   DABHOI,"24190202607",SUNDARKUVA PRI.SCH.,206,56,28,25,3,26,25,5
"2419020010",KUNDHELA,"2419",VADODARA,"241902",DABHOI,"2419020010",KUNDHELA,"24190205404",KUNDHELA SCHOOL,142,46,11,27,8,4,29,13
"2419020011",MANDALA KUMAR,"2419",VADODARA,"241902",DABHOI,"2419020011",MANDALA KUMAR,"24190204801",KARMAL PRIMARY SCHOOL,88,46,17,25,4,17,27,2
"2419020012",SATHOD,"2419",VADODARA,"241902",DABHOI,"2419020012",SATHOD,"24190208801",SATHOD PRIMARY SCHOOL,163,51,11,28,12,8,33,10
"2419020013",SIMALIYA,"2419",VADODARA,"241902",DABHOI,"2419020013",SIMALIYA,"24190209305",N.V. SIMALIYA PRIMARY SCHOOL,75,48,4,19,25,4,22,22
"2419020014",THUVAVI KUMAR,"2419",VADODARA,"241902",DABHOI,"2419020014",THUVAVI KUMAR,"24190200401",ANGUTHANA PRIMARY SCHOOL,58,46,24,22,0,15,20,11
"2419020015",VASAI,"2419",VADODARA,"241902",DABHOI,"2419020015",VASAI,"24190208001",PRAYAGPURA PRIMARY SCHOOL,95,52,11,26,15,3,31,18
"2419140001",CHHALIYER,"2419",VADODARA,"241914",DESAR,"2419140001",CHHALIYER,"24191417202",NAVA SHIHORA PRI.SCH.,139,55,5,39,11,8,35,12
"2419140002",DAJIPURA,"2419",VADODARA,"241914",DESAR,"2419140002",DAJIPURA,"24191406601",JAMBU GORAL PRI.SCH.,67,51,19,32,0,20,31,0
"2419140003",DESAR,"2419",VADODARA,"241914",DESAR,"2419140003",DESAR,"24191406001",IANTVAD PRI.SCH.,124,52,34,18,0,36,16,0
"2419140004",DOLATPURA,"2419",VADODARA,"241914",DESAR,"2419140004",DOLATPURA,"24191407001",JESAR PRI.SCH.,65,46,12,13,21,11,14,21
"2419140005",LALAKHA,"2419",VADODARA,"241914",DESAR,"2419140005",LALAKHA,"24191408901",LALAKHA PRI.SCH.,96,51,24,16,11,21,18,12
"2419140006",PANDU,"2419",VADODARA,"241914",DESAR,"2419140006",PANDU,"24191422301",PANDUMEVAS GROUP SHALA,125,56,24,21,11,19,26,11
"2419140007",VARSADA,"2419",VADODARA,"241914",DESAR,"2419140007",VARSADA,"24191410501",MERA KUVA PRI.SCH.,133,49,8,23,18,6,23,20
"2419140008",VEJPUR,"2419",VADODARA,"241914",DESAR,"2419140008",VEJPUR,"24191420303",VACHCHHESAR PRI.SCH.,156,51,15,35,1,12,39,0
"2419040001",CHORANDA,"2419",VADODARA,"241904",KARJAN,"2419040001",CHORANDA,"24190401401",CHORANDA PRI. SCH.,194,53,18,32,3,24,25,4
"2419040002",GANDHARA,"2419",VADODARA,"241904",KARJAN,"2419040002",GANDHARA,"24190402501",GANPAT PURA PRI. SCH.,111,53,15,28,10,13,29,11
"2419040003",HANDOD,"2419",VADODARA,"241904",KARJAN,"2419040003",HANDOD,"24190403501",KANBHA PRI. SCH.,114,51,16,27,8,9,36,6
"2419040004",KARJAN-1,"2419",VADODARA,"241904",KARJAN,"2419040004",KARJAN-1,"24190403803",JALARAM NAGAR PRI. SCH.,381,54,5,26,23,3,25,26
"2419040005",KARJAN-2,"2419",VADODARA,"241904",KARJAN,"2419040005",KARJAN-2,"24190406202",MIYAGAM KANYA PRI. SCH.,130,42,10,15,17,13,13,16
"2419040006",KOLIYAD,"2419",VADODARA,"241904",KARJAN,"2419040006",KOLIYAD,"24190409101",VALAN KUMAR PRI. SCH.,308,52,27,11,14,14,17,21
"2419040007",MOTIKORAL,"2419",VADODARA,"241904",KARJAN,"2419040007",MOTIKORAL,"24190405301",LILOD PRI. SCH.,160,55,25,23,7,20,30,5
"2419040009",SANSROD,"2419",VADODARA,"241904",KARJAN,"2419040009",SANSROD,"24190406001",MESRAD PRI. SCH.,106,50,7,18,25,8,14,28
"2419040010",SIMLI,"2419",VADODARA,"241904",KARJAN,"2419040010",SIMLI,"24190407801",SAMRI PRI. SCH.,78,51,18,17,16,13,14,24
"2419070001",BHOJ,"2419",VADODARA,"241907",PADRA,"2419070001",BHOJ,"24190701202",P.R.PATEL PRIMARY KANYA SCHOOL,168,55,25,29,1,29,26,0
"2419070002",CHOKARI,"2419",VADODARA,"241907",PADRA,"2419070002",CHOKARI,"24190701801",CHOKARI PRIMARY SCHOOL,362,45,17,16,12,17,12,16
"2419070003",DABHASA,"2419",VADODARA,"241907",PADRA,"2419070003",DABHASA,"24190710801",UMRAYA PRIMARY SCHOOL,273,49,9,22,18,8,20,21
"2419070004",DABKA,"2419",VADODARA,"241907",PADRA,"2419070004",DABKA,"24190705801",MAHUVAD PRIMARY SCHOOL,250,53,17,25,11,14,35,4
"2419070005",DARAPURA,"2419",VADODARA,"241907",PADRA,"2419070005",DARAPURA,"24190701401",CHANSAD PRIMARY SCHOOL,141,53,17,24,12,17,29,7
"2419070006",JALALPURA,"2419",VADODARA,"241907",PADRA,"2419070006",JALALPURA,"24190708401",SADRA PRIMARY SCHOOL,155,50,15,25,10,1,19,30
"2419070007",JASPUR,"2419",VADODARA,"241907",PADRA,"2419070007",JASPUR,"24190704001",JASPUR PRIMARY SCHOOL,209,52,8,28,16,7,26,19
"2419070008",MASAR,"2419",VADODARA,"241907",PADRA,"2419070008",MASAR,"24190706101",MASAR PRIMARY SCHOOL,187,50,16,21,13,15,25,10
"2419070009",MUVAL,"2419",VADODARA,"241907",PADRA,"2419070009",MUVAL,"24190703001",GAMETHA PRIMARY SCHOOL,285,54,9,23,22,4,20,30
"2419070013",PADRA,"2419",VADODARA,"241907",PADRA,"2419070013",PADRA,"24190707205",JESIS JANKI VALLABH PRI.SCH.,269,60,15,32,13,13,26,21
"2419070010",RANU,"2419",VADODARA,"241907",PADRA,"2419070010",RANU,"24190708001",RANU KUMAR PRIMARY SCHOOL,158,50,20,11,19,22,8,20
"2419070011",SADHI,"2419",VADODARA,"241907",PADRA,"2419070011",SADHI,"24190700502",AANTI KANYA PRIMARY SCHOOL,183,46,25,20,1,32,14,0
"2419070012",SARSVANI,"2419",VADODARA,"241907",PADRA,"2419070012",SARSVANI,"24190709001",SEJA KUVA PRIMARY SCHOOL,128,53,14,28,11,4,40,9
"2419070014",VANCHHARA,"2419",VADODARA,"241907",PADRA,"2419070014",VANCHHARA,"24190709501",SOKHADA RAGHU PRIMARY SCHOOL,106,51,6,40,5,3,29,19
"2419070015",VISHRAMPURA,"2419",VADODARA,"241907",PADRA,"2419070015",VISHRAMPURA,"24190709701",SOMJIPURA PRIMARY SCHOOL,227,55,29,26,0,35,20,0
"2419090001",AANANDI NA MUVADA,"2419",VADODARA,"241909",SAVLI,"2419090001",AANANDI NA MUVADA,"24190904001",DHANTEJ PRI.SCH.,104,51,31,19,1,31,19,1
"2419090002",BHADARAWA,"2419",VADODARA,"241909",SAVLI,"2419090002",BHADARAWA,"24190910901",MOKSI PRI.SCH.,252,52,2,22,28,4,16,32
"2419090003",GOTHADA,"2419",VADODARA,"241909",SAVLI,"2419090003",GOTHADA,"24190905101",GOTHADA PRI.SCH.,205,57,16,31,10,12,33,12
"2419090004",INDRAD,"2419",VADODARA,"241909",SAVLI,"2419090004",INDRAD,"24190906201",INDRAD PRI.SCH.,107,52,33,9,10,20,26,6
"2419090005",KHAKHARIYA,"2419",VADODARA,"241909",SAVLI,"2419090005",KHAKHARIYA,"24190909502",LOTANA N.V. PRI.SCH.,134,60,21,30,9,23,24,13
"2419090006",MEVLI,"2419",VADODARA,"241909",SAVLI,"2419090006",MEVLI,"24190910701",MEVLI PRI.SCH.,216,52,19,22,11,13,25,14
"2419090007",PARTHAMPURA,"2419",VADODARA,"241909",SAVLI,"2419090007",PARTHAMPURA,"24190901001",AMRAPURA PRI.SCH.,172,52,20,20,12,22,11,19
"2419090008",POICHA,"2419",VADODARA,"241909",SAVLI,"2419090008",POICHA,"24190901601",BALANAPURA PRI.SCH.,165,50,1,13,36,1,6,43
"2419090009",SAMLAYA GAM,"2419",VADODARA,"241909",SAVLI,"2419090009",SAMLAYA GAM,"24190916202",SAMLAYA GAM PRI.SCH.,131,46,9,29,8,5,33,8
"2419090010",SAMLAYA STATION,"2419",VADODARA,"241909",SAVLI,"2419090010",SAMLAYA STATION,"24190920501",VEMAR PRI.SCH.,124,51,10,25,16,11,26,14
"2419090011",SAVLI,"2419",VADODARA,"241909",SAVLI,"2419090011",SAVLI,"24190916603",SAVLI KANYA PRI.SCH. - 1,257,60,14,35,11,7,47,6
"2419090012",TUNDAV,"2419",VADODARA,"241909",SAVLI,"2419090012",TUNDAV,"24190910301",MANJUSAR PRI.SCH.,466,60,11,34,15,10,25,25
"2419090013",VADIYA,"2419",VADODARA,"241909",SAVLI,"2419090013",VADIYA,"24190915202",RANIPURA PRI.SCH.,147,51,6,10,35,6,12,33
"2419090014",VANKANER,"2419",VADODARA,"241909",SAVLI,"2419090014",VANKANER,"24190912301",NATVARNAGAR PRI.SCH.,216,50,9,27,14,3,29,18
"2419100001",AVAKHAL,"2419",VADODARA,"241910",SHINOR,"2419100001",AVAKHAL,"24191000301",AAVAKHAL PRI.SCH.,139,60,35,24,1,27,24,9
"2419100002",MOTA FOFALIYA,"2419",VADODARA,"241910",SHINOR,"2419100002",MOTA FOFALIYA,"24191002101",MOTA FOFALIYA PRI.SCH.,109,52,20,21,11,14,27,11
"2419100003",PUNIYAD,"2419",VADODARA,"241910",SHINOR,"2419100003",PUNIYAD,"24191002501",PUNIYAD PRI SCH,80,41,30,11,0,32,8,1
"2419100004",SADHALI,"2419",VADODARA,"241910",SHINOR,"2419100004",SADHALI,"24191002602",SADHALI SHRESTH PRI SCH,194,60,39,19,2,28,31,1
"2419100005",SEGVA,"2419",VADODARA,"241910",SHINOR,"2419100005",SEGVA,"24191002201",MOTA KARALA PRI.SCH.,99,51,24,22,5,7,40,4
"2419100006",SURA SHAMAL,"2419",VADODARA,"241910",SHINOR,"2419100006",SURA SHAMAL,"24191003002",U.J. PATEL KANYA PRI.SCH.,126,48,5,35,8,8,19,21
"2419110001",ANGADH,"2419",VADODARA,"241911",VADODARA,"2419110001",ANGADH,"24191110301",RAMGADH PRI.SCH.,235,50,8,22,20,8,24,18
"2419110002",BAJWA-1,"2419",VADODARA,"241911",VADODARA,"2419110002",BAJWA-1,"24191101309",BAJWA 1 GROUP SCH,163,60,37,22,1,18,35,7
"2419110003",BHAYALI,"2419",VADODARA,"241911",VADODARA,"2419110003",BHAYALI,"24191110901",RAYPURA PRI.SCH.,271,54,12,37,5,7,41,6
"2419110004",BIL,"2419",VADODARA,"241911",VADODARA,"2419110004",BIL,"24191101901",BIL PRI.SCH.,290,58,17,19,22,11,19,28
"2419110020",Dashrath,"2419",VADODARA,"241911",VADODARA,"2419110020",Dashrath,"24191105301",INDIRA NAGARA PRI SCH (DASHRATH),199,52,11,20,21,7,20,25
"2419110021",Dhaniyavi,"2419",VADODARA,"241911",VADODARA,"2419110021",Dhaniyavi,"24191114001",VADADALA PRI.SCH.,155,54,11,19,24,8,14,32
"2419110006",ITOLA STATION,"2419",VADODARA,"241911",VADODARA,"2419110006",ITOLA STATION,"24191105401",ITOLA STATION PRI.SCH.,144,55,13,24,18,12,21,22
"2419110009",KOTALI,"2419",VADODARA,"241911",VADODARA,"2419110009",KOTALI,"24191103701",DUMAD PRI.SCH.,261,60,15,24,21,14,28,18
"2419110010",KOYALI KUMAR,"2419",VADODARA,"241911",VADODARA,"2419110010",KOYALI KUMAR,"24191113801",UNDERA PRI.SCH.,231,60,22,24,14,22,21,17
"2419110011",NANDESARI,"2419",VADODARA,"241911",VADODARA,"2419110011",NANDESARI,"24191108801",NANDESARI PRI.SCH.,143,54,9,31,14,5,23,26
"2419110012",POR,"2419",VADODARA,"241911",VADODARA,"2419110012",POR,"24191109601",POR PRI.SCH.,336,60,4,31,25,5,24,31
"2419110013",RAGHAVPURA,"2419",VADODARA,"241911",VADODARA,"2419110013",RAGHAVPURA,"24191111301",SALAD PRI.SCH.,78,48,24,24,0,21,27,0
"2419110022",Ratanpur,"2419",VADODARA,"241911",VADODARA,"2419110022",Ratanpur,"24191106901",KELANPUR PRI.SCH.,137,55,11,24,20,11,24,20
"2419110014",SANKARDA,"2419",VADODARA,"241911",VADODARA,"2419110014",SANKARDA,"24191111801",SANKARDA PRI.SCH.,442,56,25,23,8,9,41,6
"2419110015",SEVASI,"2419",VADODARA,"241911",VADODARA,"2419110015",SEVASI,"24191107101",KHANPUR PRI.SCH.,142,59,12,22,25,9,36,14
"2419110017",SINDHROT,"2419",VADODARA,"241911",VADODARA,"2419110017",SINDHROT,"24191107501",KOTANA PRI.SCH.,283,52,15,32,5,12,36,4
"2419110016",SOKHADA,"2419",VADODARA,"241911",VADODARA,"2419110016",SOKHADA,"24191112601",SHOKHADA PRI.SCH.,218,60,12,16,32,12,16,32
"2419110019",VARNAMA,"2419",VADODARA,"241911",VADODARA,"2419110019",VARNAMA,"24191114301",VARNAMA PRI. SCH.,204,54,15,16,23,15,15,24
"2419130001",BABAJIPURA-13,"2419",VADODARA,"241913",VADODARA CORPORATION,"2419130001",BABAJIPURA-13,"24191300711",N.P. VADI SCHOOL NO-24,423,60,15,24,21,13,23,24
"2419130002",BABAJIPURA-17,"2419",VADODARA,"241913",VADODARA CORPORATION,"2419130002",BABAJIPURA-17,"24191301436",N.P. BABAJIPURA SCHOOL NO-26,393,60,13,27,20,7,26,27
"2419130003",BABAJIPURA-20,"2419",VADODARA,"241913",VADODARA CORPORATION,"2419130003",BABAJIPURA-20,"24191300707",N.P. BABAJIPURA SCHOOL NO-33,272,60,14,25,21,11,24,25
"2419130004",BABAJIPURA-7,"2419",VADODARA,"241913",VADODARA CORPORATION,"2419130004",BABAJIPURA-7,"24191302001",N.P. BABAJIPURA SCHOOL NO-7,408,60,16,18,26,14,16,30
"2419130019",CHHANI,"2419",VADODARA,"241913",VADODARA CORPORATION,"2419130019",CHHANI,"24191106602",KARODIYA - 2 PRI.SCH.,227,54,14,28,12,7,26,21
"2419130005",FATEPURA-1,"2419",VADODARA,"241913",VADODARA CORPORATION,"2419130005",FATEPURA-1,"24191104902",HARANI PRI SCH.,251,57,15,25,17,11,24,22
"2419130006",FATEPURA-11,"2419",VADODARA,"241913",VADODARA CORPORATION,"2419130006",FATEPURA-11,"24191305009",N.P. SHAHER SCHOOL NO-31,707,60,5,31,24,10,29,21
"2419130007",RAOPURA-7,"2419",VADODARA,"241913",VADODARA CORPORATION,"2419130007",RAOPURA-7,"24191303303",N.P. RAOPURA SCHOOL NO-7,163,60,15,26,19,11,28,21
"2419130008",SAYAJIGUNJ-1,"2419",VADODARA,"241913",VADODARA CORPORATION,"2419130008",SAYAJIGUNJ-1,"24191303504",N.P. SAYAJIGUNJ SCHOOL NO-10,78,49,12,13,24,15,14,20
"2419130009",SAYAJIGUNJ-11,"2419",VADODARA,"241913",VADODARA CORPORATION,"2419130009",SAYAJIGUNJ-11,"24191302612",N.P. SAYAJIGUNJ SCHOOL NO-5,426,60,19,24,17,17,16,27
"2419130010",SAYAJIGUNJ-21,"2419",VADODARA,"241913",VADODARA CORPORATION,"2419130010",SAYAJIGUNJ-21,"24191301601",N.P. SAYAJIGUNJ SCHOOL NO-45,413,60,11,32,17,8,30,22
"2419130011",SAYAJIGUNJ-31,"2419",VADODARA,"241913",VADODARA CORPORATION,"2419130011",SAYAJIGUNJ-31,"24191303809",CHANAKYA ENGLISH PRIMARY SCHOOL,512,0,0,0,0,0,0,0
"2419130012",SAYAJIGUNJ-6,"2419",VADODARA,"241913",VADODARA CORPORATION,"2419130012",SAYAJIGUNJ-6,"24191301203",N.P. SAYAJIGUNJ SCHOOL NO-47,282,0,0,0,0,0,0,0
"2419130013",SAYAJIGUNJ-8,"2419",VADODARA,"241913",VADODARA CORPORATION,"2419130013",SAYAJIGUNJ-8,"24191303503",N.P. SAYAJIGUNJ SCHOOL NO-46,432,0,0,0,0,0,0,0
"2419130014",SHAHER-1,"2419",VADODARA,"241913",VADODARA CORPORATION,"2419130014",SHAHER-1,"24191304004",N.P. FATEPURA SCHOOL NO-13,261,60,18,30,12,13,33,14
"2419130015",SHAHER-16,"2419",VADODARA,"241913",VADODARA CORPORATION,"2419130015",SHAHER-16,"24191302915",N.P. SHAHER SCHOOL NO-29,486,59,14,33,12,8,31,20
"2419130016",SHAHER-22,"2419",VADODARA,"241913",VADODARA CORPORATION,"2419130016",SHAHER-22,"24191305017",KAVI DULA KAG PRI SCHOOL (ENG),396,0,0,0,0,0,0,0
"2419130017",VADI-1,"2419",VADODARA,"241913",VADODARA CORPORATION,"2419130017",VADI-1,"24191303113",N.P. VADI SCHOOL N0-32,452,59,16,26,17,11,24,24
"2419130018",WADI-25,"2419",VADODARA,"241913",VADODARA CORPORATION,"2419130018",WADI-25,"24191104101",GANGRETIYA  PRI.SCH.,341,60,17,28,15,13,29,18
"2419120001",AAMODAR,"2419",VADODARA,"241912",VAGHODIYA,"2419120001",AAMODAR,"24191200501",AALVA PRI.SCH.,119,50,11,25,14,10,27,13
"2419120002",AASOJ,"2419",VADODARA,"241912",VAGHODIYA,"2419120002",AASOJ,"24191200902",RAJPURA PRI. SCH,154,50,5,20,25,2,24,24
"2419120003",BHANIYARA,"2419",VADODARA,"241912",VAGHODIYA,"2419120003",BHANIYARA,"24191206901",KOTAMBI PRI.SCH.,165,52,17,17,18,14,19,19
"2419120004",GORAJ,"2419",VADODARA,"241912",VAGHODIYA,"2419120004",GORAJ,"24191203901",GORAJ PRI.SCH.,69,49,6,20,23,8,15,26
"2419120005",GUTAL,"2419",VADODARA,"241912",VAGHODIYA,"2419120005",GUTAL,"24191204306",GUTAL PRI. SCH.,162,51,5,17,29,4,22,25
"2419120006",JAROD,"2419",VADODARA,"241912",VAGHODIYA,"2419120006",JAROD,"24191205202",JAROD KANYA PRI.SCH.,127,60,15,15,30,10,19,31
"2419120007",PUNITNAGAR,"2419",VADODARA,"241912",VAGHODIYA,"2419120007",PUNITNAGAR,"24191212001",SIKANDAR PURA PRI.SCH.,96,51,6,39,6,5,37,9
"2419120008",RASULABAD,"2419",VADODARA,"241912",VAGHODIYA,"2419120008",RASULABAD,"24191210601",RAVAL PRI.SCH.,125,51,9,22,20,8,28,15
"2419120009",RUSTAMPURA,"2419",VADODARA,"241912",VAGHODIYA,"2419120009",RUSTAMPURA,"24191211201",RUSTAM PURA PRI.SCH.,79,45,18,14,13,16,14,15
"2419120010",SAIDAL,"2419",VADODARA,"241912",VAGHODIYA,"2419120010",SAIDAL,"24191206703",KHERVADI N.V. - 2 PRI.SCH.,89,54,31,20,3,26,26,2
"2419120011",SANGADOL,"2419",VADODARA,"241912",VAGHODIYA,"2419120011",SANGADOL,"24191211501",SANGADOL PRI.SCH.,77,51,9,28,14,5,31,15
"2419120012",VAGHODIYA,"2419",VADODARA,"241912",VAGHODIYA,"2419120012",VAGHODIYA,"24191213201",VAGHODIYA KUMAR SHALA,416,60,11,21,28,14,24,22
"2419120013",VYARA,"2419",VADODARA,"241912",VAGHODIYA,"2419120013",VYARA,"24191203101",FLOD PRI.SCH.,146,53,26,11,16,24,18,11
"2425040001",AMBATALAT,"2425",VALSAD,"242504",DHARAMPUR,"2425040001",AMBATALAT,"24250403401",KHANDA PRA. SHALA,188,51,15,17,19,16,18,17
"2425040002",BAMTI,"2425",VALSAD,"242504",DHARAMPUR,"2425040002",BAMTI,"24250403901",MRUGMAAD PRA. SHALA,93,45,13,13,19,11,18,16
"2425040003",BAROLIYA,"2425",VALSAD,"242504",DHARAMPUR,"2425040003",BAROLIYA,"24250402401",KAKADKUVA PRA. SHALA,94,50,9,17,24,4,25,21
"2425040004",BHESDARA,"2425",VALSAD,"242504",DHARAMPUR,"2425040004",BHESDARA,"24250400302",KELAVNI PATEL F. PRA. SHALA,111,50,6,21,23,3,17,30
"2425040005",BILPUDI,"2425",VALSAD,"242504",DHARAMPUR,"2425040005",BILPUDI,"24250405406",VIDYAMANDIR SHERIMAL PRATHMIK SHALA,241,50,2,14,34,1,14,35
"2425040006",BOPI,"2425",VALSAD,"242504",DHARAMPUR,"2425040006",BOPI,"24250410701",BOPI BARDA PRA. SHALA,144,50,22,19,9,20,20,10
"2425040007",GUNDIYA,"2425",VALSAD,"242504",DHARAMPUR,"2425040007",GUNDIYA,"24250405701",KHADKI PRA. SHALA,194,60,15,25,20,11,33,16
"2425040008",HANMATMAL,"2425",VALSAD,"242504",DHARAMPUR,"2425040008",HANMATMAL,"24250410602",HANMATMAL PRA. SHALA,161,54,16,27,11,11,27,16
"2425040009",JAMLIYA,"2425",VALSAD,"242504",DHARAMPUR,"2425040009",JAMLIYA,"24250409101",JAMLIYA PRA. SHALA,129,50,38,12,0,31,16,3
"2425040010",KARANJVERI,"2425",VALSAD,"242504",DHARAMPUR,"2425040010",KARANJVERI,"24250403001",KARANJVERI PRA. SHALA,126,50,11,22,17,6,25,19
"2425040011",KUMAR SHALA,"2425",VALSAD,"242504",DHARAMPUR,"2425040011",KUMAR SHALA,"24250400104",VIJAY RAJMAHAL ROAD PRA.SHALA,321,60,10,26,24,5,40,15
"2425040012",LAKADMAAD,"2425",VALSAD,"242504",DHARAMPUR,"2425040012",LAKADMAAD,"24250402101",TISKRITALAT PRA. SHALA,148,55,14,16,25,10,19,26
"2425040013",MAKADBAN,"2425",VALSAD,"242504",DHARAMPUR,"2425040013",MAKADBAN,"24250400701",MULGAM VARG SCHOOL,133,50,16,19,15,15,27,8
"2425040014",MOTI KORVAD,"2425",VALSAD,"242504",DHARAMPUR,"2425040014",MOTI KORVAD,"24250407901",MOTI KORVAD PRA. SHALA,152,55,32,22,1,28,26,1
"2425040015",PENDHA,"2425",VALSAD,"242504",DHARAMPUR,"2425040015",PENDHA,"24250400802",PRA. SHALA BIJURPADA VARG,94,49,21,24,4,28,16,5
"2425040016",PINDVAL,"2425",VALSAD,"242504",DHARAMPUR,"2425040016",PINDVAL,"24250407101",PRI. SCHOOL PIPROL,172,50,12,24,14,11,25,14
"2425040017",SADADPADA,"2425",VALSAD,"242504",DHARAMPUR,"2425040017",SADADPADA,"24250409403",SADADPADA VARG SHALA,100,50,13,20,17,7,29,14
"2425040018",SIDUMBAR,"2425",VALSAD,"242504",DHARAMPUR,"2425040018",SIDUMBAR,"24250404702",AVDHA NAYAKPADA PRA.SHALA,176,52,27,21,4,20,27,5
"2425040019",TUTARKHED,"2425",VALSAD,"242504",DHARAMPUR,"2425040019",TUTARKHED,"24250406202",PRA. SHALA AVALKHANDI RASTA F.,122,56,12,33,11,11,35,10
"2425040020",VANKHAS,"2425",VALSAD,"242504",DHARAMPUR,"2425040020",VANKHAS,"24250408601",MAMABHACHA PRA. SHALA,183,55,14,34,7,10,34,11
"2425050001",AASLONA,"2425",VALSAD,"242505",KAPARADA,"2425050001",AASLONA,"24250507402",PRA. SHALA AASLONA MULGAM,103,57,13,28,16,7,33,17
"2425050002",AMBEJUNGLE,"2425",VALSAD,"242505",KAPARADA,"2425050002",AMBEJUNGLE,"24250501001",PRA. SHALA NILOSHI,244,50,9,22,19,9,19,22
"2425050004",ASALKANTI,"2425",VALSAD,"242505",KAPARADA,"2425050004",ASALKANTI,"24250509003",PRA. SHALA KARANJALI,263,60,42,18,0,30,29,1
"2425070006",BALCHONDI,"2425",VALSAD,"242505",KAPARADA,"2425050005",BALCHONDI,"24250506301",BALCHONDI PRI. SCHOOL,159,50,5,18,27,3,19,28
"2425050006",DABKHAL,"2425",VALSAD,"242505",KAPARADA,"2425050006",DABKHAL,"24250501101",PRA. SHALA DABKHAL,241,60,19,23,18,11,24,25
"2425050007",DIXAL,"2425",VALSAD,"242505",KAPARADA,"2425050007",DIXAL,"24250507101",PRA. SHALA CHAVSHALA,282,60,7,37,16,2,27,31
"2425050008",HUNDA,"2425",VALSAD,"242505",KAPARADA,"2425050008",HUNDA,"24250508301",VAVAR PRA. SHALA,257,57,37,20,0,21,36,0
"2425050009",KAPARADA,"2425",VALSAD,"242505",KAPARADA,"2425050009",KAPARADA,"24250500101",KAPARADA PRA. SHALA,229,59,14,21,24,11,25,23
"2425050010",KARCHOND,"2425",VALSAD,"242505",KAPARADA,"2425050010",KARCHOND,"24250512401",DAHIKHED PRA. SHALA,380,60,15,33,12,11,32,17
"2425050011",KHAREDI,"2425",VALSAD,"242505",KAPARADA,"2425050011",KHAREDI,"24250504501",PRA. SHALA MENDHA,143,52,16,30,6,11,37,4
"2425070011",KHAREDI,"2425",VALSAD,"242505",KAPARADA,"2425050011",KHAREDI,"24250504101",PRA. SHALA ARNAAI,296,0,0,0,0,0,0,0
"2425050012",MANALA,"2425",VALSAD,"242505",KAPARADA,"2425050012",MANALA,"24250503301",PRA. SHALA KHADAKVAD,151,54,18,32,4,17,35,2
"2425070013",MANDVA,"2425",VALSAD,"242505",KAPARADA,"2425050013",MANDVA,"24250503501",MANDVA PRA. SHALA,239,50,6,20,24,4,16,30
"2425050014",MOTA BHAVADA,"2425",VALSAD,"242505",KAPARADA,"2425050014",MOTA BHAVADA,"24250501701",PRA. SHALA MANI,163,60,30,26,4,20,36,4
"2425070015",MOTA PONDHA,"2425",VALSAD,"242505",KAPARADA,"2425050015",MOTA PONDHA,"24250505801",AADARSH PRA. SHALA MOTAPONDHA,133,55,6,26,23,4,13,38
"2425070016",NANA PONDHA,"2425",VALSAD,"242505",KAPARADA,"2425050016",NANA PONDHA,"24250504701",PRI. SCHOOL NANAPONDHA,246,54,6,17,31,1,21,32
"2425050017",NANI PALSAN,"2425",VALSAD,"242505",KAPARADA,"2425050017",NANI PALSAN,"24250509004",PRA. SHALA SAMARPADA,141,57,21,34,2,8,44,5
"2425070018",OZAR,"2425",VALSAD,"242505",KAPARADA,"2425050018",OZAR,"24250506501",KAKADKOPAR PRI. SCHOOL,124,49,11,15,23,5,10,34
"2425070019",PANAS,"2425",VALSAD,"242505",KAPARADA,"2425050019",PANAS,"24250504401",AAMDHA PRA. SHALA,183,52,13,24,15,8,29,15
"2425050020",SILDHA,"2425",VALSAD,"242505",KAPARADA,"2425050020",SILDHA,"24250502501",ASTOL PRIMARY SCHOOL,264,60,24,26,10,13,36,11
"2425050021",SUTHARPADA,"2425",VALSAD,"242505",KAPARADA,"2425050021",SUTHARPADA,"24250507601",SUTHARPADA PRA. SHALA,318,60,20,26,14,16,32,12
"2425050022",TUKWADA,"2425",VALSAD,"242505",KAPARADA,"2425050022",TUKWADA,"24250510801",PRA. SHALA TUKWADA,158,56,24,31,1,26,28,2
"2425050023",VADOLI,"2425",VALSAD,"242505",KAPARADA,"2425050023",VADOLI,"24250508601",VADOLI PRA. SHALA,164,56,35,21,0,27,28,1
"2425020001",AMBACH,"2425",VALSAD,"242502",PARDI,"2425020001",AMBACH,"24250208502",DUMLAV (PARSI FALIYA),96,52,1,12,39,1,9,42
"2425020002",DUNGRI MUKHYA,"2425",VALSAD,"242502",PARDI,"2425020002",DUNGRI MUKHYA,"24250206701",KHADKI PRA. SHALA,110,51,5,29,17,4,29,18
"2425070010",AMBHETI,"2425",VALSAD,"242502",PARDI,"2425020003",GOIMA,"24250204001",ARNALA PRA. SHALA,152,53,13,21,19,4,28,21
"2425020003",GOIMA,"2425",VALSAD,"242502",PARDI,"2425020003",GOIMA,"24250203901",GOIMA MUKHYA PRIMARY SCHOOL PM SHRI  GUJARAT,93,50,4,19,27,3,15,32
"2425020004",KOTLAV,"2425",VALSAD,"242502",PARDI,"2425020004",KOTLAV,"24250207201",UDWADAGAAM PRA. SHALA,133,50,5,23,22,4,14,32
"2425020005",MOTA WAGHCHHIPA,"2425",VALSAD,"242502",PARDI,"2425020005",MOTA WAGHCHHIPA,"24250201701",SANSKAR KENDRASHALA MOTAWAGHCHHIPA,95,45,6,17,22,10,13,22
"2425020006",PARDI KUMAR,"2425",VALSAD,"242502",PARDI,"2425020006",PARDI KUMAR,"24250205802",PARDI KANYASHALA-1,149,59,5,25,29,3,35,21
"2425020007",PARIYA,"2425",VALSAD,"242502",PARDI,"2425020007",PARIYA,"24250200201",PARIYA MUKHYA PRIMARY SCHOOL PM SHRI  GUJARAT,97,51,2,12,37,1,15,35
"2425020008",RENTLAV,"2425",VALSAD,"242502",PARDI,"2425020008",RENTLAV,"24250207601",ORWAD PRA. SHALA,176,60,19,21,20,17,20,23
"2425020009",SAMARPADA,"2425",VALSAD,"242502",PARDI,"2425020009",SAMARPADA,"24250206101",SAMARPADA MUKHYASHALA,97,50,7,21,22,3,25,22
"2425070009",SAMARPADA,"2425",VALSAD,"242502",PARDI,"2425020009",SAMARPADA,"24250206301",DHAGADMAAD PRA. SHALA,92,0,0,0,0,0,0,0
"2425020010",SONWADA,"2425",VALSAD,"242502",PARDI,"2425020010",SONWADA,"24250204401",SONWADA MUKHYA,66,42,5,16,21,4,16,22
"2425020011",SUKHESH,"2425",VALSAD,"242502",PARDI,"2425020011",SUKHESH,"24250200701",SUKHESH MUKHYA PRA SHALA,74,53,19,22,12,13,26,14
"2425030001",ANKLAAS,"2425",VALSAD,"242503",UMBERGAON,"2425030001",ANKLAAS,"24250303201",PRA. SHALA DHANOLI,153,53,17,31,5,18,29,6
"2425030002",BHAGATWADA,"2425",VALSAD,"242503",UMBERGAON,"2425030002",BHAGATWADA,"24250305201",PRA. SHALA BORLAI NO.1,61,44,11,20,13,4,23,17
"2425030003",DAHELI,"2425",VALSAD,"242503",UMBERGAON,"2425030003",DAHELI,"24250302801",PRIMARY SCHOOL BHILAD,251,60,18,28,14,8,38,14
"2425030004",DHODIPADA,"2425",VALSAD,"242503",UMBERGAON,"2425030004",DHODIPADA,"24250302601",PRA. SHALA SARAI,180,51,7,21,23,9,17,25
"2425030005",FANSA,"2425",VALSAD,"242503",UMBERGAON,"2425030005",FANSA,"24250300203",FANSA MACHHIWAD,108,49,1,8,40,1,6,42
"2425030006",KHATALWADA,"2425",VALSAD,"242503",UMBERGAON,"2425030006",KHATALWADA,"24250301301",KHATALWADA PRA SHALA,339,56,8,22,26,5,21,30
"2425030007",MANDA,"2425",VALSAD,"242503",UMBERGAON,"2425030007",MANDA,"24250303803",MANDA-NANKAPADA PRA SHALA,237,51,21,27,3,11,35,5
"2425030008",MAROLI,"2425",VALSAD,"242503",UMBERGAON,"2425030008",MAROLI,"24250301801",GUJARATI PRA.NARGOL MUKHYA SHALA,162,55,13,21,21,3,21,31
"2425030009",NAHULI,"2425",VALSAD,"242503",UMBERGAON,"2425030009",NAHULI,"24250303701",PRA. SHALA PUNAT MUKHYA,122,54,15,31,8,9,31,14
"2425030010",PALIKARAMBELI,"2425",VALSAD,"242503",UMBERGAON,"2425030010",PALIKARAMBELI,"24250304501",PRA. SHALA KALAI,165,51,8,21,22,8,21,22
"2425030011",SANJAN,"2425",VALSAD,"242503",UMBERGAON,"2425030011",SANJAN,"24250300907",A.B.SHALA SANJAAN STATION,340,60,7,18,35,6,15,39
"2425030012",SARIGAM,"2425",VALSAD,"242503",UMBERGAON,"2425030012",SARIGAM,"24250303501",AADARSH BUNYADI SHALA SARIGAM,432,60,15,25,20,2,34,24
"2425030013",SOLSUMBA,"2425",VALSAD,"242503",UMBERGAON,"2425030013",SOLSUMBA,"24250300301",PRA. SHALA SOLSUMBA CENTRAL,591,60,26,16,18,14,26,20
"2425030014",UMARGAM,"2425",VALSAD,"242503",UMBERGAON,"2425030014",UMARGAM,"24250300112",PADGAM MUKHYASHALA,385,52,11,21,20,6,28,18
"2425030015",VALWADA,"2425",VALSAD,"242503",UMBERGAON,"2425030015",VALWADA,"24250302803",TADAVPADA PRA. SHALA,115,55,9,29,17,7,31,17
"2425010001",ABRAMA,"2425",VALSAD,"242501",VALSAD,"2425010001",ABRAMA,"24250100701",ATAKPARDI PRA.SHALA,194,58,12,17,29,8,14,36
"2425010002",ATGAM,"2425",VALSAD,"242501",VALSAD,"2425010002",ATGAM,"24250106507",JIVAN SHIKSHAN SHALA ATGAM,103,53,1,36,16,0,18,35
"2425010003",BHADELI,"2425",VALSAD,"242501",VALSAD,"2425010003",BHADELI,"24250106807",BHADELI MUKHYA SHALA,78,45,2,9,34,3,6,36
"2425010004",DANDI,"2425",VALSAD,"242501",VALSAD,"2425010004",DANDI,"24250107902",PRATHMIK SHALA KAKWADI,208,50,2,15,33,1,9,40
"2425010005",DIVED,"2425",VALSAD,"242501",VALSAD,"2425010005",DIVED,"24250102402",MAGODMANGELWAD PRA.SHALA,60,47,1,9,37,1,3,43
"2425010006",DUNGRI,"2425",VALSAD,"242501",VALSAD,"2425010006",DUNGRI,"24250107101",PURVA VIBHAG DUNGRI ST. SHALA,201,53,0,15,38,0,17,36
"2425010007",FALDHARA,"2425",VALSAD,"242501",VALSAD,"2425010007",FALDHARA,"24250105401",KAKADMATI PRA.SHALA,98,50,5,23,22,6,29,15
"2425010008",GORGAM,"2425",VALSAD,"242501",VALSAD,"2425010008",GORGAM,"24250109301",PRA. VIDYAMANDIR VAGHALDHARA,75,48,1,6,41,1,5,42
"2425010009",KALWADA,"2425",VALSAD,"242501",VALSAD,"2425010009",KALWADA,"24250105801",KALWADA PRA.SHALA,121,53,7,10,36,4,25,24
"2425010010",KANJANHARI,"2425",VALSAD,"242501",VALSAD,"2425010010",KANJANHARI,"24250104401",KANJANHARI PRA.SHALA,94,53,13,24,16,10,26,17
"2425010011",KOSAMBA,"2425",VALSAD,"242501",VALSAD,"2425010011",KOSAMBA,"24250106701",BHAGDAWADA PRA.SHALA,67,51,3,14,34,3,14,34
"2425010012",MOGRAWADI,"2425",VALSAD,"242501",VALSAD,"2425010012",MOGRAWADI,"24250101101",GUNDLAV PRA.SHALA,327,60,12,17,31,8,20,32
"2425010013",MUKHY KUMAR,"2425",VALSAD,"242501",VALSAD,"2425010013",MUKHY KUMAR,"24250100110",PM SHRI SWAMI VIVEKANAND PRIMARY SCHOOL,142,56,9,25,22,7,27,22
"2425010015",PARNERA,"2425",VALSAD,"242501",VALSAD,"2425010015",PARNERA,"24250103302",DADRI FALIYA PRA.SHALA,110,55,14,23,18,10,25,20
"2425010016",RONVEL,"2425",VALSAD,"242501",VALSAD,"2425010016",RONVEL,"24250105201",BUNIYADI VIDYAMANDIR VANKAL,96,52,4,14,34,1,15,36
"2425010017",SARON,"2425",VALSAD,"242501",VALSAD,"2425010017",SARON,"24250107301",SARODHI PRA.SHALA,62,45,5,12,28,4,6,35
"2425060001",DEGAM,"2425",VALSAD,"242506",VAPI,"2425060001",DEGAM,"24250605102",KARVAD DHODIYAWAD SHALA,94,48,13,13,22,4,18,26
"2425070001",DEGAM,"2425",VALSAD,"242506",VAPI,"2425060001",DEGAM,"24250605601",PRA. SHALA KARAMKHAL,125,0,0,0,0,0,0,0
"2425060002",DUNGRA,"2425",VALSAD,"242506",VAPI,"2425060002",DUNGRA,"24250605007",AZADNAGAR HINDI PRA. SHALA,349,0,0,0,0,0,0,0
"2425070002",DUNGRA,"2425",VALSAD,"242506",VAPI,"2425060002",DUNGRA,"24250605301",PRA. MUKHYA SHALA LAVACHHA,56,0,0,0,0,0,0,0
"2425060003",GIDC  VAPI,"2425",VALSAD,"242506",VAPI,"2425060003",GIDC  VAPI,"24250601203",CHHIRI PRA. SHALA,741,60,11,21,28,4,24,32
"2425060004",RATA PATEL FALIYA,"2425",VALSAD,"242506",VAPI,"2425060004",RATA PATEL FALIYA,"24250600601",BALITHA MUKHYA SHALA,217,60,8,25,27,7,24,29
"2425070004",RATA PATEL FALIYA,"2425",VALSAD,"242506",VAPI,"2425060004",RATA PATEL FALIYA,"24250603402",RATA PATEL F. PRA. SHALA,131,0,0,0,0,0,0,0
"2425060005",SULPAD,"2425",VALSAD,"242506",VAPI,"2425060005",SULPAD,"24250601313",SULPAD MUKHYA SHALA,529,60,27,22,11,24,24,12
"2425060006",VAPI,"2425",VALSAD,"242506",VAPI,"2425060006",VAPI,"24250601314",KANYA VIDYAMANDIR VAPI,370,60,8,28,24,8,19,33
"2425060007",VATAR,"2425",VALSAD,"242506",VAPI,"2425060007",VATAR,"24250600602",BALITHA KOLIWAD PRA SHALA,244,60,15,20,25,9,24,27
